benefit_month,county,program_type,cases,recipients,children,adults,payments,avg_payment_per_case,avg_payment_per_recipient
2024-01-01,Anderson,TANF Basic,19,35,29,7,3801.1,198.63,107.21
2024-01-01,Andrews,TANF Basic,0,0,0,0,0.0,0.0,0.0
2024-01-01,Angelina,TANF Basic,27,53,41,12,5760.65,216.74,109.42
2024-01-01,Aransas,TANF Basic,11,26,19,7,2705.44,254.48,104.92
2024-01-01,Archer,TANF Basic,1,1,1,0,127.48,119.91,118.65
2024-01-01,Armstrong,TANF Basic,0,0,0,0,0.0,0.0,0.0
2024-01-01,Atascosa,TANF Basic,17,49,41,9,4421.63,259.94,89.46
2024-01-01,Austin,TANF Basic,1,4,3,1,446.69,420.16,103.94
2024-01-01,Bailey,TANF Basic,2,6,6,0,488.83,229.9,75.83
2024-01-01,Bandera,TANF Basic,2,3,2,1,343.45,161.53,106.55
2024-01-01,Bastrop,TANF Basic,18,29,23,6,3191.11,176.56,110.0
2024-01-01,Baylor,TANF Basic,3,9,9,0,654.24,205.13,76.11
2024-01-01,Bee,TANF Basic,10,20,17,3,2072.27,216.58,101.51
2024-01-01,Bell,TANF Basic,176,430,327,104,44513.35,252.23,103.57
2024-01-01,Bexar,TANF Basic,483,1120,902,219,113403.05,234.95,101.29
2024-01-01,Blanco,TANF Basic,0,0,0,0,0.0,0.0,0.0
2024-01-01,Borden,TANF Basic,0,0,0,0,0.0,0.0,0.0
2024-01-01,Bosque,TANF Basic,3,6,3,3,848.08,265.91,131.56
2024-01-01,Bowie,TANF Basic,37,77,62,16,8233.26,221.27,106.43
2024-01-01,Brazoria,TANF Basic,48,96,78,18,10114.85,211.43,105.78
2024-01-01,Brazos,TANF Basic,31,77,65,12,7264.02,235.61,93.9
2024-01-01,Brewster,TANF Basic,0,0,0,0,0.0,0.0,0.0
2024-01-01,Briscoe,TANF Basic,0,0,0,0,0.0,0.0,0.0
2024-01-01,Brooks,TANF Basic,6,13,10,3,1496.0,234.53,116.03
2024-01-01,Brown,TANF Basic,5,10,7,2,1131.48,212.86,117.01
2024-01-01,Burleson,TANF Basic,4,10,9,1,843.87,198.44,87.27
2024-01-01,Burnet,TANF Basic,4,8,6,1,810.16,190.51,107.72
2024-01-01,Caldwell,TANF Basic,4,10,6,3,1099.88,258.64,113.74
2024-01-01,Calhoun,TANF Basic,1,1,1,0,127.48,119.91,118.65
2024-01-01,Callahan,TANF Basic,1,1,1,0,127.48,119.91,118.65
2024-01-01,Cameron,TANF Basic,389,937,861,73,82189.35,211.23,87.73
2024-01-01,Camp,TANF Basic,2,5,5,0,439.32,206.61,81.78
2024-01-01,Carson,TANF Basic,1,2,2,0,183.31,172.43,85.31
2024-01-01,Cass,TANF Basic,6,12,10,2,1214.71,190.43,102.78
2024-01-01,Castro,TANF Basic,2,9,7,1,562.58,264.58,65.45
2024-01-01,Chambers,TANF Basic,5,13,9,4,1588.71,298.87,123.22
2024-01-01,Cherokee,TANF Basic,13,27,21,6,2889.81,226.52,107.59
2024-01-01,Childress,TANF Basic,1,1,1,0,127.48,119.91,118.65
2024-01-01,Clay,TANF Basic,2,3,2,1,448.8,211.07,139.24
2024-01-01,Cochran,TANF Basic,0,0,0,0,0.0,0.0,0.0
2024-01-01,Coke,TANF Basic,0,0,0,0,0.0,0.0,0.0
2024-01-01,Coleman,TANF Basic,1,3,3,0,256.01,240.8,79.42
2024-01-01,Collin,TANF Basic,88,223,172,52,21870.03,247.85,97.86
2024-01-01,Collingsworth,TANF Basic,0,0,0,0,0.0,0.0,0.0
2024-01-01,Colorado,TANF Basic,2,5,3,2,532.03,250.22,99.04
2024-01-01,Comal,TANF Basic,17,48,36,12,4691.33,275.8,97.03
2024-01-01,Comanche,TANF Basic,1,1,1,0,127.48,119.91,118.65
2024-01-01,Concho,TANF Basic,0,0,0,0,0.0,0.0,0.0
2024-01-01,Cooke,TANF Basic,4,9,6,2,1004.01,236.1,116.81
2024-01-01,Coryell,TANF Basic,27,67,52,14,6703.55,252.22,100.63
2024-01-01,Cottle,TANF Basic,0,0,0,0,0.0,0.0,0.0
2024-01-01,Crane,TANF Basic,0,0,0,0,0.0,0.0,0.0
2024-01-01,Crockett,TANF Basic,0,0,0,0,0.0,0.0,0.0
2024-01-01,Crosby,TANF Basic,1,4,4,0,305.52,287.38,71.09
2024-01-01,Culberson,TANF Basic,0,0,0,0,0.0,0.0,0.0
2024-01-01,Dallam,TANF Basic,0,0,0,0,0.0,0.0,0.0
2024-01-01,Dallas,TANF Basic,580,1377,1090,290,139069.97,239.58,100.96
2024-01-01,Dawson,TANF Basic,4,8,6,1,746.95,175.65,99.32
2024-01-01,Deaf Smith,TANF Basic,9,19,17,2,1854.2,218.01,95.88
2024-01-01,Delta,TANF Basic,2,4,3,1,504.64,237.33,117.42
2024-01-01,Denton,TANF Basic,81,203,162,41,19179.34,237.37,94.45
2024-01-01,Dewitt,TANF Basic,3,6,4,2,825.96,258.97,128.12
2024-01-01,Dickens,TANF Basic,0,0,0,0,0.0,0.0,0.0
2024-01-01,Dimmit,TANF Basic,3,13,11,2,1193.64,374.25,92.58
2024-01-01,Donley,TANF Basic,1,1,1,0,127.48,119.91,118.65
2024-01-01,Duval,TANF Basic,1,2,1,1,321.32,302.24,149.53
2024-01-01,Eastland,TANF Basic,6,13,12,1,1084.07,169.95,84.08
2024-01-01,Ector,TANF Basic,36,77,68,9,7234.53,200.14,93.52
2024-01-01,Edwards,TANF Basic,0,0,0,0,0.0,0.0,0.0
2024-01-01,El Paso,TANF Basic,285,663,548,116,64753.58,227.27,97.68
2024-01-01,Ellis,TANF Basic,23,57,44,13,5965.03,255.04,104.75
2024-01-01,Erath,TANF Basic,9,16,15,1,1577.12,185.43,97.86
2024-01-01,Falls,TANF Basic,5,16,14,2,1447.54,272.31,89.82
2024-01-01,Fannin,TANF Basic,10,21,17,4,2308.26,241.24,107.42
2024-01-01,Fayette,TANF Basic,1,3,2,1,148.55,139.72,46.09
2024-01-01,Fisher,TANF Basic,0,0,0,0,0.0,0.0,0.0
2024-01-01,Floyd,TANF Basic,2,3,2,1,338.18,159.05,104.92
2024-01-01,Foard,TANF Basic,0,0,0,0,0.0,0.0,0.0
2024-01-01,Fort Bend,TANF Basic,66,160,125,36,15191.77,230.48,94.9
2024-01-01,Franklin,TANF Basic,2,3,2,1,448.8,211.07,139.24
2024-01-01,Freestone,TANF Basic,5,14,12,2,1076.7,202.55,77.09
2024-01-01,Frio,TANF Basic,9,19,16,3,2006.96,235.97,103.77
2024-01-01,Gaines,TANF Basic,3,4,4,0,438.26,137.41,101.98
2024-01-01,Galveston,TANF Basic,53,97,83,13,9834.61,185.01,101.7
2024-01-01,Garza,TANF Basic,1,2,2,0,183.31,172.43,85.31
2024-01-01,Gillespie,TANF Basic,1,1,1,0,127.48,119.91,118.65
2024-01-01,Glasscock,TANF Basic,0,0,0,0,0.0,0.0,0.0
2024-01-01,Goliad,TANF Basic,1,2,2,0,183.31,172.43,85.31
2024-01-01,Gonzales,TANF Basic,1,5,4,1,247.58,232.87,46.09
2024-01-01,Gray,TANF Basic,2,6,5,1,609.99,286.88,94.62
2024-01-01,Grayson,TANF Basic,24,52,42,10,5348.72,218.74,103.71
2024-01-01,Gregg,TANF Basic,27,56,45,11,5929.21,223.08,106.13
2024-01-01,Grimes,TANF Basic,5,9,6,2,1080.91,203.34,125.75
2024-01-01,Guadalupe,TANF Basic,15,38,29,9,4060.27,272.8,107.97
2024-01-01,Hale,TANF Basic,3,12,10,2,1159.93,363.68,98.14
2024-01-01,Hall,TANF Basic,3,8,6,1,757.48,237.5,100.72
2024-01-01,Hamilton,TANF Basic,2,6,5,1,627.9,295.3,97.4
2024-01-01,Hansford,TANF Basic,0,0,0,0,0.0,0.0,0.0
2024-01-01,Hardeman,TANF Basic,2,5,4,1,555.21,261.12,103.35
2024-01-01,Hardin,TANF Basic,11,23,17,6,2462.08,231.59,109.12
2024-01-01,Harris,TANF Basic,915,2142,1709,437,214884.46,234.75,100.3
2024-01-01,Harrison,TANF Basic,16,40,34,6,3374.43,211.6,84.88
2024-01-01,Hartley,TANF Basic,1,3,2,1,371.89,349.81,115.38
2024-01-01,Haskell,TANF Basic,1,3,3,0,256.01,240.8,79.42
2024-01-01,Hays,TANF Basic,19,45,33,12,4605.99,240.69,102.07
2024-01-01,Hemphill,TANF Basic,0,0,0,0,0.0,0.0,0.0
2024-01-01,Henderson,TANF Basic,17,32,28,4,3344.93,196.64,103.77
2024-01-01,Hidalgo,TANF Basic,1131,3219,3077,127,256177.2,226.47,79.58
2024-01-01,Hill,TANF Basic,9,18,14,4,2017.49,237.21,110.46
2024-01-01,Hockley,TANF Basic,6,13,11,2,1383.27,216.85,107.29
2024-01-01,Hood,TANF Basic,11,19,16,3,2130.22,200.37,110.15
2024-01-01,Hopkins,TANF Basic,7,21,20,1,1842.61,247.6,85.75
2024-01-01,Houston,TANF Basic,10,24,20,3,2037.51,212.95,86.2
2024-01-01,Howard,TANF Basic,5,15,13,2,1434.89,269.94,95.39
2024-01-01,Hudspeth,TANF Basic,2,3,2,1,448.8,211.07,139.24
2024-01-01,Hunt,TANF Basic,23,54,38,16,6165.2,263.59,114.76
2024-01-01,Hutchinson,TANF Basic,5,10,6,3,1094.61,205.92,113.2
2024-01-01,Irion,TANF Basic,0,0,0,0,0.0,0.0,0.0
2024-01-01,Jack,TANF Basic,1,1,1,0,114.83,108.01,106.88
2024-01-01,Jackson,TANF Basic,2,4,3,1,499.37,234.86,116.19
2024-01-01,Jasper,TANF Basic,13,29,25,4,2866.63,224.7,98.82
2024-01-01,Jeff Davis,TANF Basic,0,0,0,0,0.0,0.0,0.0
2024-01-01,Jefferson,TANF Basic,106,257,199,59,25272.9,237.72,98.42
2024-01-01,Jim Hogg,TANF Basic,1,2,2,0,183.31,172.43,85.31
2024-01-01,Jim Wells,TANF Basic,17,44,33,11,4383.7,257.71,99.51
2024-01-01,Johnson,TANF Basic,29,61,52,9,5974.51,208.14,97.56
2024-01-01,Jones,TANF Basic,4,13,10,3,1395.91,328.25,108.27
2024-01-01,Karnes,TANF Basic,2,2,2,0,254.95,119.91,118.65
2024-01-01,Kaufman,TANF Basic,41,106,91,16,10204.4,246.11,95.93
2024-01-01,Kendall,TANF Basic,3,10,7,2,995.58,312.15,102.96
2024-01-01,Kenedy,TANF Basic,0,0,0,0,0.0,0.0,0.0
2024-01-01,Kent,TANF Basic,0,0,0,0,0.0,0.0,0.0
2024-01-01,Kerr,TANF Basic,3,6,5,1,682.68,214.05,105.9
2024-01-01,Kimble,TANF Basic,0,0,0,0,0.0,0.0,0.0
2024-01-01,King,TANF Basic,0,0,0,0,0.0,0.0,0.0
2024-01-01,Kinney,TANF Basic,0,0,0,0,0.0,0.0,0.0
2024-01-01,Kleberg,TANF Basic,19,49,36,13,5356.1,279.89,108.37
2024-01-01,Knox,TANF Basic,1,4,3,1,446.69,420.16,103.94
2024-01-01,La Salle,TANF Basic,0,0,0,0,0.0,0.0,0.0
2024-01-01,Lamar,TANF Basic,31,57,45,12,6362.21,206.36,111.73
2024-01-01,Lamb,TANF Basic,6,14,12,2,1310.58,205.46,93.83
2024-01-01,Lampasas,TANF Basic,4,8,6,1,603.67,141.95,80.26
2024-01-01,Lavaca,TANF Basic,1,1,1,0,127.48,119.91,118.65
2024-01-01,Lee,TANF Basic,4,6,5,1,759.59,178.62,117.83
2024-01-01,Leon,TANF Basic,3,10,9,1,862.83,270.53,89.23
2024-01-01,Liberty,TANF Basic,24,46,41,6,4767.18,194.96,103.19
2024-01-01,Limestone,TANF Basic,10,19,15,4,2210.29,231.0,114.29
2024-01-01,Lipscomb,TANF Basic,1,2,1,1,321.32,302.24,149.53
2024-01-01,Live Oak,TANF Basic,0,0,0,0,0.0,0.0,0.0
2024-01-01,Llano,TANF Basic,2,2,1,1,261.27,122.88,121.59
2024-01-01,Loving,TANF Basic,0,0,0,0,0.0,0.0,0.0
2024-01-01,Lubbock,TANF Basic,79,169,131,38,17450.51,221.81,103.45
2024-01-01,Lynn,TANF Basic,0,0,0,0,0.0,0.0,0.0
2024-01-01,Madison,TANF Basic,6,11,10,1,1139.91,178.7,106.09
2024-01-01,Marion,TANF Basic,2,2,2,0,254.95,119.91,118.65
2024-01-01,Martin,TANF Basic,0,0,0,0,0.0,0.0,0.0
2024-01-01,Mason,TANF Basic,0,0,0,0,0.0,0.0,0.0
2024-01-01,Matagorda,TANF Basic,13,28,25,3,2500.0,195.96,89.49
2024-01-01,Maverick,TANF Basic,16,46,38,8,3919.1,245.76,84.83
2024-01-01,Mcculloch,TANF Basic,1,4,4,0,305.52,287.38,71.09
2024-01-01,Mclennan,TANF Basic,65,153,120,33,15239.17,234.99,99.88
2024-01-01,Mcmullen,TANF Basic,0,0,0,0,0.0,0.0,0.0
2024-01-01,Medina,TANF Basic,9,19,15,4,1989.05,233.87,102.85
2024-01-01,Menard,TANF Basic,0,0,0,0,0.0,0.0,0.0
2024-01-01,Midland,TANF Basic,22,52,43,9,4885.17,218.81,94.72
2024-01-01,Milam,TANF Basic,5,11,9,2,1209.44,227.52,112.57
2024-01-01,Mills,TANF Basic,1,3,2,1,345.55,325.03,107.21
2024-01-01,Mitchell,TANF Basic,0,0,0,0,0.0,0.0,0.0
2024-01-01,Montague,TANF Basic,1,1,1,0,127.48,119.91,118.65
2024-01-01,Montgomery,TANF Basic,84,186,156,30,18646.26,222.01,100.32
2024-01-01,Moore,TANF Basic,5,12,10,2,1191.53,224.15,100.82
2024-01-01,Morris,TANF Basic,7,13,12,1,1282.13,172.28,99.44
2024-01-01,Motley,TANF Basic,0,0,0,0,0.0,0.0,0.0
2024-01-01,Nacogdoches,TANF Basic,13,24,19,4,2567.43,201.25,108.62
2024-01-01,Navarro,TANF Basic,19,43,37,6,4191.96,219.06,97.54
2024-01-01,Newton,TANF Basic,3,8,5,2,876.53,274.82,116.54
2024-01-01,Nolan,TANF Basic,2,2,2,0,254.95,119.91,118.65
2024-01-01,Nueces,TANF Basic,149,349,275,74,35268.7,236.96,101.0
2024-01-01,Ochiltree,TANF Basic,1,2,2,0,183.31,172.43,85.31
2024-01-01,Oldham,TANF Basic,0,0,0,0,0.0,0.0,0.0
2024-01-01,Orange,TANF Basic,30,77,59,19,7949.87,267.06,102.77
2024-01-01,Palo Pinto,TANF Basic,3,4,4,0,419.3,131.47,97.56
2024-01-01,Panola,TANF Basic,4,6,5,1,741.68,174.41,115.05
2024-01-01,Parker,TANF Basic,15,26,19,7,2982.52,200.39,115.66
2024-01-01,Parmer,TANF Basic,1,2,1,1,321.32,302.24,149.53
2024-01-01,Pecos,TANF Basic,0,0,0,0,0.0,0.0,0.0
2024-01-01,Polk,TANF Basic,18,35,29,7,3878.01,214.57,109.38
2024-01-01,Potter,TANF Basic,29,72,54,18,7593.78,264.55,105.49
2024-01-01,Presidio,TANF Basic,5,12,12,0,979.77,184.32,82.9
2024-01-01,Rains,TANF Basic,5,9,7,1,898.65,169.06,104.55
2024-01-01,Randall,TANF Basic,16,30,23,7,3172.15,198.92,105.44
2024-01-01,Reagan,TANF Basic,0,0,0,0,0.0,0.0,0.0
2024-01-01,Real,TANF Basic,0,0,0,0,0.0,0.0,0.0
2024-01-01,Red River,TANF Basic,7,21,20,1,1741.47,234.01,81.04
2024-01-01,Reeves,TANF Basic,6,12,10,2,1314.79,206.12,111.25
2024-01-01,Refugio,TANF Basic,3,5,3,2,705.86,221.31,131.39
2024-01-01,Roberts,TANF Basic,0,0,0,0,0.0,0.0,0.0
2024-01-01,Robertson,TANF Basic,4,12,10,2,1202.07,282.67,101.71
2024-01-01,Rockwall,TANF Basic,13,31,25,7,3330.18,261.03,106.88
2024-01-01,Runnels,TANF Basic,0,0,0,0,0.0,0.0,0.0
2024-01-01,Rusk,TANF Basic,4,9,7,1,884.96,208.1,102.96
2024-01-01,Sabine,TANF Basic,2,4,3,1,504.64,237.33,117.42
2024-01-01,San Jacinto,TANF Basic,7,15,13,2,1395.91,187.57,92.8
2024-01-01,San Juneine,TANF Basic,0,0,0,0,0.0,0.0,0.0
2024-01-01,San Patricio,TANF Basic,14,40,31,9,3690.48,267.02,92.83
2024-01-01,San Saba,TANF Basic,0,0,0,0,0.0,0.0,0.0
2024-01-01,Schleicher,TANF Basic,0,0,0,0,0.0,0.0,0.0
2024-01-01,Scurry,TANF Basic,6,12,10,2,1336.92,209.59,113.12
2024-01-01,Shackelford,TANF Basic,0,0,0,0,0.0,0.0,0.0
2024-01-01,Shelby,TANF Basic,5,8,7,0,732.2,137.74,97.35
2024-01-01,Sherman,TANF Basic,0,0,0,0,0.0,0.0,0.0
2024-01-01,Smith,TANF Basic,38,81,60,21,8990.74,234.91,111.57
2024-01-01,Somervell,TANF Basic,0,0,0,0,0.0,0.0,0.0
2024-01-01,Starr,TANF Basic,58,159,149,9,12619.07,215.81,79.36
2024-01-01,Stephens,TANF Basic,0,0,0,0,0.0,0.0,0.0
2024-01-01,Sterling,TANF Basic,0,0,0,0,0.0,0.0,0.0
2024-01-01,Stonewall,TANF Basic,0,0,0,0,0.0,0.0,0.0
2024-01-01,Sutton,TANF Basic,0,0,0,0,0.0,0.0,0.0
2024-01-01,Swisher,TANF Basic,1,5,4,1,496.21,466.74,92.37
2024-01-01,Tarrant,TANF Basic,395,988,800,190,97125.11,245.58,98.26
2024-01-01,Taylor,TANF Basic,48,90,69,21,8770.56,183.33,97.18
2024-01-01,Terrell,TANF Basic,0,0,0,0,0.0,0.0,0.0
2024-01-01,Terry,TANF Basic,5,16,12,4,1672.99,314.73,103.81
2024-01-01,Throckmorton,TANF Basic,0,0,0,0,0.0,0.0,0.0
2024-01-01,Titus,TANF Basic,5,16,13,3,1415.93,266.37,87.86
2024-01-01,Tom Green,TANF Basic,20,42,33,9,4397.39,217.7,104.94
2024-01-01,Travis,TANF Basic,159,340,253,88,37781.35,236.92,111.28
2024-01-01,Trinity,TANF Basic,2,4,3,1,376.11,176.89,87.51
2024-01-01,Tyler,TANF Basic,1,1,1,0,127.48,119.91,118.65
2024-01-01,Upshur,TANF Basic,10,17,15,2,1829.97,191.25,106.45
2024-01-01,Upton,TANF Basic,2,3,2,1,448.8,211.07,139.24
2024-01-01,Uvalde,TANF Basic,13,23,20,2,2193.43,171.93,97.21
2024-01-01,Val Verde,TANF Basic,29,72,56,17,7490.53,260.95,104.05
2024-01-01,Van Zandt,TANF Basic,9,17,16,1,1636.12,192.37,95.17
2024-01-01,Victoria,TANF Basic,19,33,28,6,3660.98,191.31,109.92
2024-01-01,Walker,TANF Basic,18,37,32,4,3376.53,186.82,92.43
2024-01-01,Waller,TANF Basic,11,34,31,3,3032.03,285.2,88.19
2024-01-01,Ward,TANF Basic,2,4,4,0,370.84,174.41,86.29
2024-01-01,Washington,TANF Basic,6,15,12,3,1498.11,234.86,99.6
2024-01-01,Webb,TANF Basic,115,317,297,19,25888.16,225.47,81.68
2024-01-01,Wharton,TANF Basic,10,16,12,4,1794.15,187.51,111.32
2024-01-01,Wheeler,TANF Basic,0,0,0,0,0.0,0.0,0.0
2024-01-01,Wichita,TANF Basic,52,110,89,21,10932.38,209.86,99.76
2024-01-01,Wilbarger,TANF Basic,3,8,5,2,821.75,257.65,109.26
2024-01-01,Willacy,TANF Basic,15,38,30,8,3509.28,235.78,93.32
2024-01-01,Williamson,TANF Basic,41,96,68,28,10429.85,251.55,109.07
2024-01-01,Wilson,TANF Basic,6,12,10,2,1309.53,205.29,110.8
2024-01-01,Winkler,TANF Basic,1,1,1,0,127.48,119.91,118.65
2024-01-01,Wise,TANF Basic,9,20,18,2,1852.09,217.76,90.73
2024-01-01,Wood,TANF Basic,12,26,23,2,2476.83,211.79,96.05
2024-01-01,Yoakum,TANF Basic,0,0,0,0,0.0,0.0,0.0
2024-01-01,Young,TANF Basic,6,11,9,2,1264.22,198.19,117.67
2024-01-01,Zapata,TANF Basic,4,13,9,4,1536.03,361.2,119.14
2024-01-01,Zavala,TANF Basic,5,8,6,1,869.15,163.51,115.56
2024-01-01,Anderson,TANF State Program,0,0,0,0,0.0,0.0,0.0
2024-01-01,Andrews,TANF State Program,0,0,0,0,0.0,0.0,0.0
2024-01-01,Angelina,TANF State Program,1,2,2,0,185.98,171.06,85.17
2024-01-01,Aransas,TANF State Program,1,5,3,2,122.92,113.06,22.52
2024-01-01,Archer,TANF State Program,0,0,0,0,0.0,0.0,0.0
2024-01-01,Armstrong,TANF State Program,0,0,0,0,0.0,0.0,0.0
2024-01-01,Atascosa,TANF State Program,1,5,3,2,361.27,332.29,66.18
2024-01-01,Austin,TANF State Program,0,0,0,0,0.0,0.0,0.0
2024-01-01,Bailey,TANF State Program,0,0,0,0,0.0,0.0,0.0
2024-01-01,Bandera,TANF State Program,0,0,0,0,0.0,0.0,0.0
2024-01-01,Bastrop,TANF State Program,1,3,1,2,412.57,379.48,125.96
2024-01-01,Baylor,TANF State Program,0,0,0,0,0.0,0.0,0.0
2024-01-01,Bee,TANF State Program,0,0,0,0,0.0,0.0,0.0
2024-01-01,Bell,TANF State Program,8,27,15,12,2595.16,341.0,95.07
2024-01-01,Bexar,TANF State Program,16,46,25,21,4901.72,300.57,106.89
2024-01-01,Blanco,TANF State Program,0,0,0,0,0.0,0.0,0.0
2024-01-01,Borden,TANF State Program,0,0,0,0,0.0,0.0,0.0
2024-01-01,Bosque,TANF State Program,0,0,0,0,0.0,0.0,0.0
2024-01-01,Bowie,TANF State Program,0,0,0,0,0.0,0.0,0.0
2024-01-01,Brazoria,TANF State Program,0,0,0,0,0.0,0.0,0.0
2024-01-01,Brazos,TANF State Program,0,0,0,0,0.0,0.0,0.0
2024-01-01,Brewster,TANF State Program,0,0,0,0,0.0,0.0,0.0
2024-01-01,Briscoe,TANF State Program,0,0,0,0,0.0,0.0,0.0
2024-01-01,Brooks,TANF State Program,0,0,0,0,0.0,0.0,0.0
2024-01-01,Brown,TANF State Program,0,0,0,0,0.0,0.0,0.0
2024-01-01,Burleson,TANF State Program,1,4,2,2,463.88,426.67,106.21
2024-01-01,Burnet,TANF State Program,0,0,0,0,0.0,0.0,0.0
2024-01-01,Caldwell,TANF State Program,0,0,0,0,0.0,0.0,0.0
2024-01-01,Calhoun,TANF State Program,0,0,0,0,0.0,0.0,0.0
2024-01-01,Callahan,TANF State Program,0,0,0,0,0.0,0.0,0.0
2024-01-01,Cameron,TANF State Program,7,23,12,11,2383.52,365.39,103.95
2024-01-01,Camp,TANF State Program,0,0,0,0,0.0,0.0,0.0
2024-01-01,Carson,TANF State Program,0,0,0,0,0.0,0.0,0.0
2024-01-01,Cass,TANF State Program,0,0,0,0,0.0,0.0,0.0
2024-01-01,Castro,TANF State Program,0,0,0,0,0.0,0.0,0.0
2024-01-01,Chambers,TANF State Program,0,0,0,0,0.0,0.0,0.0
2024-01-01,Cherokee,TANF State Program,0,0,0,0,0.0,0.0,0.0
2024-01-01,Childress,TANF State Program,0,0,0,0,0.0,0.0,0.0
2024-01-01,Clay,TANF State Program,0,0,0,0,0.0,0.0,0.0
2024-01-01,Cochran,TANF State Program,0,0,0,0,0.0,0.0,0.0
2024-01-01,Coke,TANF State Program,0,0,0,0,0.0,0.0,0.0
2024-01-01,Coleman,TANF State Program,0,0,0,0,0.0,0.0,0.0
2024-01-01,Collin,TANF State Program,8,28,23,5,2516.06,330.6,88.63
2024-01-01,Collingsworth,TANF State Program,0,0,0,0,0.0,0.0,0.0
2024-01-01,Colorado,TANF State Program,0,0,0,0,0.0,0.0,0.0
2024-01-01,Comal,TANF State Program,0,0,0,0,0.0,0.0,0.0
2024-01-01,Comanche,TANF State Program,0,0,0,0,0.0,0.0,0.0
2024-01-01,Concho,TANF State Program,0,0,0,0,0.0,0.0,0.0
2024-01-01,Cooke,TANF State Program,0,0,0,0,0.0,0.0,0.0
2024-01-01,Coryell,TANF State Program,0,0,0,0,0.0,0.0,0.0
2024-01-01,Cottle,TANF State Program,0,0,0,0,0.0,0.0,0.0
2024-01-01,Crane,TANF State Program,0,0,0,0,0.0,0.0,0.0
2024-01-01,Crockett,TANF State Program,0,0,0,0,0.0,0.0,0.0
2024-01-01,Crosby,TANF State Program,0,0,0,0,0.0,0.0,0.0
2024-01-01,Culberson,TANF State Program,0,0,0,0,0.0,0.0,0.0
2024-01-01,Dallam,TANF State Program,0,0,0,0,0.0,0.0,0.0
2024-01-01,Dallas,TANF State Program,10,33,16,16,3290.97,336.33,100.47
2024-01-01,Dawson,TANF State Program,0,0,0,0,0.0,0.0,0.0
2024-01-01,Deaf Smith,TANF State Program,0,0,0,0,0.0,0.0,0.0
2024-01-01,Delta,TANF State Program,0,0,0,0,0.0,0.0,0.0
2024-01-01,Denton,TANF State Program,1,3,3,0,259.73,238.89,79.29
2024-01-01,Dewitt,TANF State Program,0,0,0,0,0.0,0.0,0.0
2024-01-01,Dickens,TANF State Program,0,0,0,0,0.0,0.0,0.0
2024-01-01,Dimmit,TANF State Program,0,0,0,0,0.0,0.0,0.0
2024-01-01,Donley,TANF State Program,0,0,0,0,0.0,0.0,0.0
2024-01-01,Duval,TANF State Program,1,3,2,1,377.3,347.04,115.19
2024-01-01,Eastland,TANF State Program,1,2,1,1,326.0,299.85,149.29
2024-01-01,Ector,TANF State Program,1,1,1,0,129.33,118.96,118.45
2024-01-01,Edwards,TANF State Program,0,0,0,0,0.0,0.0,0.0
2024-01-01,El Paso,TANF State Program,12,41,22,20,3654.38,305.57,88.08
2024-01-01,Ellis,TANF State Program,0,0,0,0,0.0,0.0,0.0
2024-01-01,Erath,TANF State Program,0,0,0,0,0.0,0.0,0.0
2024-01-01,Falls,TANF State Program,0,0,0,0,0.0,0.0,0.0
2024-01-01,Fannin,TANF State Program,0,0,0,0,0.0,0.0,0.0
2024-01-01,Fayette,TANF State Program,0,0,0,0,0.0,0.0,0.0
2024-01-01,Fisher,TANF State Program,0,0,0,0,0.0,0.0,0.0
2024-01-01,Floyd,TANF State Program,0,0,0,0,0.0,0.0,0.0
2024-01-01,Foard,TANF State Program,0,0,0,0,0.0,0.0,0.0
2024-01-01,Fort Bend,TANF State Program,2,5,3,2,300.35,138.13,55.02
2024-01-01,Franklin,TANF State Program,0,0,0,0,0.0,0.0,0.0
2024-01-01,Freestone,TANF State Program,0,0,0,0,0.0,0.0,0.0
2024-01-01,Frio,TANF State Program,1,1,0,1,157.12,144.52,143.9
2024-01-01,Gaines,TANF State Program,0,0,0,0,0.0,0.0,0.0
2024-01-01,Galveston,TANF State Program,0,0,0,0,0.0,0.0,0.0
2024-01-01,Garza,TANF State Program,0,0,0,0,0.0,0.0,0.0
2024-01-01,Gillespie,TANF State Program,0,0,0,0,0.0,0.0,0.0
2024-01-01,Glasscock,TANF State Program,0,0,0,0,0.0,0.0,0.0
2024-01-01,Goliad,TANF State Program,0,0,0,0,0.0,0.0,0.0
2024-01-01,Gonzales,TANF State Program,0,0,0,0,0.0,0.0,0.0
2024-01-01,Gray,TANF State Program,0,0,0,0,0.0,0.0,0.0
2024-01-01,Grayson,TANF State Program,2,7,3,3,710.78,326.88,108.5
2024-01-01,Gregg,TANF State Program,2,4,2,2,541.9,249.22,124.08
2024-01-01,Grimes,TANF State Program,0,0,0,0,0.0,0.0,0.0
2024-01-01,Guadalupe,TANF State Program,1,2,2,0,129.33,118.96,59.23
2024-01-01,Hale,TANF State Program,1,3,2,1,377.3,347.04,115.19
2024-01-01,Hall,TANF State Program,0,0,0,0,0.0,0.0,0.0
2024-01-01,Hamilton,TANF State Program,0,0,0,0,0.0,0.0,0.0
2024-01-01,Hansford,TANF State Program,0,0,0,0,0.0,0.0,0.0
2024-01-01,Hardeman,TANF State Program,0,0,0,0,0.0,0.0,0.0
2024-01-01,Hardin,TANF State Program,1,2,2,0,161.4,148.45,73.91
2024-01-01,Harris,TANF State Program,20,73,41,32,6774.34,346.16,92.6
2024-01-01,Harrison,TANF State Program,0,0,0,0,0.0,0.0,0.0
2024-01-01,Hartley,TANF State Program,0,0,0,0,0.0,0.0,0.0
2024-01-01,Haskell,TANF State Program,0,0,0,0,0.0,0.0,0.0
2024-01-01,Hays,TANF State Program,1,3,1,2,412.57,379.48,125.96
2024-01-01,Hemphill,TANF State Program,0,0,0,0,0.0,0.0,0.0
2024-01-01,Henderson,TANF State Program,2,8,3,4,566.49,260.52,74.12
2024-01-01,Hidalgo,TANF State Program,15,59,37,22,5406.22,355.18,91.69
2024-01-01,Hill,TANF State Program,3,11,5,5,1276.2,391.28,116.88
2024-01-01,Hockley,TANF State Program,0,0,0,0,0.0,0.0,0.0
2024-01-01,Hood,TANF State Program,0,0,0,0,0.0,0.0,0.0
2024-01-01,Hopkins,TANF State Program,0,0,0,0,0.0,0.0,0.0
2024-01-01,Houston,TANF State Program,0,0,0,0,0.0,0.0,0.0
2024-01-01,Howard,TANF State Program,0,0,0,0,0.0,0.0,0.0
2024-01-01,Hudspeth,TANF State Program,0,0,0,0,0.0,0.0,0.0
2024-01-01,Hunt,TANF State Program,0,0,0,0,0.0,0.0,0.0
2024-01-01,Hutchinson,TANF State Program,0,0,0,0,0.0,0.0,0.0
2024-01-01,Irion,TANF State Program,0,0,0,0,0.0,0.0,0.0
2024-01-01,Jack,TANF State Program,0,0,0,0,0.0,0.0,0.0
2024-01-01,Jackson,TANF State Program,0,0,0,0,0.0,0.0,0.0
2024-01-01,Jasper,TANF State Program,0,0,0,0,0.0,0.0,0.0
2024-01-01,Jeff Davis,TANF State Program,0,0,0,0,0.0,0.0,0.0
2024-01-01,Jefferson,TANF State Program,4,15,10,5,1510.28,347.28,98.8
2024-01-01,Jim Hogg,TANF State Program,0,0,0,0,0.0,0.0,0.0
2024-01-01,Jim Wells,TANF State Program,0,0,0,0,0.0,0.0,0.0
2024-01-01,Johnson,TANF State Program,0,0,0,0,0.0,0.0,0.0
2024-01-01,Jones,TANF State Program,0,0,0,0,0.0,0.0,0.0
2024-01-01,Karnes,TANF State Program,0,0,0,0,0.0,0.0,0.0
2024-01-01,Kaufman,TANF State Program,0,0,0,0,0.0,0.0,0.0
2024-01-01,Kendall,TANF State Program,0,0,0,0,0.0,0.0,0.0
2024-01-01,Kenedy,TANF State Program,0,0,0,0,0.0,0.0,0.0
2024-01-01,Kent,TANF State Program,0,0,0,0,0.0,0.0,0.0
2024-01-01,Kerr,TANF State Program,0,0,0,0,0.0,0.0,0.0
2024-01-01,Kimble,TANF State Program,0,0,0,0,0.0,0.0,0.0
2024-01-01,King,TANF State Program,0,0,0,0,0.0,0.0,0.0
2024-01-01,Kinney,TANF State Program,1,3,1,2,313.17,288.05,95.61
2024-01-01,Kleberg,TANF State Program,1,3,1,2,412.57,379.48,125.96
2024-01-01,Knox,TANF State Program,0,0,0,0,0.0,0.0,0.0
2024-01-01,La Salle,TANF State Program,0,0,0,0,0.0,0.0,0.0
2024-01-01,Lamar,TANF State Program,1,4,2,2,417.92,384.39,95.69
2024-01-01,Lamb,TANF State Program,0,0,0,0,0.0,0.0,0.0
2024-01-01,Lampasas,TANF State Program,1,4,2,2,463.88,426.67,106.21
2024-01-01,Lavaca,TANF State Program,0,0,0,0,0.0,0.0,0.0
2024-01-01,Lee,TANF State Program,0,0,0,0,0.0,0.0,0.0
2024-01-01,Leon,TANF State Program,0,0,0,0,0.0,0.0,0.0
2024-01-01,Liberty,TANF State Program,0,0,0,0,0.0,0.0,0.0
2024-01-01,Limestone,TANF State Program,0,0,0,0,0.0,0.0,0.0
2024-01-01,Lipscomb,TANF State Program,0,0,0,0,0.0,0.0,0.0
2024-01-01,Live Oak,TANF State Program,0,0,0,0,0.0,0.0,0.0
2024-01-01,Llano,TANF State Program,0,0,0,0,0.0,0.0,0.0
2024-01-01,Loving,TANF State Program,0,0,0,0,0.0,0.0,0.0
2024-01-01,Lubbock,TANF State Program,0,0,0,0,0.0,0.0,0.0
2024-01-01,Lynn,TANF State Program,0,0,0,0,0.0,0.0,0.0
2024-01-01,Madison,TANF State Program,0,0,0,0,0.0,0.0,0.0
2024-01-01,Marion,TANF State Program,0,0,0,0,0.0,0.0,0.0
2024-01-01,Martin,TANF State Program,0,0,0,0,0.0,0.0,0.0
2024-01-01,Mason,TANF State Program,0,0,0,0,0.0,0.0,0.0
2024-01-01,Matagorda,TANF State Program,0,0,0,0,0.0,0.0,0.0
2024-01-01,Maverick,TANF State Program,0,0,0,0,0.0,0.0,0.0
2024-01-01,Mcculloch,TANF State Program,0,0,0,0,0.0,0.0,0.0
2024-01-01,Mclennan,TANF State Program,1,4,3,1,453.19,416.84,103.77
2024-01-01,Mcmullen,TANF State Program,0,0,0,0,0.0,0.0,0.0
2024-01-01,Medina,TANF State Program,1,5,3,2,537.63,494.5,98.48
2024-01-01,Menard,TANF State Program,0,0,0,0,0.0,0.0,0.0
2024-01-01,Midland,TANF State Program,0,0,0,0,0.0,0.0,0.0
2024-01-01,Milam,TANF State Program,0,0,0,0,0.0,0.0,0.0
2024-01-01,Mills,TANF State Program,0,0,0,0,0.0,0.0,0.0
2024-01-01,Mitchell,TANF State Program,0,0,0,0,0.0,0.0,0.0
2024-01-01,Montague,TANF State Program,0,0,0,0,0.0,0.0,0.0
2024-01-01,Montgomery,TANF State Program,2,12,8,4,1127.63,518.59,93.89
2024-01-01,Moore,TANF State Program,0,0,0,0,0.0,0.0,0.0
2024-01-01,Morris,TANF State Program,0,0,0,0,0.0,0.0,0.0
2024-01-01,Motley,TANF State Program,0,0,0,0,0.0,0.0,0.0
2024-01-01,Nacogdoches,TANF State Program,0,0,0,0,0.0,0.0,0.0
2024-01-01,Navarro,TANF State Program,0,0,0,0,0.0,0.0,0.0
2024-01-01,Newton,TANF State Program,0,0,0,0,0.0,0.0,0.0
2024-01-01,Nolan,TANF State Program,0,0,0,0,0.0,0.0,0.0
2024-01-01,Nueces,TANF State Program,8,25,13,12,2640.05,346.9,105.13
2024-01-01,Ochiltree,TANF State Program,0,0,0,0,0.0,0.0,0.0
2024-01-01,Oldham,TANF State Program,0,0,0,0,0.0,0.0,0.0
2024-01-01,Orange,TANF State Program,0,0,0,0,0.0,0.0,0.0
2024-01-01,Palo Pinto,TANF State Program,0,0,0,0,0.0,0.0,0.0
2024-01-01,Panola,TANF State Program,0,0,0,0,0.0,0.0,0.0
2024-01-01,Parker,TANF State Program,2,11,7,4,1053.88,484.67,96.52
2024-01-01,Parmer,TANF State Program,0,0,0,0,0.0,0.0,0.0
2024-01-01,Pecos,TANF State Program,0,0,0,0,0.0,0.0,0.0
2024-01-01,Polk,TANF State Program,0,0,0,0,0.0,0.0,0.0
2024-01-01,Potter,TANF State Program,1,4,2,2,463.88,426.67,106.21
2024-01-01,Presidio,TANF State Program,0,0,0,0,0.0,0.0,0.0
2024-01-01,Rains,TANF State Program,0,0,0,0,0.0,0.0,0.0
2024-01-01,Randall,TANF State Program,0,0,0,0,0.0,0.0,0.0
2024-01-01,Reagan,TANF State Program,0,0,0,0,0.0,0.0,0.0
2024-01-01,Real,TANF State Program,0,0,0,0,0.0,0.0,0.0
2024-01-01,Red River,TANF State Program,0,0,0,0,0.0,0.0,0.0
2024-01-01,Reeves,TANF State Program,0,0,0,0,0.0,0.0,0.0
2024-01-01,Refugio,TANF State Program,0,0,0,0,0.0,0.0,0.0
2024-01-01,Roberts,TANF State Program,0,0,0,0,0.0,0.0,0.0
2024-01-01,Robertson,TANF State Program,0,0,0,0,0.0,0.0,0.0
2024-01-01,Rockwall,TANF State Program,0,0,0,0,0.0,0.0,0.0
2024-01-01,Runnels,TANF State Program,0,0,0,0,0.0,0.0,0.0
2024-01-01,Rusk,TANF State Program,1,4,2,2,463.88,426.67,106.21
2024-01-01,Sabine,TANF State Program,0,0,0,0,0.0,0.0,0.0
2024-01-01,San Jacinto,TANF State Program,0,0,0,0,0.0,0.0,0.0
2024-01-01,San Juneine,TANF State Program,0,0,0,0,0.0,0.0,0.0
2024-01-01,San Patricio,TANF State Program,1,3,2,1,377.3,347.04,115.19
2024-01-01,San Saba,TANF State Program,0,0,0,0,0.0,0.0,0.0
2024-01-01,Schleicher,TANF State Program,1,4,2,2,463.88,426.67,106.21
2024-01-01,Scurry,TANF State Program,0,0,0,0,0.0,0.0,0.0
2024-01-01,Shackelford,TANF State Program,0,0,0,0,0.0,0.0,0.0
2024-01-01,Shelby,TANF State Program,0,0,0,0,0.0,0.0,0.0
2024-01-01,Sherman,TANF State Program,0,0,0,0,0.0,0.0,0.0
2024-01-01,Smith,TANF State Program,2,7,3,3,789.88,363.26,120.57
2024-01-01,Somervell,TANF State Program,0,0,0,0,0.0,0.0,0.0
2024-01-01,Starr,TANF State Program,2,13,10,3,950.2,436.99,72.52
2024-01-01,Stephens,TANF State Program,0,0,0,0,0.0,0.0,0.0
2024-01-01,Sterling,TANF State Program,0,0,0,0,0.0,0.0,0.0
2024-01-01,Stonewall,TANF State Program,0,0,0,0,0.0,0.0,0.0
2024-01-01,Sutton,TANF State Program,0,0,0,0,0.0,0.0,0.0
2024-01-01,Swisher,TANF State Program,0,0,0,0,0.0,0.0,0.0
2024-01-01,Tarrant,TANF State Program,7,26,15,11,2538.51,389.15,96.87
2024-01-01,Taylor,TANF State Program,2,9,4,4,864.7,397.67,98.99
2024-01-01,Terrell,TANF State Program,0,0,0,0,0.0,0.0,0.0
2024-01-01,Terry,TANF State Program,0,0,0,0,0.0,0.0,0.0
2024-01-01,Throckmorton,TANF State Program,0,0,0,0,0.0,0.0,0.0
2024-01-01,Titus,TANF State Program,1,3,1,2,412.57,379.48,125.96
2024-01-01,Tom Green,TANF State Program,0,0,0,0,0.0,0.0,0.0
2024-01-01,Travis,TANF State Program,10,33,15,18,3691.79,377.29,112.71
2024-01-01,Trinity,TANF State Program,0,0,0,0,0.0,0.0,0.0
2024-01-01,Tyler,TANF State Program,1,4,3,1,453.19,416.84,103.77
2024-01-01,Upshur,TANF State Program,1,2,1,1,326.0,299.85,149.29
2024-01-01,Upton,TANF State Program,1,3,1,2,412.57,379.48,125.96
2024-01-01,Uvalde,TANF State Program,0,0,0,0,0.0,0.0,0.0
2024-01-01,Val Verde,TANF State Program,0,0,0,0,0.0,0.0,0.0
2024-01-01,Van Zandt,TANF State Program,0,0,0,0,0.0,0.0,0.0
2024-01-01,Victoria,TANF State Program,0,0,0,0,0.0,0.0,0.0
2024-01-01,Walker,TANF State Program,0,0,0,0,0.0,0.0,0.0
2024-01-01,Waller,TANF State Program,1,4,2,2,463.88,426.67,106.21
2024-01-01,Ward,TANF State Program,0,0,0,0,0.0,0.0,0.0
2024-01-01,Washington,TANF State Program,0,0,0,0,0.0,0.0,0.0
2024-01-01,Webb,TANF State Program,2,5,4,1,582.52,267.9,106.7
2024-01-01,Wharton,TANF State Program,0,0,0,0,0.0,0.0,0.0
2024-01-01,Wheeler,TANF State Program,0,0,0,0,0.0,0.0,0.0
2024-01-01,Wichita,TANF State Program,2,7,2,4,825.15,379.48,125.96
2024-01-01,Wilbarger,TANF State Program,0,0,0,0,0.0,0.0,0.0
2024-01-01,Willacy,TANF State Program,2,11,7,4,1075.26,494.5,98.48
2024-01-01,Williamson,TANF State Program,2,10,8,2,861.49,396.19,87.67
2024-01-01,Wilson,TANF State Program,0,0,0,0,0.0,0.0,0.0
2024-01-01,Winkler,TANF State Program,0,0,0,0,0.0,0.0,0.0
2024-01-01,Wise,TANF State Program,2,10,5,4,1001.51,460.59,101.92
2024-01-01,Wood,TANF State Program,2,8,5,2,830.49,381.94,108.66
2024-01-01,Yoakum,TANF State Program,0,0,0,0,0.0,0.0,0.0
2024-01-01,Young,TANF State Program,1,3,2,1,377.3,347.04,115.19
2024-01-01,Zapata,TANF State Program,0,0,0,0,0.0,0.0,0.0
2024-01-01,Zavala,TANF State Program,0,0,0,0,0.0,0.0,0.0
2024-02-01,Anderson,TANF Basic,19,37,29,8,4133.45,214.03,112.18
2024-02-01,Andrews,TANF Basic,0,0,0,0,0.0,0.0,0.0
2024-02-01,Angelina,TANF Basic,25,53,43,10,5781.08,234.27,108.87
2024-02-01,Aransas,TANF Basic,10,23,16,7,2667.7,276.26,117.22
2024-02-01,Archer,TANF Basic,1,1,1,0,128.7,119.96,118.77
2024-02-01,Armstrong,TANF Basic,0,0,0,0,0.0,0.0,0.0
2024-02-01,Atascosa,TANF Basic,17,52,43,9,4495.1,261.85,86.42
2024-02-01,Austin,TANF Basic,0,0,0,0,0.0,0.0,0.0
2024-02-01,Bailey,TANF Basic,2,10,9,1,809.46,377.22,83.0
2024-02-01,Bandera,TANF Basic,2,5,4,1,473.34,220.58,87.36
2024-02-01,Bastrop,TANF Basic,16,23,19,3,2453.9,152.47,107.83
2024-02-01,Baylor,TANF Basic,4,11,10,1,797.76,185.88,73.62
2024-02-01,Bee,TANF Basic,9,20,16,3,1990.14,231.86,102.03
2024-02-01,Bell,TANF Basic,156,365,282,84,38494.46,247.43,105.41
2024-02-01,Bexar,TANF Basic,466,1063,847,218,109626.78,235.43,103.12
2024-02-01,Blanco,TANF Basic,0,0,0,0,0.0,0.0,0.0
2024-02-01,Borden,TANF Basic,0,0,0,0,0.0,0.0,0.0
2024-02-01,Bosque,TANF Basic,4,8,4,3,984.96,229.5,129.84
2024-02-01,Bowie,TANF Basic,40,88,70,18,9227.4,232.44,105.12
2024-02-01,Brazoria,TANF Basic,43,80,67,13,8013.74,186.73,99.93
2024-02-01,Brazos,TANF Basic,33,82,68,15,7985.02,240.07,96.95
2024-02-01,Brewster,TANF Basic,0,0,0,0,0.0,0.0,0.0
2024-02-01,Briscoe,TANF Basic,0,0,0,0,0.0,0.0,0.0
2024-02-01,Brooks,TANF Basic,5,9,6,2,1072.19,199.86,123.67
2024-02-01,Brown,TANF Basic,4,9,6,2,1013.68,236.19,116.93
2024-02-01,Burleson,TANF Basic,5,12,10,2,1176.43,219.29,98.69
2024-02-01,Burnet,TANF Basic,4,12,10,2,1148.77,267.67,96.37
2024-02-01,Caldwell,TANF Basic,5,11,8,3,1239.18,230.99,114.35
2024-02-01,Calhoun,TANF Basic,1,1,1,0,128.7,119.96,118.77
2024-02-01,Callahan,TANF Basic,1,1,1,0,128.7,119.96,118.77
2024-02-01,Cameron,TANF Basic,383,932,858,71,80198.03,209.37,86.05
2024-02-01,Camp,TANF Basic,2,5,5,0,443.55,206.7,81.86
2024-02-01,Carson,TANF Basic,1,2,2,0,185.08,172.5,85.39
2024-02-01,Cass,TANF Basic,9,23,18,4,1792.3,208.81,78.76
2024-02-01,Castro,TANF Basic,2,9,8,1,568.0,264.7,65.52
2024-02-01,Chambers,TANF Basic,3,10,6,3,1150.9,357.56,118.0
2024-02-01,Cherokee,TANF Basic,13,28,24,4,2871.93,223.06,101.93
2024-02-01,Childress,TANF Basic,1,1,1,0,128.7,119.96,118.77
2024-02-01,Clay,TANF Basic,2,3,2,1,453.13,211.16,139.38
2024-02-01,Cochran,TANF Basic,0,0,0,0,0.0,0.0,0.0
2024-02-01,Coke,TANF Basic,0,0,0,0,0.0,0.0,0.0
2024-02-01,Coleman,TANF Basic,1,3,3,0,258.47,240.9,79.51
2024-02-01,Collin,TANF Basic,91,223,171,53,23338.13,255.9,104.54
2024-02-01,Collingsworth,TANF Basic,0,0,0,0,0.0,0.0,0.0
2024-02-01,Colorado,TANF Basic,2,5,3,2,537.16,250.32,99.14
2024-02-01,Comal,TANF Basic,16,44,31,13,4905.68,304.81,110.41
2024-02-01,Comanche,TANF Basic,1,1,1,0,128.7,119.96,118.77
2024-02-01,Concho,TANF Basic,0,0,0,0,0.0,0.0,0.0
2024-02-01,Cooke,TANF Basic,5,11,8,3,1327.47,247.45,122.5
2024-02-01,Coryell,TANF Basic,25,60,48,11,5933.19,240.43,99.55
2024-02-01,Cottle,TANF Basic,0,0,0,0,0.0,0.0,0.0
2024-02-01,Crane,TANF Basic,0,0,0,0,0.0,0.0,0.0
2024-02-01,Crockett,TANF Basic,0,0,0,0,0.0,0.0,0.0
2024-02-01,Crosby,TANF Basic,1,4,4,0,308.47,287.5,71.16
2024-02-01,Culberson,TANF Basic,0,0,0,0,0.0,0.0,0.0
2024-02-01,Dallam,TANF Basic,0,0,0,0,0.0,0.0,0.0
2024-02-01,Dallas,TANF Basic,586,1356,1073,285,138838.53,237.0,102.41
2024-02-01,Dawson,TANF Basic,4,9,6,2,1036.02,241.4,119.5
2024-02-01,Deaf Smith,TANF Basic,9,20,17,2,1872.07,218.1,95.97
2024-02-01,Delta,TANF Basic,3,5,4,1,638.21,198.27,117.79
2024-02-01,Denton,TANF Basic,65,164,132,31,15542.44,237.47,94.98
2024-02-01,Dewitt,TANF Basic,3,7,4,2,833.92,259.08,128.26
2024-02-01,Dickens,TANF Basic,0,0,0,0,0.0,0.0,0.0
2024-02-01,Dimmit,TANF Basic,2,5,4,1,579.7,270.15,106.99
2024-02-01,Donley,TANF Basic,1,3,3,0,258.47,240.9,79.51
2024-02-01,Duval,TANF Basic,0,0,0,0,0.0,0.0,0.0
2024-02-01,Eastland,TANF Basic,8,15,13,2,1450.86,193.18,95.63
2024-02-01,Ector,TANF Basic,33,73,65,8,6458.64,194.18,88.95
2024-02-01,Edwards,TANF Basic,0,0,0,0,0.0,0.0,0.0
2024-02-01,El Paso,TANF Basic,273,660,547,113,63863.15,234.34,96.77
2024-02-01,Ellis,TANF Basic,24,50,40,10,5337.53,226.12,107.07
2024-02-01,Erath,TANF Basic,8,13,13,0,1216.85,162.02,93.57
2024-02-01,Falls,TANF Basic,6,18,15,3,1678.48,260.73,91.11
2024-02-01,Fannin,TANF Basic,10,24,19,4,2504.96,259.41,105.07
2024-02-01,Fayette,TANF Basic,1,3,2,1,375.48,349.96,115.5
2024-02-01,Fisher,TANF Basic,0,0,0,0,0.0,0.0,0.0
2024-02-01,Floyd,TANF Basic,2,3,2,1,341.44,159.12,105.03
2024-02-01,Foard,TANF Basic,0,0,0,0,0.0,0.0,0.0
2024-02-01,Fort Bend,TANF Basic,67,159,122,38,15572.23,234.09,97.75
2024-02-01,Franklin,TANF Basic,2,3,2,1,388.24,180.93,119.42
2024-02-01,Freestone,TANF Basic,5,16,14,2,1524.25,284.13,93.77
2024-02-01,Frio,TANF Basic,9,17,14,3,1835.91,213.89,105.88
2024-02-01,Gaines,TANF Basic,3,4,4,0,442.49,137.47,102.08
2024-02-01,Galveston,TANF Basic,59,107,89,18,10142.16,171.87,94.54
2024-02-01,Garza,TANF Basic,0,0,0,0,0.0,0.0,0.0
2024-02-01,Gillespie,TANF Basic,1,1,1,0,128.7,119.96,118.77
2024-02-01,Glasscock,TANF Basic,0,0,0,0,0.0,0.0,0.0
2024-02-01,Goliad,TANF Basic,1,2,2,0,185.08,172.5,85.39
2024-02-01,Gonzales,TANF Basic,1,5,4,1,500.99,466.94,92.46
2024-02-01,Gray,TANF Basic,2,7,5,1,633.95,295.43,97.5
2024-02-01,Grayson,TANF Basic,24,47,37,10,5212.02,220.81,111.85
2024-02-01,Gregg,TANF Basic,25,49,39,10,5123.73,207.63,105.07
2024-02-01,Grimes,TANF Basic,3,5,4,1,638.21,198.27,117.79
2024-02-01,Guadalupe,TANF Basic,12,34,27,7,3011.27,255.14,89.64
2024-02-01,Hale,TANF Basic,2,7,4,2,775.42,361.36,119.26
2024-02-01,Hall,TANF Basic,3,8,6,1,764.78,237.6,100.82
2024-02-01,Hamilton,TANF Basic,1,3,2,1,375.48,349.96,115.5
2024-02-01,Hansford,TANF Basic,0,0,0,0,0.0,0.0,0.0
2024-02-01,Hardeman,TANF Basic,2,5,4,1,560.56,261.23,103.45
2024-02-01,Hardin,TANF Basic,10,20,14,6,2351.79,243.55,120.57
2024-02-01,Harris,TANF Basic,856,1960,1573,390,196326.0,229.3,100.15
2024-02-01,Harrison,TANF Basic,18,41,36,6,3768.61,206.61,91.52
2024-02-01,Hartley,TANF Basic,1,3,2,1,375.48,349.96,115.5
2024-02-01,Haskell,TANF Basic,1,3,3,0,258.47,240.9,79.51
2024-02-01,Hays,TANF Basic,19,47,33,13,4814.2,249.28,103.31
2024-02-01,Hemphill,TANF Basic,1,1,1,0,128.7,119.96,118.77
2024-02-01,Henderson,TANF Basic,14,24,22,2,2459.22,176.31,103.15
2024-02-01,Hidalgo,TANF Basic,1105,3136,2988,134,250201.22,226.4,79.78
2024-02-01,Hill,TANF Basic,8,20,16,3,1936.96,257.9,99.3
2024-02-01,Hockley,TANF Basic,4,7,5,1,766.91,178.7,117.95
2024-02-01,Hood,TANF Basic,10,16,14,2,1708.26,176.91,105.09
2024-02-01,Hopkins,TANF Basic,6,16,14,2,1581.69,245.7,97.3
2024-02-01,Houston,TANF Basic,8,18,14,4,2044.39,272.2,110.97
2024-02-01,Howard,TANF Basic,4,12,11,1,1073.25,250.07,90.03
2024-02-01,Hudspeth,TANF Basic,2,4,3,1,509.5,237.43,117.54
2024-02-01,Hunt,TANF Basic,23,51,37,15,6019.35,267.15,118.18
2024-02-01,Hutchinson,TANF Basic,4,8,5,2,780.74,181.92,102.92
2024-02-01,Irion,TANF Basic,0,0,0,0,0.0,0.0,0.0
2024-02-01,Jack,TANF Basic,1,3,2,1,273.36,254.78,84.09
2024-02-01,Jackson,TANF Basic,2,4,3,1,504.18,234.96,116.31
2024-02-01,Jasper,TANF Basic,11,25,20,4,2434.76,226.93,97.69
2024-02-01,Jeff Davis,TANF Basic,0,0,0,0,0.0,0.0,0.0
2024-02-01,Jefferson,TANF Basic,112,267,208,59,27025.9,242.2,101.38
2024-02-01,Jim Hogg,TANF Basic,2,3,3,0,313.78,146.23,96.52
2024-02-01,Jim Wells,TANF Basic,10,23,19,3,2287.97,236.94,100.54
2024-02-01,Johnson,TANF Basic,33,72,58,13,7017.08,210.97,98.11
2024-02-01,Jones,TANF Basic,2,7,4,2,775.42,361.36,119.26
2024-02-01,Karnes,TANF Basic,2,2,2,0,257.41,119.96,118.77
2024-02-01,Kaufman,TANF Basic,36,88,76,11,8326.46,228.25,94.86
2024-02-01,Kendall,TANF Basic,8,20,15,4,1765.7,235.1,90.52
2024-02-01,Kenedy,TANF Basic,0,0,0,0,0.0,0.0,0.0
2024-02-01,Kent,TANF Basic,0,0,0,0,0.0,0.0,0.0
2024-02-01,Kerr,TANF Basic,4,9,6,2,850.94,198.27,98.15
2024-02-01,Kimble,TANF Basic,0,0,0,0,0.0,0.0,0.0
2024-02-01,King,TANF Basic,0,0,0,0,0.0,0.0,0.0
2024-02-01,Kinney,TANF Basic,0,0,0,0,0.0,0.0,0.0
2024-02-01,Kleberg,TANF Basic,19,50,36,15,5735.34,296.97,115.05
2024-02-01,Knox,TANF Basic,1,4,3,1,451.0,420.34,104.04
2024-02-01,La Salle,TANF Basic,0,0,0,0,0.0,0.0,0.0
2024-02-01,Lamar,TANF Basic,32,60,47,12,6519.27,202.54,109.38
2024-02-01,Lamb,TANF Basic,5,11,9,2,1132.82,211.16,104.53
2024-02-01,Lampasas,TANF Basic,3,9,6,2,624.38,193.98,72.02
2024-02-01,Lavaca,TANF Basic,1,1,1,0,128.7,119.96,118.77
2024-02-01,Lee,TANF Basic,3,4,4,0,442.49,137.47,102.08
2024-02-01,Leon,TANF Basic,4,14,12,2,1217.91,283.78,86.45
2024-02-01,Liberty,TANF Basic,24,40,34,6,4301.51,182.23,107.28
2024-02-01,Limestone,TANF Basic,8,13,11,2,1456.17,193.88,111.98
2024-02-01,Lipscomb,TANF Basic,1,2,1,1,324.42,302.37,149.69
2024-02-01,Live Oak,TANF Basic,0,0,0,0,0.0,0.0,0.0
2024-02-01,Llano,TANF Basic,3,5,3,2,585.02,181.75,107.97
2024-02-01,Loving,TANF Basic,0,0,0,0,0.0,0.0,0.0
2024-02-01,Lubbock,TANF Basic,82,192,149,44,18723.9,229.62,97.62
2024-02-01,Lynn,TANF Basic,0,0,0,0,0.0,0.0,0.0
2024-02-01,Madison,TANF Basic,6,11,10,1,1150.9,178.78,106.2
2024-02-01,Marion,TANF Basic,1,1,1,0,128.7,119.96,118.77
2024-02-01,Martin,TANF Basic,0,0,0,0,0.0,0.0,0.0
2024-02-01,Mason,TANF Basic,0,0,0,0,0.0,0.0,0.0
2024-02-01,Matagorda,TANF Basic,12,28,24,4,2643.24,223.96,93.81
2024-02-01,Maverick,TANF Basic,17,51,41,10,5085.44,296.24,99.85
2024-02-01,Mcculloch,TANF Basic,1,3,2,1,251.03,233.96,77.21
2024-02-01,Mclennan,TANF Basic,57,128,99,29,13011.96,228.82,101.76
2024-02-01,Mcmullen,TANF Basic,0,0,0,0,0.0,0.0,0.0
2024-02-01,Medina,TANF Basic,9,17,14,3,1756.13,204.59,101.28
2024-02-01,Menard,TANF Basic,0,0,0,0,0.0,0.0,0.0
2024-02-01,Midland,TANF Basic,23,49,39,10,4985.45,221.27,102.23
2024-02-01,Milam,TANF Basic,5,13,10,3,1127.5,210.17,86.7
2024-02-01,Mills,TANF Basic,1,3,2,1,375.48,349.96,115.5
2024-02-01,Mitchell,TANF Basic,0,0,0,0,0.0,0.0,0.0
2024-02-01,Montague,TANF Basic,1,1,1,0,128.7,119.96,118.77
2024-02-01,Montgomery,TANF Basic,79,172,145,27,17023.08,214.4,98.8
2024-02-01,Moore,TANF Basic,5,12,10,2,1272.16,237.14,106.72
2024-02-01,Morris,TANF Basic,11,25,22,3,2284.78,212.95,91.67
2024-02-01,Motley,TANF Basic,0,0,0,0,0.0,0.0,0.0
2024-02-01,Nacogdoches,TANF Basic,16,30,24,7,2980.42,185.19,98.22
2024-02-01,Navarro,TANF Basic,16,33,29,3,3266.55,202.97,100.48
2024-02-01,Newton,TANF Basic,3,8,5,2,884.98,274.94,116.66
2024-02-01,Nolan,TANF Basic,2,2,2,0,257.41,119.96,118.77
2024-02-01,Nueces,TANF Basic,150,348,271,77,36341.58,241.94,104.47
2024-02-01,Ochiltree,TANF Basic,1,2,2,0,185.08,172.5,85.39
2024-02-01,Oldham,TANF Basic,0,0,0,0,0.0,0.0,0.0
2024-02-01,Orange,TANF Basic,27,65,51,15,6881.99,256.57,105.84
2024-02-01,Palo Pinto,TANF Basic,5,8,6,1,895.62,166.95,118.07
2024-02-01,Panola,TANF Basic,4,7,5,1,748.83,174.48,115.17
2024-02-01,Parker,TANF Basic,13,23,17,6,2567.72,199.43,112.83
2024-02-01,Parmer,TANF Basic,1,2,1,1,324.42,302.37,149.69
2024-02-01,Pecos,TANF Basic,0,0,0,0,0.0,0.0,0.0
2024-02-01,Polk,TANF Basic,16,29,25,4,3164.44,196.62,108.15
2024-02-01,Potter,TANF Basic,32,77,57,20,8123.3,252.37,105.58
2024-02-01,Presidio,TANF Basic,5,12,12,0,989.22,184.4,82.99
2024-02-01,Rains,TANF Basic,8,17,14,3,1721.03,229.15,99.26
2024-02-01,Randall,TANF Basic,17,28,23,6,3085.73,179.75,109.52
2024-02-01,Reagan,TANF Basic,0,0,0,0,0.0,0.0,0.0
2024-02-01,Real,TANF Basic,0,0,0,0,0.0,0.0,0.0
2024-02-01,Red River,TANF Basic,8,22,20,1,1832.71,244.02,84.56
2024-02-01,Reeves,TANF Basic,4,8,6,1,823.29,191.83,108.53
2024-02-01,Refugio,TANF Basic,3,5,3,2,764.78,237.6,141.15
2024-02-01,Roberts,TANF Basic,0,0,0,0,0.0,0.0,0.0
2024-02-01,Robertson,TANF Basic,4,12,10,2,1213.66,282.79,101.81
2024-02-01,Rockwall,TANF Basic,11,25,19,6,2583.67,240.8,103.66
2024-02-01,Runnels,TANF Basic,0,0,0,0,0.0,0.0,0.0
2024-02-01,Rusk,TANF Basic,4,7,5,1,766.91,178.7,117.95
2024-02-01,Sabine,TANF Basic,4,9,5,3,864.77,201.5,99.75
2024-02-01,San Jacinto,TANF Basic,8,15,13,2,1598.71,212.86,105.38
2024-02-01,San Juneine,TANF Basic,0,0,0,0,0.0,0.0,0.0
2024-02-01,San Patricio,TANF Basic,13,27,23,4,2678.34,208.02,98.86
2024-02-01,San Saba,TANF Basic,0,0,0,0,0.0,0.0,0.0
2024-02-01,Schleicher,TANF Basic,0,0,0,0,0.0,0.0,0.0
2024-02-01,Scurry,TANF Basic,6,11,10,1,1154.09,179.27,106.5
2024-02-01,Shackelford,TANF Basic,0,0,0,0,0.0,0.0,0.0
2024-02-01,Shelby,TANF Basic,5,8,8,0,721.17,134.43,95.07
2024-02-01,Sherman,TANF Basic,0,0,0,0,0.0,0.0,0.0
2024-02-01,Smith,TANF Basic,31,57,42,16,6443.75,207.09,112.19
2024-02-01,Somervell,TANF Basic,0,0,0,0,0.0,0.0,0.0
2024-02-01,Starr,TANF Basic,58,147,138,9,12101.45,208.87,82.11
2024-02-01,Stephens,TANF Basic,0,0,0,0,0.0,0.0,0.0
2024-02-01,Sterling,TANF Basic,0,0,0,0,0.0,0.0,0.0
2024-02-01,Stonewall,TANF Basic,0,0,0,0,0.0,0.0,0.0
2024-02-01,Sutton,TANF Basic,0,0,0,0,0.0,0.0,0.0
2024-02-01,Swisher,TANF Basic,1,5,4,1,500.99,466.94,92.46
2024-02-01,Tarrant,TANF Basic,381,911,730,183,91665.53,240.66,100.58
2024-02-01,Taylor,TANF Basic,46,89,67,22,9764.55,211.65,109.89
2024-02-01,Terrell,TANF Basic,0,0,0,0,0.0,0.0,0.0
2024-02-01,Terry,TANF Basic,5,17,13,4,1740.18,324.38,100.36
2024-02-01,Throckmorton,TANF Basic,0,0,0,0,0.0,0.0,0.0
2024-02-01,Titus,TANF Basic,6,18,15,3,1563.6,242.89,84.87
2024-02-01,Tom Green,TANF Basic,18,35,28,7,3355.9,183.99,96.77
2024-02-01,Travis,TANF Basic,161,326,241,86,35668.27,221.63,109.35
2024-02-01,Trinity,TANF Basic,3,7,4,2,828.6,257.43,127.44
2024-02-01,Tyler,TANF Basic,2,2,2,0,257.41,119.96,118.77
2024-02-01,Upshur,TANF Basic,9,15,14,1,1541.27,179.56,101.59
2024-02-01,Upton,TANF Basic,2,3,2,1,453.13,211.16,139.38
2024-02-01,Uvalde,TANF Basic,12,23,20,2,1938.02,164.21,85.16
2024-02-01,Val Verde,TANF Basic,32,76,59,17,7496.79,232.91,98.83
2024-02-01,Van Zandt,TANF Basic,8,13,13,0,1123.24,149.56,86.38
2024-02-01,Victoria,TANF Basic,19,37,30,7,3909.01,202.41,106.09
2024-02-01,Walker,TANF Basic,16,34,30,3,3131.46,194.57,93.22
2024-02-01,Waller,TANF Basic,8,15,14,1,1452.98,193.46,95.77
2024-02-01,Ward,TANF Basic,2,4,4,0,374.41,174.48,86.38
2024-02-01,Washington,TANF Basic,3,8,6,1,758.4,235.62,99.98
2024-02-01,Webb,TANF Basic,104,271,256,13,22716.94,218.28,83.85
2024-02-01,Wharton,TANF Basic,10,15,12,3,1858.24,192.44,122.48
2024-02-01,Wheeler,TANF Basic,0,0,0,0,0.0,0.0,0.0
2024-02-01,Wichita,TANF Basic,44,90,74,16,9259.31,210.49,102.94
2024-02-01,Wilbarger,TANF Basic,1,2,1,1,324.42,302.37,149.69
2024-02-01,Willacy,TANF Basic,14,36,28,8,3743.08,268.36,104.67
2024-02-01,Williamson,TANF Basic,36,79,57,22,8894.46,243.82,112.43
2024-02-01,Wilson,TANF Basic,6,12,10,2,1322.15,205.38,110.91
2024-02-01,Winkler,TANF Basic,1,1,1,0,128.7,119.96,118.77
2024-02-01,Wise,TANF Basic,9,20,17,2,1889.09,220.09,96.85
2024-02-01,Wood,TANF Basic,11,20,18,1,1810.38,168.73,92.81
2024-02-01,Yoakum,TANF Basic,0,0,0,0,0.0,0.0,0.0
2024-02-01,Young,TANF Basic,4,7,6,0,627.57,146.23,96.52
2024-02-01,Zapata,TANF Basic,2,7,4,2,775.42,361.36,119.26
2024-02-01,Zavala,TANF Basic,5,8,6,1,877.53,163.58,115.68
2024-02-01,Anderson,TANF State Program,0,0,0,0,0.0,0.0,0.0
2024-02-01,Andrews,TANF State Program,1,6,3,2,552.43,498.07,98.4
2024-02-01,Angelina,TANF State Program,1,2,2,0,191.1,172.29,85.09
2024-02-01,Aransas,TANF State Program,1,6,3,2,552.43,498.07,98.4
2024-02-01,Archer,TANF State Program,0,0,0,0,0.0,0.0,0.0
2024-02-01,Armstrong,TANF State Program,0,0,0,0,0.0,0.0,0.0
2024-02-01,Atascosa,TANF State Program,1,6,3,2,371.22,334.69,66.12
2024-02-01,Austin,TANF State Program,0,0,0,0,0.0,0.0,0.0
2024-02-01,Bailey,TANF State Program,0,0,0,0,0.0,0.0,0.0
2024-02-01,Bandera,TANF State Program,0,0,0,0,0.0,0.0,0.0
2024-02-01,Bastrop,TANF State Program,1,3,1,2,423.94,382.21,125.85
2024-02-01,Baylor,TANF State Program,0,0,0,0,0.0,0.0,0.0
2024-02-01,Bee,TANF State Program,0,0,0,0,0.0,0.0,0.0
2024-02-01,Bell,TANF State Program,6,21,13,8,2160.32,389.54,101.26
2024-02-01,Bexar,TANF State Program,20,64,35,30,6662.17,333.7,104.09
2024-02-01,Blanco,TANF State Program,0,0,0,0,0.0,0.0,0.0
2024-02-01,Borden,TANF State Program,0,0,0,0,0.0,0.0,0.0
2024-02-01,Bosque,TANF State Program,0,0,0,0,0.0,0.0,0.0
2024-02-01,Bowie,TANF State Program,1,3,1,2,423.94,382.21,125.85
2024-02-01,Brazoria,TANF State Program,1,6,3,2,38.44,34.66,6.85
2024-02-01,Brazos,TANF State Program,0,0,0,0,0.0,0.0,0.0
2024-02-01,Brewster,TANF State Program,0,0,0,0,0.0,0.0,0.0
2024-02-01,Briscoe,TANF State Program,0,0,0,0,0.0,0.0,0.0
2024-02-01,Brooks,TANF State Program,0,0,0,0,0.0,0.0,0.0
2024-02-01,Brown,TANF State Program,0,0,0,0,0.0,0.0,0.0
2024-02-01,Burleson,TANF State Program,0,0,0,0,0.0,0.0,0.0
2024-02-01,Burnet,TANF State Program,0,0,0,0,0.0,0.0,0.0
2024-02-01,Caldwell,TANF State Program,0,0,0,0,0.0,0.0,0.0
2024-02-01,Calhoun,TANF State Program,0,0,0,0,0.0,0.0,0.0
2024-02-01,Callahan,TANF State Program,0,0,0,0,0.0,0.0,0.0
2024-02-01,Cameron,TANF State Program,7,25,13,11,2501.88,375.94,101.28
2024-02-01,Camp,TANF State Program,0,0,0,0,0.0,0.0,0.0
2024-02-01,Carson,TANF State Program,0,0,0,0,0.0,0.0,0.0
2024-02-01,Cass,TANF State Program,0,0,0,0,0.0,0.0,0.0
2024-02-01,Castro,TANF State Program,0,0,0,0,0.0,0.0,0.0
2024-02-01,Chambers,TANF State Program,0,0,0,0,0.0,0.0,0.0
2024-02-01,Cherokee,TANF State Program,0,0,0,0,0.0,0.0,0.0
2024-02-01,Childress,TANF State Program,0,0,0,0,0.0,0.0,0.0
2024-02-01,Clay,TANF State Program,1,3,1,2,224.05,202.0,66.51
2024-02-01,Cochran,TANF State Program,0,0,0,0,0.0,0.0,0.0
2024-02-01,Coke,TANF State Program,0,0,0,0,0.0,0.0,0.0
2024-02-01,Coleman,TANF State Program,0,0,0,0,0.0,0.0,0.0
2024-02-01,Collin,TANF State Program,8,27,21,6,2456.85,316.44,91.17
2024-02-01,Collingsworth,TANF State Program,0,0,0,0,0.0,0.0,0.0
2024-02-01,Colorado,TANF State Program,0,0,0,0,0.0,0.0,0.0
2024-02-01,Comal,TANF State Program,0,0,0,0,0.0,0.0,0.0
2024-02-01,Comanche,TANF State Program,0,0,0,0,0.0,0.0,0.0
2024-02-01,Concho,TANF State Program,0,0,0,0,0.0,0.0,0.0
2024-02-01,Cooke,TANF State Program,0,0,0,0,0.0,0.0,0.0
2024-02-01,Coryell,TANF State Program,0,0,0,0,0.0,0.0,0.0
2024-02-01,Cottle,TANF State Program,0,0,0,0,0.0,0.0,0.0
2024-02-01,Crane,TANF State Program,0,0,0,0,0.0,0.0,0.0
2024-02-01,Crockett,TANF State Program,0,0,0,0,0.0,0.0,0.0
2024-02-01,Crosby,TANF State Program,0,0,0,0,0.0,0.0,0.0
2024-02-01,Culberson,TANF State Program,0,0,0,0,0.0,0.0,0.0
2024-02-01,Dallam,TANF State Program,0,0,0,0,0.0,0.0,0.0
2024-02-01,Dallas,TANF State Program,14,48,21,27,5165.21,358.22,106.98
2024-02-01,Dawson,TANF State Program,0,0,0,0,0.0,0.0,0.0
2024-02-01,Deaf Smith,TANF State Program,0,0,0,0,0.0,0.0,0.0
2024-02-01,Delta,TANF State Program,0,0,0,0,0.0,0.0,0.0
2024-02-01,Denton,TANF State Program,2,9,7,2,613.94,276.76,68.34
2024-02-01,Dewitt,TANF State Program,0,0,0,0,0.0,0.0,0.0
2024-02-01,Dickens,TANF State Program,0,0,0,0,0.0,0.0,0.0
2024-02-01,Dimmit,TANF State Program,0,0,0,0,0.0,0.0,0.0
2024-02-01,Donley,TANF State Program,0,0,0,0,0.0,0.0,0.0
2024-02-01,Duval,TANF State Program,1,3,2,1,387.69,349.54,115.09
2024-02-01,Eastland,TANF State Program,1,2,1,1,334.98,302.01,149.16
2024-02-01,Ector,TANF State Program,1,1,1,0,132.89,119.81,118.35
2024-02-01,Edwards,TANF State Program,0,0,0,0,0.0,0.0,0.0
2024-02-01,El Paso,TANF State Program,13,51,28,23,5152.03,387.08,101.96
2024-02-01,Ellis,TANF State Program,0,0,0,0,0.0,0.0,0.0
2024-02-01,Erath,TANF State Program,0,0,0,0,0.0,0.0,0.0
2024-02-01,Falls,TANF State Program,0,0,0,0,0.0,0.0,0.0
2024-02-01,Fannin,TANF State Program,0,0,0,0,0.0,0.0,0.0
2024-02-01,Fayette,TANF State Program,0,0,0,0,0.0,0.0,0.0
2024-02-01,Fisher,TANF State Program,0,0,0,0,0.0,0.0,0.0
2024-02-01,Floyd,TANF State Program,0,0,0,0,0.0,0.0,0.0
2024-02-01,Foard,TANF State Program,0,0,0,0,0.0,0.0,0.0
2024-02-01,Fort Bend,TANF State Program,2,6,3,2,609.55,274.78,108.57
2024-02-01,Franklin,TANF State Program,0,0,0,0,0.0,0.0,0.0
2024-02-01,Freestone,TANF State Program,0,0,0,0,0.0,0.0,0.0
2024-02-01,Frio,TANF State Program,1,1,0,1,161.45,145.56,143.78
2024-02-01,Gaines,TANF State Program,0,0,0,0,0.0,0.0,0.0
2024-02-01,Galveston,TANF State Program,0,0,0,0,0.0,0.0,0.0
2024-02-01,Garza,TANF State Program,0,0,0,0,0.0,0.0,0.0
2024-02-01,Gillespie,TANF State Program,0,0,0,0,0.0,0.0,0.0
2024-02-01,Glasscock,TANF State Program,0,0,0,0,0.0,0.0,0.0
2024-02-01,Goliad,TANF State Program,0,0,0,0,0.0,0.0,0.0
2024-02-01,Gonzales,TANF State Program,0,0,0,0,0.0,0.0,0.0
2024-02-01,Gray,TANF State Program,0,0,0,0,0.0,0.0,0.0
2024-02-01,Grayson,TANF State Program,1,3,2,1,306.42,276.26,90.96
2024-02-01,Gregg,TANF State Program,2,4,2,2,556.83,251.01,123.97
2024-02-01,Grimes,TANF State Program,0,0,0,0,0.0,0.0,0.0
2024-02-01,Guadalupe,TANF State Program,1,2,2,0,191.1,172.29,85.09
2024-02-01,Hale,TANF State Program,1,3,2,1,387.69,349.54,115.09
2024-02-01,Hall,TANF State Program,0,0,0,0,0.0,0.0,0.0
2024-02-01,Hamilton,TANF State Program,0,0,0,0,0.0,0.0,0.0
2024-02-01,Hansford,TANF State Program,0,0,0,0,0.0,0.0,0.0
2024-02-01,Hardeman,TANF State Program,0,0,0,0,0.0,0.0,0.0
2024-02-01,Hardin,TANF State Program,1,2,2,0,191.1,172.29,85.09
2024-02-01,Harris,TANF State Program,20,77,46,32,7568.25,379.08,97.68
2024-02-01,Harrison,TANF State Program,0,0,0,0,0.0,0.0,0.0
2024-02-01,Hartley,TANF State Program,0,0,0,0,0.0,0.0,0.0
2024-02-01,Haskell,TANF State Program,0,0,0,0,0.0,0.0,0.0
2024-02-01,Hays,TANF State Program,2,10,6,5,587.58,264.88,58.14
2024-02-01,Hemphill,TANF State Program,0,0,0,0,0.0,0.0,0.0
2024-02-01,Henderson,TANF State Program,3,11,4,7,930.24,279.56,82.85
2024-02-01,Hidalgo,TANF State Program,12,46,32,14,3886.81,318.57,84.43
2024-02-01,Hill,TANF State Program,2,8,4,3,887.41,400.04,112.9
2024-02-01,Hockley,TANF State Program,0,0,0,0,0.0,0.0,0.0
2024-02-01,Hood,TANF State Program,0,0,0,0,0.0,0.0,0.0
2024-02-01,Hopkins,TANF State Program,0,0,0,0,0.0,0.0,0.0
2024-02-01,Houston,TANF State Program,0,0,0,0,0.0,0.0,0.0
2024-02-01,Howard,TANF State Program,0,0,0,0,0.0,0.0,0.0
2024-02-01,Hudspeth,TANF State Program,0,0,0,0,0.0,0.0,0.0
2024-02-01,Hunt,TANF State Program,0,0,0,0,0.0,0.0,0.0
2024-02-01,Hutchinson,TANF State Program,0,0,0,0,0.0,0.0,0.0
2024-02-01,Irion,TANF State Program,0,0,0,0,0.0,0.0,0.0
2024-02-01,Jack,TANF State Program,0,0,0,0,0.0,0.0,0.0
2024-02-01,Jackson,TANF State Program,0,0,0,0,0.0,0.0,0.0
2024-02-01,Jasper,TANF State Program,0,0,0,0,0.0,0.0,0.0
2024-02-01,Jeff Davis,TANF State Program,0,0,0,0,0.0,0.0,0.0
2024-02-01,Jefferson,TANF State Program,2,10,7,3,942.32,424.79,93.25
2024-02-01,Jim Hogg,TANF State Program,0,0,0,0,0.0,0.0,0.0
2024-02-01,Jim Wells,TANF State Program,0,0,0,0,0.0,0.0,0.0
2024-02-01,Johnson,TANF State Program,0,0,0,0,0.0,0.0,0.0
2024-02-01,Jones,TANF State Program,0,0,0,0,0.0,0.0,0.0
2024-02-01,Karnes,TANF State Program,0,0,0,0,0.0,0.0,0.0
2024-02-01,Kaufman,TANF State Program,1,4,2,2,318.5,287.16,70.91
2024-02-01,Kendall,TANF State Program,0,0,0,0,0.0,0.0,0.0
2024-02-01,Kenedy,TANF State Program,0,0,0,0,0.0,0.0,0.0
2024-02-01,Kent,TANF State Program,0,0,0,0,0.0,0.0,0.0
2024-02-01,Kerr,TANF State Program,0,0,0,0,0.0,0.0,0.0
2024-02-01,Kimble,TANF State Program,0,0,0,0,0.0,0.0,0.0
2024-02-01,King,TANF State Program,0,0,0,0,0.0,0.0,0.0
2024-02-01,Kinney,TANF State Program,1,3,1,2,321.8,290.13,95.53
2024-02-01,Kleberg,TANF State Program,2,7,3,3,811.63,365.88,120.47
2024-02-01,Knox,TANF State Program,0,0,0,0,0.0,0.0,0.0
2024-02-01,La Salle,TANF State Program,0,0,0,0,0.0,0.0,0.0
2024-02-01,Lamar,TANF State Program,1,4,2,2,429.43,387.17,95.61
2024-02-01,Lamb,TANF State Program,0,0,0,0,0.0,0.0,0.0
2024-02-01,Lampasas,TANF State Program,0,0,0,0,0.0,0.0,0.0
2024-02-01,Lavaca,TANF State Program,0,0,0,0,0.0,0.0,0.0
2024-02-01,Lee,TANF State Program,1,4,2,2,428.33,386.18,95.36
2024-02-01,Leon,TANF State Program,0,0,0,0,0.0,0.0,0.0
2024-02-01,Liberty,TANF State Program,0,0,0,0,0.0,0.0,0.0
2024-02-01,Limestone,TANF State Program,0,0,0,0,0.0,0.0,0.0
2024-02-01,Lipscomb,TANF State Program,0,0,0,0,0.0,0.0,0.0
2024-02-01,Live Oak,TANF State Program,0,0,0,0,0.0,0.0,0.0
2024-02-01,Llano,TANF State Program,0,0,0,0,0.0,0.0,0.0
2024-02-01,Loving,TANF State Program,0,0,0,0,0.0,0.0,0.0
2024-02-01,Lubbock,TANF State Program,0,0,0,0,0.0,0.0,0.0
2024-02-01,Lynn,TANF State Program,0,0,0,0,0.0,0.0,0.0
2024-02-01,Madison,TANF State Program,0,0,0,0,0.0,0.0,0.0
2024-02-01,Marion,TANF State Program,1,4,2,2,476.65,429.74,106.12
2024-02-01,Martin,TANF State Program,0,0,0,0,0.0,0.0,0.0
2024-02-01,Mason,TANF State Program,0,0,0,0,0.0,0.0,0.0
2024-02-01,Matagorda,TANF State Program,0,0,0,0,0.0,0.0,0.0
2024-02-01,Maverick,TANF State Program,1,4,2,2,366.83,330.72,81.67
2024-02-01,Mcculloch,TANF State Program,0,0,0,0,0.0,0.0,0.0
2024-02-01,Mclennan,TANF State Program,1,4,3,1,465.67,419.84,103.68
2024-02-01,Mcmullen,TANF State Program,0,0,0,0,0.0,0.0,0.0
2024-02-01,Medina,TANF State Program,2,7,4,2,574.4,258.94,85.26
2024-02-01,Menard,TANF State Program,0,0,0,0,0.0,0.0,0.0
2024-02-01,Midland,TANF State Program,1,1,1,0,70.29,63.37,62.6
2024-02-01,Milam,TANF State Program,0,0,0,0,0.0,0.0,0.0
2024-02-01,Mills,TANF State Program,0,0,0,0,0.0,0.0,0.0
2024-02-01,Mitchell,TANF State Program,0,0,0,0,0.0,0.0,0.0
2024-02-01,Montague,TANF State Program,0,0,0,0,0.0,0.0,0.0
2024-02-01,Montgomery,TANF State Program,2,11,7,5,1001.63,451.53,89.2
2024-02-01,Moore,TANF State Program,0,0,0,0,0.0,0.0,0.0
2024-02-01,Morris,TANF State Program,0,0,0,0,0.0,0.0,0.0
2024-02-01,Motley,TANF State Program,0,0,0,0,0.0,0.0,0.0
2024-02-01,Nacogdoches,TANF State Program,0,0,0,0,0.0,0.0,0.0
2024-02-01,Navarro,TANF State Program,0,0,0,0,0.0,0.0,0.0
2024-02-01,Newton,TANF State Program,0,0,0,0,0.0,0.0,0.0
2024-02-01,Nolan,TANF State Program,0,0,0,0,0.0,0.0,0.0
2024-02-01,Nueces,TANF State Program,8,24,11,12,2705.06,348.41,114.72
2024-02-01,Ochiltree,TANF State Program,0,0,0,0,0.0,0.0,0.0
2024-02-01,Oldham,TANF State Program,0,0,0,0,0.0,0.0,0.0
2024-02-01,Orange,TANF State Program,0,0,0,0,0.0,0.0,0.0
2024-02-01,Palo Pinto,TANF State Program,0,0,0,0,0.0,0.0,0.0
2024-02-01,Panola,TANF State Program,0,0,0,0,0.0,0.0,0.0
2024-02-01,Parker,TANF State Program,2,11,7,5,1082.9,488.17,96.44
2024-02-01,Parmer,TANF State Program,0,0,0,0,0.0,0.0,0.0
2024-02-01,Pecos,TANF State Program,0,0,0,0,0.0,0.0,0.0
2024-02-01,Polk,TANF State Program,0,0,0,0,0.0,0.0,0.0
2024-02-01,Potter,TANF State Program,0,0,0,0,0.0,0.0,0.0
2024-02-01,Presidio,TANF State Program,0,0,0,0,0.0,0.0,0.0
2024-02-01,Rains,TANF State Program,0,0,0,0,0.0,0.0,0.0
2024-02-01,Randall,TANF State Program,0,0,0,0,0.0,0.0,0.0
2024-02-01,Reagan,TANF State Program,0,0,0,0,0.0,0.0,0.0
2024-02-01,Real,TANF State Program,0,0,0,0,0.0,0.0,0.0
2024-02-01,Red River,TANF State Program,0,0,0,0,0.0,0.0,0.0
2024-02-01,Reeves,TANF State Program,0,0,0,0,0.0,0.0,0.0
2024-02-01,Refugio,TANF State Program,0,0,0,0,0.0,0.0,0.0
2024-02-01,Roberts,TANF State Program,0,0,0,0,0.0,0.0,0.0
2024-02-01,Robertson,TANF State Program,0,0,0,0,0.0,0.0,0.0
2024-02-01,Rockwall,TANF State Program,0,0,0,0,0.0,0.0,0.0
2024-02-01,Runnels,TANF State Program,0,0,0,0,0.0,0.0,0.0
2024-02-01,Rusk,TANF State Program,1,4,2,2,476.65,429.74,106.12
2024-02-01,Sabine,TANF State Program,0,0,0,0,0.0,0.0,0.0
2024-02-01,San Jacinto,TANF State Program,0,0,0,0,0.0,0.0,0.0
2024-02-01,San Juneine,TANF State Program,0,0,0,0,0.0,0.0,0.0
2024-02-01,San Patricio,TANF State Program,2,7,3,3,811.63,365.88,120.47
2024-02-01,San Saba,TANF State Program,0,0,0,0,0.0,0.0,0.0
2024-02-01,Schleicher,TANF State Program,1,4,2,2,476.65,429.74,106.12
2024-02-01,Scurry,TANF State Program,0,0,0,0,0.0,0.0,0.0
2024-02-01,Shackelford,TANF State Program,0,0,0,0,0.0,0.0,0.0
2024-02-01,Shelby,TANF State Program,0,0,0,0,0.0,0.0,0.0
2024-02-01,Sherman,TANF State Program,0,0,0,0,0.0,0.0,0.0
2024-02-01,Smith,TANF State Program,1,3,2,1,387.69,349.54,115.09
2024-02-01,Somervell,TANF State Program,0,0,0,0,0.0,0.0,0.0
2024-02-01,Starr,TANF State Program,2,13,10,3,1200.42,541.14,89.09
2024-02-01,Stephens,TANF State Program,0,0,0,0,0.0,0.0,0.0
2024-02-01,Sterling,TANF State Program,0,0,0,0,0.0,0.0,0.0
2024-02-01,Stonewall,TANF State Program,0,0,0,0,0.0,0.0,0.0
2024-02-01,Sutton,TANF State Program,0,0,0,0,0.0,0.0,0.0
2024-02-01,Swisher,TANF State Program,0,0,0,0,0.0,0.0,0.0
2024-02-01,Tarrant,TANF State Program,10,43,24,18,3881.32,388.82,90.96
2024-02-01,Taylor,TANF State Program,2,9,4,5,888.51,400.53,98.91
2024-02-01,Terrell,TANF State Program,0,0,0,0,0.0,0.0,0.0
2024-02-01,Terry,TANF State Program,0,0,0,0,0.0,0.0,0.0
2024-02-01,Throckmorton,TANF State Program,0,0,0,0,0.0,0.0,0.0
2024-02-01,Titus,TANF State Program,0,0,0,0,0.0,0.0,0.0
2024-02-01,Tom Green,TANF State Program,0,0,0,0,0.0,0.0,0.0
2024-02-01,Travis,TANF State Program,8,27,13,14,2840.15,365.81,105.39
2024-02-01,Trinity,TANF State Program,0,0,0,0,0.0,0.0,0.0
2024-02-01,Tyler,TANF State Program,1,4,3,1,465.67,419.84,103.68
2024-02-01,Upshur,TANF State Program,1,2,1,1,334.98,302.01,149.16
2024-02-01,Upton,TANF State Program,0,0,0,0,0.0,0.0,0.0
2024-02-01,Uvalde,TANF State Program,0,0,0,0,0.0,0.0,0.0
2024-02-01,Val Verde,TANF State Program,0,0,0,0,0.0,0.0,0.0
2024-02-01,Van Zandt,TANF State Program,0,0,0,0,0.0,0.0,0.0
2024-02-01,Victoria,TANF State Program,0,0,0,0,0.0,0.0,0.0
2024-02-01,Walker,TANF State Program,0,0,0,0,0.0,0.0,0.0
2024-02-01,Waller,TANF State Program,0,0,0,0,0.0,0.0,0.0
2024-02-01,Ward,TANF State Program,0,0,0,0,0.0,0.0,0.0
2024-02-01,Washington,TANF State Program,0,0,0,0,0.0,0.0,0.0
2024-02-01,Webb,TANF State Program,1,1,1,0,132.89,119.81,118.35
2024-02-01,Wharton,TANF State Program,0,0,0,0,0.0,0.0,0.0
2024-02-01,Wheeler,TANF State Program,0,0,0,0,0.0,0.0,0.0
2024-02-01,Wichita,TANF State Program,2,7,2,5,847.87,382.21,125.85
2024-02-01,Wilbarger,TANF State Program,0,0,0,0,0.0,0.0,0.0
2024-02-01,Willacy,TANF State Program,1,6,3,2,552.43,498.07,98.4
2024-02-01,Williamson,TANF State Program,2,9,4,5,857.76,386.67,95.49
2024-02-01,Wilson,TANF State Program,0,0,0,0,0.0,0.0,0.0
2024-02-01,Winkler,TANF State Program,0,0,0,0,0.0,0.0,0.0
2024-02-01,Wise,TANF State Program,1,6,3,2,552.43,498.07,98.4
2024-02-01,Wood,TANF State Program,2,8,6,2,853.36,384.69,108.57
2024-02-01,Yoakum,TANF State Program,0,0,0,0,0.0,0.0,0.0
2024-02-01,Young,TANF State Program,1,4,3,1,465.67,419.84,103.68
2024-02-01,Zapata,TANF State Program,0,0,0,0,0.0,0.0,0.0
2024-02-01,Zavala,TANF State Program,0,0,0,0,0.0,0.0,0.0
2024-03-01,Anderson,TANF Basic,17,34,27,7,3410.28,197.43,101.09
2024-03-01,Andrews,TANF Basic,0,0,0,0,0.0,0.0,0.0
2024-03-01,Angelina,TANF Basic,29,57,46,10,5935.34,203.62,104.88
2024-03-01,Aransas,TANF Basic,9,23,17,6,2428.73,281.21,106.27
2024-03-01,Archer,TANF Basic,1,1,1,0,129.52,119.97,119.01
2024-03-01,Armstrong,TANF Basic,0,0,0,0,0.0,0.0,0.0
2024-03-01,Atascosa,TANF Basic,16,49,40,9,4659.43,287.73,95.14
2024-03-01,Austin,TANF Basic,1,4,3,1,453.85,420.39,104.26
2024-03-01,Bailey,TANF Basic,1,4,4,0,310.41,287.53,71.31
2024-03-01,Bandera,TANF Basic,2,5,4,1,476.33,220.61,87.54
2024-03-01,Bastrop,TANF Basic,21,32,25,7,3562.27,173.67,112.87
2024-03-01,Baylor,TANF Basic,4,11,10,1,956.93,221.6,87.93
2024-03-01,Bee,TANF Basic,9,25,21,5,2196.45,254.32,87.75
2024-03-01,Bell,TANF Basic,151,361,277,86,37571.93,248.59,103.99
2024-03-01,Bexar,TANF Basic,461,1041,827,217,106975.26,232.06,102.71
2024-03-01,Blanco,TANF Basic,0,0,0,0,0.0,0.0,0.0
2024-03-01,Borden,TANF Basic,0,0,0,0,0.0,0.0,0.0
2024-03-01,Bosque,TANF Basic,4,8,4,3,991.19,229.53,130.11
2024-03-01,Bowie,TANF Basic,36,70,57,12,7099.93,199.29,101.94
2024-03-01,Brazoria,TANF Basic,43,79,65,15,8553.53,198.08,107.67
2024-03-01,Brazos,TANF Basic,32,71,59,11,6811.99,210.33,96.3
2024-03-01,Brewster,TANF Basic,0,0,0,0,0.0,0.0,0.0
2024-03-01,Briscoe,TANF Basic,0,0,0,0,0.0,0.0,0.0
2024-03-01,Brooks,TANF Basic,4,7,5,1,771.75,178.72,118.19
2024-03-01,Brown,TANF Basic,8,13,10,3,1138.9,150.71,87.21
2024-03-01,Burleson,TANF Basic,4,9,6,2,924.82,214.16,106.23
2024-03-01,Burnet,TANF Basic,4,11,9,2,1104.65,255.81,101.5
2024-03-01,Caldwell,TANF Basic,4,5,3,2,742.85,172.02,136.52
2024-03-01,Calhoun,TANF Basic,1,1,1,0,129.52,119.97,119.01
2024-03-01,Callahan,TANF Basic,1,1,1,0,129.52,119.97,119.01
2024-03-01,Cameron,TANF Basic,371,916,848,64,80203.61,215.96,87.53
2024-03-01,Camp,TANF Basic,2,4,4,0,372.5,172.52,85.57
2024-03-01,Carson,TANF Basic,1,2,2,0,186.25,172.52,85.57
2024-03-01,Cass,TANF Basic,5,15,12,3,1413.99,261.95,92.81
2024-03-01,Castro,TANF Basic,2,9,8,1,571.59,264.73,65.65
2024-03-01,Chambers,TANF Basic,3,10,6,3,1158.17,357.6,118.25
2024-03-01,Cherokee,TANF Basic,14,32,27,5,3225.1,229.8,102.19
2024-03-01,Childress,TANF Basic,2,7,5,1,546.97,253.33,83.77
2024-03-01,Clay,TANF Basic,2,3,2,1,455.99,211.19,139.67
2024-03-01,Cochran,TANF Basic,0,0,0,0,0.0,0.0,0.0
2024-03-01,Coke,TANF Basic,0,0,0,0,0.0,0.0,0.0
2024-03-01,Coleman,TANF Basic,0,0,0,0,0.0,0.0,0.0
2024-03-01,Collin,TANF Basic,109,266,198,69,26421.63,242.32,99.5
2024-03-01,Collingsworth,TANF Basic,0,0,0,0,0.0,0.0,0.0
2024-03-01,Colorado,TANF Basic,2,5,3,2,528.78,244.9,97.18
2024-03-01,Comal,TANF Basic,17,48,33,15,5320.93,308.04,111.12
2024-03-01,Comanche,TANF Basic,2,4,4,0,389.62,180.45,89.5
2024-03-01,Concho,TANF Basic,0,0,0,0,0.0,0.0,0.0
2024-03-01,Cooke,TANF Basic,5,12,9,3,1417.2,262.55,118.39
2024-03-01,Coryell,TANF Basic,23,58,46,11,5713.77,252.03,99.06
2024-03-01,Cottle,TANF Basic,0,0,0,0,0.0,0.0,0.0
2024-03-01,Crane,TANF Basic,0,0,0,0,0.0,0.0,0.0
2024-03-01,Crockett,TANF Basic,0,0,0,0,0.0,0.0,0.0
2024-03-01,Crosby,TANF Basic,2,7,5,1,578.01,267.7,88.52
2024-03-01,Culberson,TANF Basic,0,0,0,0,0.0,0.0,0.0
2024-03-01,Dallam,TANF Basic,0,0,0,0,0.0,0.0,0.0
2024-03-01,Dallas,TANF Basic,579,1336,1061,278,135856.65,234.78,101.66
2024-03-01,Dawson,TANF Basic,2,3,2,1,455.99,211.19,139.67
2024-03-01,Deaf Smith,TANF Basic,8,15,14,1,1465.37,193.91,96.18
2024-03-01,Delta,TANF Basic,3,5,4,1,609.05,188.05,111.93
2024-03-01,Denton,TANF Basic,70,176,143,34,16267.86,231.83,92.27
2024-03-01,Dewitt,TANF Basic,2,4,2,2,652.94,302.41,149.99
2024-03-01,Dickens,TANF Basic,0,0,0,0,0.0,0.0,0.0
2024-03-01,Dimmit,TANF Basic,2,3,2,1,455.99,211.19,139.67
2024-03-01,Donley,TANF Basic,1,3,3,0,260.11,240.93,79.67
2024-03-01,Duval,TANF Basic,0,0,0,0,0.0,0.0,0.0
2024-03-01,Eastland,TANF Basic,8,16,14,2,1652.69,218.69,101.24
2024-03-01,Ector,TANF Basic,28,62,53,9,5503.97,196.09,88.73
2024-03-01,Edwards,TANF Basic,0,0,0,0,0.0,0.0,0.0
2024-03-01,El Paso,TANF Basic,264,634,522,113,61335.76,231.9,96.67
2024-03-01,Ellis,TANF Basic,23,48,39,9,4703.31,207.46,98.22
2024-03-01,Erath,TANF Basic,8,13,13,0,1224.53,162.04,93.77
2024-03-01,Falls,TANF Basic,6,19,15,3,1765.08,272.5,95.41
2024-03-01,Fannin,TANF Basic,10,24,19,5,2520.78,259.44,105.29
2024-03-01,Fayette,TANF Basic,0,0,0,0,0.0,0.0,0.0
2024-03-01,Fisher,TANF Basic,0,0,0,0,0.0,0.0,0.0
2024-03-01,Floyd,TANF Basic,1,2,2,0,186.25,172.52,85.57
2024-03-01,Foard,TANF Basic,0,0,0,0,0.0,0.0,0.0
2024-03-01,Fort Bend,TANF Basic,70,152,118,35,15145.02,215.83,99.4
2024-03-01,Franklin,TANF Basic,2,3,2,1,455.99,211.19,139.67
2024-03-01,Freestone,TANF Basic,4,15,13,2,1397.94,323.72,91.75
2024-03-01,Frio,TANF Basic,10,21,16,5,2314.19,238.18,111.92
2024-03-01,Gaines,TANF Basic,3,4,4,0,445.28,137.49,102.29
2024-03-01,Galveston,TANF Basic,57,109,90,19,11607.36,202.86,106.66
2024-03-01,Garza,TANF Basic,0,0,0,0,0.0,0.0,0.0
2024-03-01,Gillespie,TANF Basic,1,1,1,0,129.52,119.97,119.01
2024-03-01,Glasscock,TANF Basic,0,0,0,0,0.0,0.0,0.0
2024-03-01,Goliad,TANF Basic,1,2,2,0,186.25,172.52,85.57
2024-03-01,Gonzales,TANF Basic,0,0,0,0,0.0,0.0,0.0
2024-03-01,Gray,TANF Basic,1,3,2,1,377.85,350.0,115.73
2024-03-01,Grayson,TANF Basic,24,47,36,11,5385.16,226.74,115.08
2024-03-01,Gregg,TANF Basic,27,57,44,12,5769.43,213.77,101.95
2024-03-01,Grimes,TANF Basic,2,3,2,1,455.99,211.19,139.67
2024-03-01,Guadalupe,TANF Basic,17,48,37,11,4411.1,255.37,92.12
2024-03-01,Hale,TANF Basic,3,13,11,2,1038.28,320.58,79.5
2024-03-01,Hall,TANF Basic,1,2,2,0,186.25,172.52,85.57
2024-03-01,Hamilton,TANF Basic,0,0,0,0,0.0,0.0,0.0
2024-03-01,Hansford,TANF Basic,0,0,0,0,0.0,0.0,0.0
2024-03-01,Hardeman,TANF Basic,2,4,4,0,372.5,172.52,85.57
2024-03-01,Hardin,TANF Basic,10,19,14,5,2169.69,223.31,117.28
2024-03-01,Harris,TANF Basic,905,2072,1663,412,204414.37,225.95,98.65
2024-03-01,Harrison,TANF Basic,17,39,32,7,3580.47,207.28,91.39
2024-03-01,Hartley,TANF Basic,1,3,2,1,377.85,350.0,115.73
2024-03-01,Haskell,TANF Basic,1,2,2,0,186.25,172.52,85.57
2024-03-01,Hays,TANF Basic,17,41,29,12,4747.2,274.83,114.79
2024-03-01,Hemphill,TANF Basic,1,1,1,0,129.52,119.97,119.01
2024-03-01,Henderson,TANF Basic,15,28,24,5,2609.62,172.66,92.23
2024-03-01,Hidalgo,TANF Basic,1104,3092,2944,132,249315.29,225.75,80.64
2024-03-01,Hill,TANF Basic,8,21,16,5,2112.96,279.6,102.19
2024-03-01,Hockley,TANF Basic,8,16,13,3,1601.31,211.9,98.09
2024-03-01,Hood,TANF Basic,11,20,16,3,2096.9,194.23,107.04
2024-03-01,Hopkins,TANF Basic,8,17,15,2,1721.19,227.76,98.85
2024-03-01,Houston,TANF Basic,8,19,14,5,2057.3,272.24,111.2
2024-03-01,Howard,TANF Basic,3,8,6,1,769.61,237.63,101.03
2024-03-01,Hudspeth,TANF Basic,1,2,1,1,326.47,302.41,149.99
2024-03-01,Hunt,TANF Basic,23,50,37,14,5716.98,252.17,114.2
2024-03-01,Hutchinson,TANF Basic,3,4,3,1,407.82,125.92,93.68
2024-03-01,Irion,TANF Basic,0,0,0,0,0.0,0.0,0.0
2024-03-01,Jack,TANF Basic,1,3,2,1,377.85,350.0,115.73
2024-03-01,Jackson,TANF Basic,1,1,1,0,129.52,119.97,119.01
2024-03-01,Jasper,TANF Basic,13,28,23,6,2872.94,221.76,101.53
2024-03-01,Jeff Davis,TANF Basic,0,0,0,0,0.0,0.0,0.0
2024-03-01,Jefferson,TANF Basic,97,222,174,49,22158.24,228.05,99.81
2024-03-01,Jim Hogg,TANF Basic,2,3,3,0,315.77,146.25,96.72
2024-03-01,Jim Wells,TANF Basic,11,27,24,3,2612.83,242.02,96.04
2024-03-01,Johnson,TANF Basic,29,58,48,10,5826.16,199.88,101.01
2024-03-01,Jones,TANF Basic,2,7,4,2,780.32,361.4,119.5
2024-03-01,Karnes,TANF Basic,2,2,2,0,259.04,119.97,119.01
2024-03-01,Kaufman,TANF Basic,37,94,78,16,8935.66,243.44,95.47
2024-03-01,Kendall,TANF Basic,5,14,11,3,1434.33,265.72,101.38
2024-03-01,Kenedy,TANF Basic,0,0,0,0,0.0,0.0,0.0
2024-03-01,Kent,TANF Basic,0,0,0,0,0.0,0.0,0.0
2024-03-01,Kerr,TANF Basic,5,11,8,3,1346.56,249.46,123.73
2024-03-01,Kimble,TANF Basic,0,0,0,0,0.0,0.0,0.0
2024-03-01,King,TANF Basic,0,0,0,0,0.0,0.0,0.0
2024-03-01,Kinney,TANF Basic,0,0,0,0,0.0,0.0,0.0
2024-03-01,Kleberg,TANF Basic,17,46,33,12,4746.13,274.77,103.84
2024-03-01,Knox,TANF Basic,1,4,3,1,453.85,420.39,104.26
2024-03-01,La Salle,TANF Basic,0,0,0,0,0.0,0.0,0.0
2024-03-01,Lamar,TANF Basic,29,57,43,14,5843.29,200.47,103.26
2024-03-01,Lamb,TANF Basic,5,11,9,2,1076.82,199.49,98.95
2024-03-01,Lampasas,TANF Basic,3,9,6,2,791.02,244.24,90.86
2024-03-01,Lavaca,TANF Basic,1,1,1,0,129.52,119.97,119.01
2024-03-01,Lee,TANF Basic,5,8,8,0,753.56,139.6,98.92
2024-03-01,Leon,TANF Basic,4,14,12,2,1137.83,263.49,80.43
2024-03-01,Liberty,TANF Basic,26,44,37,7,4772.89,184.21,109.64
2024-03-01,Limestone,TANF Basic,6,10,9,1,1087.52,167.89,111.03
2024-03-01,Lipscomb,TANF Basic,1,2,1,1,326.47,302.41,149.99
2024-03-01,Live Oak,TANF Basic,2,5,4,1,476.33,220.61,87.54
2024-03-01,Llano,TANF Basic,2,2,1,1,286.87,132.86,131.8
2024-03-01,Loving,TANF Basic,0,0,0,0,0.0,0.0,0.0
2024-03-01,Lubbock,TANF Basic,78,175,137,38,17977.28,231.28,102.6
2024-03-01,Lynn,TANF Basic,0,0,0,0,0.0,0.0,0.0
2024-03-01,Madison,TANF Basic,5,10,9,1,651.87,120.76,66.55
2024-03-01,Marion,TANF Basic,1,1,1,0,129.52,119.97,119.01
2024-03-01,Martin,TANF Basic,0,0,0,0,0.0,0.0,0.0
2024-03-01,Mason,TANF Basic,0,0,0,0,0.0,0.0,0.0
2024-03-01,Matagorda,TANF Basic,12,28,24,5,2798.01,235.61,98.89
2024-03-01,Maverick,TANF Basic,14,46,38,8,4248.4,302.71,92.95
2024-03-01,Mcculloch,TANF Basic,1,3,2,1,377.85,350.0,115.73
2024-03-01,Mclennan,TANF Basic,59,140,110,30,13630.41,229.56,97.09
2024-03-01,Mcmullen,TANF Basic,0,0,0,0,0.0,0.0,0.0
2024-03-01,Medina,TANF Basic,12,25,21,5,2214.65,186.49,88.48
2024-03-01,Menard,TANF Basic,0,0,0,0,0.0,0.0,0.0
2024-03-01,Midland,TANF Basic,21,44,35,9,4641.23,226.27,106.62
2024-03-01,Milam,TANF Basic,3,9,6,2,960.14,296.46,110.28
2024-03-01,Mills,TANF Basic,1,3,2,1,377.85,350.0,115.73
2024-03-01,Mitchell,TANF Basic,1,2,1,1,326.47,302.41,149.99
2024-03-01,Montague,TANF Basic,1,1,1,0,129.52,119.97,119.01
2024-03-01,Montgomery,TANF Basic,79,169,144,25,17081.36,216.74,101.26
2024-03-01,Moore,TANF Basic,6,14,12,2,1354.05,209.04,95.71
2024-03-01,Morris,TANF Basic,11,19,16,2,1939.56,179.66,104.84
2024-03-01,Motley,TANF Basic,0,0,0,0,0.0,0.0,0.0
2024-03-01,Nacogdoches,TANF Basic,17,33,26,7,3428.47,198.48,105.01
2024-03-01,Navarro,TANF Basic,16,33,29,3,3274.34,202.2,100.29
2024-03-01,Newton,TANF Basic,4,8,5,2,662.57,153.43,86.98
2024-03-01,Nolan,TANF Basic,3,4,3,1,356.44,110.06,81.88
2024-03-01,Nueces,TANF Basic,150,353,274,79,35680.54,237.77,101.19
2024-03-01,Ochiltree,TANF Basic,1,2,2,0,186.25,172.52,85.57
2024-03-01,Oldham,TANF Basic,0,0,0,0,0.0,0.0,0.0
2024-03-01,Orange,TANF Basic,29,66,52,15,7342.91,251.91,110.61
2024-03-01,Palo Pinto,TANF Basic,6,10,9,1,1060.76,163.76,108.3
2024-03-01,Panola,TANF Basic,5,8,6,1,860.6,159.43,112.97
2024-03-01,Parker,TANF Basic,13,21,15,6,2404.11,185.57,116.27
2024-03-01,Parmer,TANF Basic,1,2,1,1,326.47,302.41,149.99
2024-03-01,Pecos,TANF Basic,0,0,0,0,0.0,0.0,0.0
2024-03-01,Polk,TANF Basic,15,27,23,5,2978.91,197.09,109.49
2024-03-01,Potter,TANF Basic,32,73,52,21,8019.4,247.61,109.98
2024-03-01,Presidio,TANF Basic,6,15,14,1,1373.32,212.01,90.14
2024-03-01,Rains,TANF Basic,6,16,13,3,1681.59,259.61,103.01
2024-03-01,Randall,TANF Basic,15,22,18,3,2578.58,170.61,118.47
2024-03-01,Reagan,TANF Basic,0,0,0,0,0.0,0.0,0.0
2024-03-01,Real,TANF Basic,0,0,0,0,0.0,0.0,0.0
2024-03-01,Red River,TANF Basic,5,16,15,1,1397.94,258.98,85.64
2024-03-01,Reeves,TANF Basic,3,5,4,1,642.24,198.3,118.03
2024-03-01,Refugio,TANF Basic,3,5,3,2,769.61,237.63,141.44
2024-03-01,Roberts,TANF Basic,0,0,0,0,0.0,0.0,0.0
2024-03-01,Robertson,TANF Basic,4,12,10,2,1221.32,282.82,102.02
2024-03-01,Rockwall,TANF Basic,6,19,14,5,1850.71,285.72,100.03
2024-03-01,Runnels,TANF Basic,0,0,0,0,0.0,0.0,0.0
2024-03-01,Rusk,TANF Basic,4,7,5,1,771.75,178.72,118.19
2024-03-01,Sabine,TANF Basic,3,7,4,2,839.19,259.11,128.52
2024-03-01,San Jacinto,TANF Basic,6,13,12,1,1282.33,197.97,98.19
2024-03-01,San Juneine,TANF Basic,0,0,0,0,0.0,0.0,0.0
2024-03-01,San Patricio,TANF Basic,14,29,23,7,2700.61,192.43,91.91
2024-03-01,San Saba,TANF Basic,0,0,0,0,0.0,0.0,0.0
2024-03-01,Schleicher,TANF Basic,0,0,0,0,0.0,0.0,0.0
2024-03-01,Scurry,TANF Basic,8,14,12,2,1539.23,203.68,108.8
2024-03-01,Shackelford,TANF Basic,0,0,0,0,0.0,0.0,0.0
2024-03-01,Shelby,TANF Basic,4,5,5,0,574.8,133.11,105.63
2024-03-01,Sherman,TANF Basic,0,0,0,0,0.0,0.0,0.0
2024-03-01,Smith,TANF Basic,27,57,42,15,6171.9,228.68,109.06
2024-03-01,Somervell,TANF Basic,0,0,0,0,0.0,0.0,0.0
2024-03-01,Starr,TANF Basic,58,145,136,8,12406.95,212.82,85.72
2024-03-01,Stephens,TANF Basic,0,0,0,0,0.0,0.0,0.0
2024-03-01,Sterling,TANF Basic,0,0,0,0,0.0,0.0,0.0
2024-03-01,Stonewall,TANF Basic,0,0,0,0,0.0,0.0,0.0
2024-03-01,Sutton,TANF Basic,0,0,0,0,0.0,0.0,0.0
2024-03-01,Swisher,TANF Basic,2,7,5,1,533.06,246.88,81.64
2024-03-01,Tarrant,TANF Basic,356,817,657,161,83472.6,234.3,102.13
2024-03-01,Taylor,TANF Basic,46,94,68,26,9751.3,210.06,104.19
2024-03-01,Terrell,TANF Basic,0,0,0,0,0.0,0.0,0.0
2024-03-01,Terry,TANF Basic,4,12,9,3,1337.99,309.84,111.77
2024-03-01,Throckmorton,TANF Basic,0,0,0,0,0.0,0.0,0.0
2024-03-01,Titus,TANF Basic,8,19,15,3,1886.04,249.57,101.94
2024-03-01,Tom Green,TANF Basic,18,34,26,8,3608.3,196.61,106.95
2024-03-01,Travis,TANF Basic,178,357,267,91,39518.98,221.85,110.71
2024-03-01,Trinity,TANF Basic,3,7,4,2,833.84,257.46,127.7
2024-03-01,Tyler,TANF Basic,2,2,2,0,259.04,119.97,119.01
2024-03-01,Upshur,TANF Basic,10,19,16,2,1572.41,161.83,84.99
2024-03-01,Upton,TANF Basic,2,3,2,1,455.99,211.19,139.67
2024-03-01,Uvalde,TANF Basic,11,23,19,3,1970.6,182.53,86.23
2024-03-01,Val Verde,TANF Basic,28,67,53,15,6803.43,242.38,100.83
2024-03-01,Van Zandt,TANF Basic,8,13,13,0,1218.11,161.19,93.27
2024-03-01,Victoria,TANF Basic,17,39,32,7,4030.04,233.31,102.86
2024-03-01,Walker,TANF Basic,16,39,32,7,3864.13,238.62,98.63
2024-03-01,Waller,TANF Basic,5,12,12,0,1015.8,188.19,84.85
2024-03-01,Ward,TANF Basic,2,4,4,0,376.78,174.5,86.55
2024-03-01,Washington,TANF Basic,4,10,8,2,1089.66,252.33,111.25
2024-03-01,Webb,TANF Basic,107,286,269,16,24355.76,227.88,85.1
2024-03-01,Wharton,TANF Basic,9,13,10,3,1683.73,194.95,128.93
2024-03-01,Wheeler,TANF Basic,0,0,0,0,0.0,0.0,0.0
2024-03-01,Wichita,TANF Basic,43,84,69,15,8746.2,202.54,104.37
2024-03-01,Wilbarger,TANF Basic,0,0,0,0,0.0,0.0,0.0
2024-03-01,Willacy,TANF Basic,14,36,28,8,3814.89,271.82,106.23
2024-03-01,Williamson,TANF Basic,42,96,70,26,10588.35,251.48,110.56
2024-03-01,Wilson,TANF Basic,6,12,10,2,1330.5,205.4,111.14
2024-03-01,Winkler,TANF Basic,1,1,1,0,129.52,119.97,119.01
2024-03-01,Wise,TANF Basic,8,16,14,2,1640.92,217.14,100.52
2024-03-01,Wood,TANF Basic,10,15,15,0,1367.96,140.79,89.79
2024-03-01,Yoakum,TANF Basic,1,3,2,1,377.85,350.0,115.73
2024-03-01,Young,TANF Basic,4,7,6,0,631.53,146.25,96.72
2024-03-01,Zapata,TANF Basic,4,12,9,3,1234.17,285.8,103.1
2024-03-01,Zavala,TANF Basic,5,15,12,3,1579.9,292.69,103.7
2024-03-01,Anderson,TANF State Program,0,0,0,0,0.0,0.0,0.0
2024-03-01,Andrews,TANF State Program,1,6,3,2,547.87,496.06,98.06
2024-03-01,Angelina,TANF State Program,0,0,0,0,0.0,0.0,0.0
2024-03-01,Aransas,TANF State Program,1,6,3,2,547.87,496.06,98.06
2024-03-01,Archer,TANF State Program,0,0,0,0,0.0,0.0,0.0
2024-03-01,Armstrong,TANF State Program,0,0,0,0,0.0,0.0,0.0
2024-03-01,Atascosa,TANF State Program,1,6,3,2,368.15,333.34,65.89
2024-03-01,Austin,TANF State Program,0,0,0,0,0.0,0.0,0.0
2024-03-01,Bailey,TANF State Program,0,0,0,0,0.0,0.0,0.0
2024-03-01,Bandera,TANF State Program,0,0,0,0,0.0,0.0,0.0
2024-03-01,Bastrop,TANF State Program,0,0,0,0,0.0,0.0,0.0
2024-03-01,Baylor,TANF State Program,0,0,0,0,0.0,0.0,0.0
2024-03-01,Bee,TANF State Program,0,0,0,0,0.0,0.0,0.0
2024-03-01,Bell,TANF State Program,6,21,13,8,2142.47,387.97,100.91
2024-03-01,Bexar,TANF State Program,17,48,26,23,5307.71,320.38,110.46
2024-03-01,Blanco,TANF State Program,0,0,0,0,0.0,0.0,0.0
2024-03-01,Borden,TANF State Program,0,0,0,0,0.0,0.0,0.0
2024-03-01,Bosque,TANF State Program,0,0,0,0,0.0,0.0,0.0
2024-03-01,Bowie,TANF State Program,1,3,1,2,420.43,380.67,125.41
2024-03-01,Brazoria,TANF State Program,1,6,3,2,547.87,496.06,98.06
2024-03-01,Brazos,TANF State Program,1,4,2,2,472.72,428.01,105.76
2024-03-01,Brewster,TANF State Program,0,0,0,0,0.0,0.0,0.0
2024-03-01,Briscoe,TANF State Program,0,0,0,0,0.0,0.0,0.0
2024-03-01,Brooks,TANF State Program,0,0,0,0,0.0,0.0,0.0
2024-03-01,Brown,TANF State Program,0,0,0,0,0.0,0.0,0.0
2024-03-01,Burleson,TANF State Program,0,0,0,0,0.0,0.0,0.0
2024-03-01,Burnet,TANF State Program,0,0,0,0,0.0,0.0,0.0
2024-03-01,Caldwell,TANF State Program,0,0,0,0,0.0,0.0,0.0
2024-03-01,Calhoun,TANF State Program,0,0,0,0,0.0,0.0,0.0
2024-03-01,Callahan,TANF State Program,0,0,0,0,0.0,0.0,0.0
2024-03-01,Cameron,TANF State Program,7,23,12,11,2325.46,350.92,99.1
2024-03-01,Camp,TANF State Program,0,0,0,0,0.0,0.0,0.0
2024-03-01,Carson,TANF State Program,0,0,0,0,0.0,0.0,0.0
2024-03-01,Cass,TANF State Program,0,0,0,0,0.0,0.0,0.0
2024-03-01,Castro,TANF State Program,0,0,0,0,0.0,0.0,0.0
2024-03-01,Chambers,TANF State Program,0,0,0,0,0.0,0.0,0.0
2024-03-01,Cherokee,TANF State Program,0,0,0,0,0.0,0.0,0.0
2024-03-01,Childress,TANF State Program,0,0,0,0,0.0,0.0,0.0
2024-03-01,Clay,TANF State Program,1,3,1,2,420.43,380.67,125.41
2024-03-01,Cochran,TANF State Program,0,0,0,0,0.0,0.0,0.0
2024-03-01,Coke,TANF State Program,0,0,0,0,0.0,0.0,0.0
2024-03-01,Coleman,TANF State Program,0,0,0,0,0.0,0.0,0.0
2024-03-01,Collin,TANF State Program,6,18,14,3,1646.88,298.23,92.11
2024-03-01,Collingsworth,TANF State Program,0,0,0,0,0.0,0.0,0.0
2024-03-01,Colorado,TANF State Program,0,0,0,0,0.0,0.0,0.0
2024-03-01,Comal,TANF State Program,0,0,0,0,0.0,0.0,0.0
2024-03-01,Comanche,TANF State Program,0,0,0,0,0.0,0.0,0.0
2024-03-01,Concho,TANF State Program,0,0,0,0,0.0,0.0,0.0
2024-03-01,Cooke,TANF State Program,0,0,0,0,0.0,0.0,0.0
2024-03-01,Coryell,TANF State Program,0,0,0,0,0.0,0.0,0.0
2024-03-01,Cottle,TANF State Program,0,0,0,0,0.0,0.0,0.0
2024-03-01,Crane,TANF State Program,0,0,0,0,0.0,0.0,0.0
2024-03-01,Crockett,TANF State Program,0,0,0,0,0.0,0.0,0.0
2024-03-01,Crosby,TANF State Program,0,0,0,0,0.0,0.0,0.0
2024-03-01,Culberson,TANF State Program,0,0,0,0,0.0,0.0,0.0
2024-03-01,Dallam,TANF State Program,0,0,0,0,0.0,0.0,0.0
2024-03-01,Dallas,TANF State Program,17,59,29,30,5609.42,338.6,94.71
2024-03-01,Dawson,TANF State Program,0,0,0,0,0.0,0.0,0.0
2024-03-01,Deaf Smith,TANF State Program,0,0,0,0,0.0,0.0,0.0
2024-03-01,Delta,TANF State Program,0,0,0,0,0.0,0.0,0.0
2024-03-01,Denton,TANF State Program,2,9,7,2,812.55,367.85,90.89
2024-03-01,Dewitt,TANF State Program,0,0,0,0,0.0,0.0,0.0
2024-03-01,Dickens,TANF State Program,0,0,0,0,0.0,0.0,0.0
2024-03-01,Dimmit,TANF State Program,1,3,2,1,384.49,348.13,114.69
2024-03-01,Donley,TANF State Program,0,0,0,0,0.0,0.0,0.0
2024-03-01,Duval,TANF State Program,1,3,2,1,384.49,348.13,114.69
2024-03-01,Eastland,TANF State Program,1,2,1,1,332.21,300.79,148.64
2024-03-01,Ector,TANF State Program,2,4,2,2,552.23,250.0,123.54
2024-03-01,Edwards,TANF State Program,0,0,0,0,0.0,0.0,0.0
2024-03-01,El Paso,TANF State Program,13,50,28,23,5181.36,390.95,103.04
2024-03-01,Ellis,TANF State Program,0,0,0,0,0.0,0.0,0.0
2024-03-01,Erath,TANF State Program,0,0,0,0,0.0,0.0,0.0
2024-03-01,Falls,TANF State Program,0,0,0,0,0.0,0.0,0.0
2024-03-01,Fannin,TANF State Program,0,0,0,0,0.0,0.0,0.0
2024-03-01,Fayette,TANF State Program,0,0,0,0,0.0,0.0,0.0
2024-03-01,Fisher,TANF State Program,0,0,0,0,0.0,0.0,0.0
2024-03-01,Floyd,TANF State Program,0,0,0,0,0.0,0.0,0.0
2024-03-01,Foard,TANF State Program,0,0,0,0,0.0,0.0,0.0
2024-03-01,Fort Bend,TANF State Program,3,13,9,5,954.15,287.97,71.15
2024-03-01,Franklin,TANF State Program,0,0,0,0,0.0,0.0,0.0
2024-03-01,Freestone,TANF State Program,0,0,0,0,0.0,0.0,0.0
2024-03-01,Frio,TANF State Program,1,1,0,1,160.11,144.97,143.28
2024-03-01,Gaines,TANF State Program,0,0,0,0,0.0,0.0,0.0
2024-03-01,Galveston,TANF State Program,0,0,0,0,0.0,0.0,0.0
2024-03-01,Garza,TANF State Program,0,0,0,0,0.0,0.0,0.0
2024-03-01,Gillespie,TANF State Program,0,0,0,0,0.0,0.0,0.0
2024-03-01,Glasscock,TANF State Program,0,0,0,0,0.0,0.0,0.0
2024-03-01,Goliad,TANF State Program,0,0,0,0,0.0,0.0,0.0
2024-03-01,Gonzales,TANF State Program,0,0,0,0,0.0,0.0,0.0
2024-03-01,Gray,TANF State Program,0,0,0,0,0.0,0.0,0.0
2024-03-01,Grayson,TANF State Program,2,7,3,3,724.32,327.91,108.03
2024-03-01,Gregg,TANF State Program,2,4,2,2,552.23,250.0,123.54
2024-03-01,Grimes,TANF State Program,0,0,0,0,0.0,0.0,0.0
2024-03-01,Guadalupe,TANF State Program,1,2,2,0,189.52,171.6,84.8
2024-03-01,Hale,TANF State Program,1,3,2,1,384.49,348.13,114.69
2024-03-01,Hall,TANF State Program,0,0,0,0,0.0,0.0,0.0
2024-03-01,Hamilton,TANF State Program,0,0,0,0,0.0,0.0,0.0
2024-03-01,Hansford,TANF State Program,0,0,0,0,0.0,0.0,0.0
2024-03-01,Hardeman,TANF State Program,0,0,0,0,0.0,0.0,0.0
2024-03-01,Hardin,TANF State Program,1,2,2,0,189.52,171.6,84.8
2024-03-01,Harris,TANF State Program,20,79,48,32,6553.76,329.66,82.6
2024-03-01,Harrison,TANF State Program,0,0,0,0,0.0,0.0,0.0
2024-03-01,Hartley,TANF State Program,0,0,0,0,0.0,0.0,0.0
2024-03-01,Haskell,TANF State Program,0,0,0,0,0.0,0.0,0.0
2024-03-01,Hays,TANF State Program,2,10,6,5,1021.68,462.53,101.59
2024-03-01,Hemphill,TANF State Program,0,0,0,0,0.0,0.0,0.0
2024-03-01,Henderson,TANF State Program,2,7,2,5,840.87,380.67,125.41
2024-03-01,Hidalgo,TANF State Program,13,49,33,16,4143.35,312.63,84.27
2024-03-01,Hill,TANF State Program,1,2,1,1,332.21,300.79,148.64
2024-03-01,Hockley,TANF State Program,0,0,0,0,0.0,0.0,0.0
2024-03-01,Hood,TANF State Program,0,0,0,0,0.0,0.0,0.0
2024-03-01,Hopkins,TANF State Program,0,0,0,0,0.0,0.0,0.0
2024-03-01,Houston,TANF State Program,0,0,0,0,0.0,0.0,0.0
2024-03-01,Howard,TANF State Program,0,0,0,0,0.0,0.0,0.0
2024-03-01,Hudspeth,TANF State Program,0,0,0,0,0.0,0.0,0.0
2024-03-01,Hunt,TANF State Program,0,0,0,0,0.0,0.0,0.0
2024-03-01,Hutchinson,TANF State Program,0,0,0,0,0.0,0.0,0.0
2024-03-01,Irion,TANF State Program,0,0,0,0,0.0,0.0,0.0
2024-03-01,Jack,TANF State Program,0,0,0,0,0.0,0.0,0.0
2024-03-01,Jackson,TANF State Program,0,0,0,0,0.0,0.0,0.0
2024-03-01,Jasper,TANF State Program,0,0,0,0,0.0,0.0,0.0
2024-03-01,Jeff Davis,TANF State Program,0,0,0,0,0.0,0.0,0.0
2024-03-01,Jefferson,TANF State Program,3,11,8,3,1039.1,313.61,92.99
2024-03-01,Jim Hogg,TANF State Program,0,0,0,0,0.0,0.0,0.0
2024-03-01,Jim Wells,TANF State Program,0,0,0,0,0.0,0.0,0.0
2024-03-01,Johnson,TANF State Program,0,0,0,0,0.0,0.0,0.0
2024-03-01,Jones,TANF State Program,0,0,0,0,0.0,0.0,0.0
2024-03-01,Karnes,TANF State Program,0,0,0,0,0.0,0.0,0.0
2024-03-01,Kaufman,TANF State Program,2,11,7,5,1073.96,486.2,96.11
2024-03-01,Kendall,TANF State Program,0,0,0,0,0.0,0.0,0.0
2024-03-01,Kenedy,TANF State Program,0,0,0,0,0.0,0.0,0.0
2024-03-01,Kent,TANF State Program,0,0,0,0,0.0,0.0,0.0
2024-03-01,Kerr,TANF State Program,0,0,0,0,0.0,0.0,0.0
2024-03-01,Kimble,TANF State Program,0,0,0,0,0.0,0.0,0.0
2024-03-01,King,TANF State Program,0,0,0,0,0.0,0.0,0.0
2024-03-01,Kinney,TANF State Program,1,3,1,2,403.01,364.89,120.21
2024-03-01,Kleberg,TANF State Program,2,7,3,3,804.92,364.4,120.05
2024-03-01,Knox,TANF State Program,0,0,0,0,0.0,0.0,0.0
2024-03-01,La Salle,TANF State Program,0,0,0,0,0.0,0.0,0.0
2024-03-01,Lamar,TANF State Program,1,4,2,2,436.77,395.47,97.71
2024-03-01,Lamb,TANF State Program,0,0,0,0,0.0,0.0,0.0
2024-03-01,Lampasas,TANF State Program,0,0,0,0,0.0,0.0,0.0
2024-03-01,Lavaca,TANF State Program,0,0,0,0,0.0,0.0,0.0
2024-03-01,Lee,TANF State Program,1,4,2,2,472.72,428.01,105.76
2024-03-01,Leon,TANF State Program,0,0,0,0,0.0,0.0,0.0
2024-03-01,Liberty,TANF State Program,0,0,0,0,0.0,0.0,0.0
2024-03-01,Limestone,TANF State Program,0,0,0,0,0.0,0.0,0.0
2024-03-01,Lipscomb,TANF State Program,0,0,0,0,0.0,0.0,0.0
2024-03-01,Live Oak,TANF State Program,0,0,0,0,0.0,0.0,0.0
2024-03-01,Llano,TANF State Program,0,0,0,0,0.0,0.0,0.0
2024-03-01,Loving,TANF State Program,0,0,0,0,0.0,0.0,0.0
2024-03-01,Lubbock,TANF State Program,1,4,3,1,429.15,388.56,96.01
2024-03-01,Lynn,TANF State Program,0,0,0,0,0.0,0.0,0.0
2024-03-01,Madison,TANF State Program,0,0,0,0,0.0,0.0,0.0
2024-03-01,Marion,TANF State Program,1,4,2,2,472.72,428.01,105.76
2024-03-01,Martin,TANF State Program,0,0,0,0,0.0,0.0,0.0
2024-03-01,Mason,TANF State Program,0,0,0,0,0.0,0.0,0.0
2024-03-01,Matagorda,TANF State Program,0,0,0,0,0.0,0.0,0.0
2024-03-01,Maverick,TANF State Program,1,4,2,2,472.72,428.01,105.76
2024-03-01,Mcculloch,TANF State Program,0,0,0,0,0.0,0.0,0.0
2024-03-01,Mclennan,TANF State Program,1,4,3,1,461.82,418.15,103.32
2024-03-01,Mcmullen,TANF State Program,0,0,0,0,0.0,0.0,0.0
2024-03-01,Medina,TANF State Program,1,1,1,0,131.79,119.33,117.94
2024-03-01,Menard,TANF State Program,0,0,0,0,0.0,0.0,0.0
2024-03-01,Midland,TANF State Program,2,4,2,2,552.23,250.0,123.54
2024-03-01,Milam,TANF State Program,0,0,0,0,0.0,0.0,0.0
2024-03-01,Mills,TANF State Program,0,0,0,0,0.0,0.0,0.0
2024-03-01,Mitchell,TANF State Program,0,0,0,0,0.0,0.0,0.0
2024-03-01,Montague,TANF State Program,0,0,0,0,0.0,0.0,0.0
2024-03-01,Montgomery,TANF State Program,3,15,8,7,1212.29,365.88,83.45
2024-03-01,Moore,TANF State Program,0,0,0,0,0.0,0.0,0.0
2024-03-01,Morris,TANF State Program,0,0,0,0,0.0,0.0,0.0
2024-03-01,Motley,TANF State Program,0,0,0,0,0.0,0.0,0.0
2024-03-01,Nacogdoches,TANF State Program,0,0,0,0,0.0,0.0,0.0
2024-03-01,Navarro,TANF State Program,0,0,0,0,0.0,0.0,0.0
2024-03-01,Newton,TANF State Program,0,0,0,0,0.0,0.0,0.0
2024-03-01,Nolan,TANF State Program,0,0,0,0,0.0,0.0,0.0
2024-03-01,Nueces,TANF State Program,8,23,11,12,2682.72,347.0,114.32
2024-03-01,Ochiltree,TANF State Program,0,0,0,0,0.0,0.0,0.0
2024-03-01,Oldham,TANF State Program,0,0,0,0,0.0,0.0,0.0
2024-03-01,Orange,TANF State Program,0,0,0,0,0.0,0.0,0.0
2024-03-01,Palo Pinto,TANF State Program,0,0,0,0,0.0,0.0,0.0
2024-03-01,Panola,TANF State Program,0,0,0,0,0.0,0.0,0.0
2024-03-01,Parker,TANF State Program,2,11,7,5,1073.96,486.2,96.11
2024-03-01,Parmer,TANF State Program,0,0,0,0,0.0,0.0,0.0
2024-03-01,Pecos,TANF State Program,0,0,0,0,0.0,0.0,0.0
2024-03-01,Polk,TANF State Program,0,0,0,0,0.0,0.0,0.0
2024-03-01,Potter,TANF State Program,0,0,0,0,0.0,0.0,0.0
2024-03-01,Presidio,TANF State Program,0,0,0,0,0.0,0.0,0.0
2024-03-01,Rains,TANF State Program,0,0,0,0,0.0,0.0,0.0
2024-03-01,Randall,TANF State Program,1,3,1,2,348.55,315.58,103.97
2024-03-01,Reagan,TANF State Program,0,0,0,0,0.0,0.0,0.0
2024-03-01,Real,TANF State Program,0,0,0,0,0.0,0.0,0.0
2024-03-01,Red River,TANF State Program,0,0,0,0,0.0,0.0,0.0
2024-03-01,Reeves,TANF State Program,0,0,0,0,0.0,0.0,0.0
2024-03-01,Refugio,TANF State Program,0,0,0,0,0.0,0.0,0.0
2024-03-01,Roberts,TANF State Program,0,0,0,0,0.0,0.0,0.0
2024-03-01,Robertson,TANF State Program,0,0,0,0,0.0,0.0,0.0
2024-03-01,Rockwall,TANF State Program,0,0,0,0,0.0,0.0,0.0
2024-03-01,Runnels,TANF State Program,1,3,1,2,420.43,380.67,125.41
2024-03-01,Rusk,TANF State Program,1,4,2,2,472.72,428.01,105.76
2024-03-01,Sabine,TANF State Program,0,0,0,0,0.0,0.0,0.0
2024-03-01,San Jacinto,TANF State Program,0,0,0,0,0.0,0.0,0.0
2024-03-01,San Juneine,TANF State Program,0,0,0,0,0.0,0.0,0.0
2024-03-01,San Patricio,TANF State Program,1,3,1,2,420.43,380.67,125.41
2024-03-01,San Saba,TANF State Program,0,0,0,0,0.0,0.0,0.0
2024-03-01,Schleicher,TANF State Program,1,4,2,2,472.72,428.01,105.76
2024-03-01,Scurry,TANF State Program,0,0,0,0,0.0,0.0,0.0
2024-03-01,Shackelford,TANF State Program,0,0,0,0,0.0,0.0,0.0
2024-03-01,Shelby,TANF State Program,0,0,0,0,0.0,0.0,0.0
2024-03-01,Sherman,TANF State Program,0,0,0,0,0.0,0.0,0.0
2024-03-01,Smith,TANF State Program,1,3,2,1,384.49,348.13,114.69
2024-03-01,Somervell,TANF State Program,0,0,0,0,0.0,0.0,0.0
2024-03-01,Starr,TANF State Program,1,7,6,1,589.26,533.53,87.89
2024-03-01,Stephens,TANF State Program,0,0,0,0,0.0,0.0,0.0
2024-03-01,Sterling,TANF State Program,0,0,0,0,0.0,0.0,0.0
2024-03-01,Stonewall,TANF State Program,0,0,0,0,0.0,0.0,0.0
2024-03-01,Sutton,TANF State Program,0,0,0,0,0.0,0.0,0.0
2024-03-01,Swisher,TANF State Program,0,0,0,0,0.0,0.0,0.0
2024-03-01,Tarrant,TANF State Program,11,54,32,21,4970.05,450.0,92.66
2024-03-01,Taylor,TANF State Program,1,3,1,2,333.3,301.78,99.42
2024-03-01,Terrell,TANF State Program,0,0,0,0,0.0,0.0,0.0
2024-03-01,Terry,TANF State Program,0,0,0,0,0.0,0.0,0.0
2024-03-01,Throckmorton,TANF State Program,0,0,0,0,0.0,0.0,0.0
2024-03-01,Titus,TANF State Program,0,0,0,0,0.0,0.0,0.0
2024-03-01,Tom Green,TANF State Program,0,0,0,0,0.0,0.0,0.0
2024-03-01,Travis,TANF State Program,9,34,18,16,3261.09,369.09,97.28
2024-03-01,Trinity,TANF State Program,0,0,0,0,0.0,0.0,0.0
2024-03-01,Tyler,TANF State Program,0,0,0,0,0.0,0.0,0.0
2024-03-01,Upshur,TANF State Program,1,2,1,1,332.21,300.79,148.64
2024-03-01,Upton,TANF State Program,0,0,0,0,0.0,0.0,0.0
2024-03-01,Uvalde,TANF State Program,0,0,0,0,0.0,0.0,0.0
2024-03-01,Val Verde,TANF State Program,0,0,0,0,0.0,0.0,0.0
2024-03-01,Van Zandt,TANF State Program,0,0,0,0,0.0,0.0,0.0
2024-03-01,Victoria,TANF State Program,0,0,0,0,0.0,0.0,0.0
2024-03-01,Walker,TANF State Program,0,0,0,0,0.0,0.0,0.0
2024-03-01,Waller,TANF State Program,0,0,0,0,0.0,0.0,0.0
2024-03-01,Ward,TANF State Program,0,0,0,0,0.0,0.0,0.0
2024-03-01,Washington,TANF State Program,0,0,0,0,0.0,0.0,0.0
2024-03-01,Webb,TANF State Program,1,1,1,0,131.79,119.33,117.94
2024-03-01,Wharton,TANF State Program,0,0,0,0,0.0,0.0,0.0
2024-03-01,Wheeler,TANF State Program,0,0,0,0,0.0,0.0,0.0
2024-03-01,Wichita,TANF State Program,2,7,2,5,737.39,333.83,109.98
2024-03-01,Wilbarger,TANF State Program,0,0,0,0,0.0,0.0,0.0
2024-03-01,Willacy,TANF State Program,1,6,3,2,547.87,496.06,98.06
2024-03-01,Williamson,TANF State Program,2,9,4,5,945.43,428.01,105.76
2024-03-01,Wilson,TANF State Program,0,0,0,0,0.0,0.0,0.0
2024-03-01,Winkler,TANF State Program,0,0,0,0,0.0,0.0,0.0
2024-03-01,Wise,TANF State Program,1,6,3,2,547.87,496.06,98.06
2024-03-01,Wood,TANF State Program,1,4,3,1,461.82,418.15,103.32
2024-03-01,Yoakum,TANF State Program,0,0,0,0,0.0,0.0,0.0
2024-03-01,Young,TANF State Program,1,4,3,1,461.82,418.15,103.32
2024-03-01,Zapata,TANF State Program,0,0,0,0,0.0,0.0,0.0
2024-03-01,Zavala,TANF State Program,1,4,2,2,344.19,311.64,77.0
2024-04-01,Anderson,TANF Basic,15,32,26,6,3073.52,202.81,97.06
2024-04-01,Andrews,TANF Basic,2,4,3,1,433.1,200.05,99.16
2024-04-01,Angelina,TANF Basic,25,49,42,7,5099.66,204.83,103.78
2024-04-01,Aransas,TANF Basic,6,15,12,3,1554.45,239.33,101.68
2024-04-01,Archer,TANF Basic,1,1,1,0,129.72,119.83,118.79
2024-04-01,Armstrong,TANF Basic,0,0,0,0,0.0,0.0,0.0
2024-04-01,Atascosa,TANF Basic,13,33,25,8,3566.65,274.57,108.88
2024-04-01,Austin,TANF Basic,1,4,3,1,454.54,419.9,104.07
2024-04-01,Bailey,TANF Basic,1,4,4,0,310.89,287.2,71.18
2024-04-01,Bandera,TANF Basic,1,1,1,0,129.72,119.83,118.79
2024-04-01,Bastrop,TANF Basic,23,38,28,10,4361.03,191.84,114.11
2024-04-01,Baylor,TANF Basic,4,11,10,1,958.4,221.34,87.77
2024-04-01,Bee,TANF Basic,10,31,25,6,2704.74,277.63,88.46
2024-04-01,Bell,TANF Basic,152,353,262,92,36729.96,242.36,104.14
2024-04-01,Bexar,TANF Basic,480,1077,862,216,108501.44,226.26,100.77
2024-04-01,Blanco,TANF Basic,0,0,0,0,0.0,0.0,0.0
2024-04-01,Borden,TANF Basic,0,0,0,0,0.0,0.0,0.0
2024-04-01,Bosque,TANF Basic,4,8,5,2,796.52,183.96,104.21
2024-04-01,Bowie,TANF Basic,35,71,57,14,7227.64,208.65,101.83
2024-04-01,Brazoria,TANF Basic,48,93,76,17,9719.04,204.05,104.71
2024-04-01,Brazos,TANF Basic,38,79,66,12,7685.4,202.85,97.75
2024-04-01,Brewster,TANF Basic,0,0,0,0,0.0,0.0,0.0
2024-04-01,Briscoe,TANF Basic,0,0,0,0,0.0,0.0,0.0
2024-04-01,Brooks,TANF Basic,4,7,5,1,772.94,178.51,117.97
2024-04-01,Brown,TANF Basic,10,16,13,3,1803.16,185.08,110.09
2024-04-01,Burleson,TANF Basic,3,8,5,2,796.52,245.27,104.21
2024-04-01,Burnet,TANF Basic,6,13,11,2,1204.96,185.52,91.96
2024-04-01,Caldwell,TANF Basic,4,7,3,3,799.74,184.7,122.06
2024-04-01,Calhoun,TANF Basic,1,1,1,0,90.05,83.19,82.47
2024-04-01,Callahan,TANF Basic,1,1,1,0,129.72,119.83,118.79
2024-04-01,Cameron,TANF Basic,369,904,837,63,79141.7,214.4,87.53
2024-04-01,Camp,TANF Basic,2,4,4,0,373.07,172.32,85.41
2024-04-01,Carson,TANF Basic,1,2,2,0,186.53,172.32,85.41
2024-04-01,Cass,TANF Basic,6,16,13,3,1611.26,248.08,98.37
2024-04-01,Castro,TANF Basic,2,9,8,1,572.47,264.42,65.53
2024-04-01,Chambers,TANF Basic,4,10,7,3,1228.55,283.73,125.01
2024-04-01,Cherokee,TANF Basic,14,28,25,3,2846.25,202.26,100.25
2024-04-01,Childress,TANF Basic,3,9,7,2,928.38,285.88,106.27
2024-04-01,Clay,TANF Basic,2,3,2,1,345.19,159.44,105.37
2024-04-01,Cochran,TANF Basic,0,0,0,0,0.0,0.0,0.0
2024-04-01,Coke,TANF Basic,0,0,0,0,0.0,0.0,0.0
2024-04-01,Coleman,TANF Basic,0,0,0,0,0.0,0.0,0.0
2024-04-01,Collin,TANF Basic,97,229,170,60,24509.87,251.58,106.88
2024-04-01,Collingsworth,TANF Basic,0,0,0,0,0.0,0.0,0.0
2024-04-01,Colorado,TANF Basic,1,3,2,1,215.48,199.06,65.78
2024-04-01,Comal,TANF Basic,19,57,41,16,5958.35,305.79,104.93
2024-04-01,Comanche,TANF Basic,3,10,8,2,1038.8,319.88,105.7
2024-04-01,Concho,TANF Basic,1,2,1,1,87.91,81.21,40.25
2024-04-01,Cooke,TANF Basic,5,13,10,3,1302.52,240.65,99.4
2024-04-01,Coryell,TANF Basic,17,45,37,8,4414.63,254.89,98.61
2024-04-01,Cottle,TANF Basic,0,0,0,0,0.0,0.0,0.0
2024-04-01,Crane,TANF Basic,0,0,0,0,0.0,0.0,0.0
2024-04-01,Crockett,TANF Basic,0,0,0,0,0.0,0.0,0.0
2024-04-01,Crosby,TANF Basic,2,7,5,1,637.86,294.63,97.36
2024-04-01,Culberson,TANF Basic,0,0,0,0,0.0,0.0,0.0
2024-04-01,Dallam,TANF Basic,0,0,0,0,0.0,0.0,0.0
2024-04-01,Dallas,TANF Basic,582,1342,1073,271,133729.57,229.63,99.65
2024-04-01,Dawson,TANF Basic,3,7,5,1,717.19,220.85,109.46
2024-04-01,Deaf Smith,TANF Basic,8,15,14,1,1477.26,194.96,96.63
2024-04-01,Delta,TANF Basic,3,5,4,1,609.99,187.83,111.72
2024-04-01,Denton,TANF Basic,68,163,129,34,16110.5,236.24,99.02
2024-04-01,Dewitt,TANF Basic,2,4,2,2,653.94,302.05,149.72
2024-04-01,Dickens,TANF Basic,0,0,0,0,0.0,0.0,0.0
2024-04-01,Dimmit,TANF Basic,2,3,2,1,456.69,210.94,139.41
2024-04-01,Donley,TANF Basic,1,3,3,0,260.5,240.65,79.52
2024-04-01,Duval,TANF Basic,3,11,8,3,860.84,265.08,78.83
2024-04-01,Eastland,TANF Basic,6,15,13,2,1525.5,234.88,99.79
2024-04-01,Ector,TANF Basic,32,73,60,14,6865.29,211.4,93.84
2024-04-01,Edwards,TANF Basic,0,0,0,0,0.0,0.0,0.0
2024-04-01,El Paso,TANF Basic,275,656,539,118,63386.04,230.53,96.59
2024-04-01,Ellis,TANF Basic,28,63,50,14,6477.22,230.14,102.27
2024-04-01,Erath,TANF Basic,8,13,13,0,1226.4,161.85,93.59
2024-04-01,Falls,TANF Basic,6,19,15,3,1744.2,268.55,93.96
2024-04-01,Fannin,TANF Basic,8,16,13,3,1781.72,235.13,108.78
2024-04-01,Fayette,TANF Basic,0,0,0,0,0.0,0.0,0.0
2024-04-01,Fisher,TANF Basic,0,0,0,0,0.0,0.0,0.0
2024-04-01,Floyd,TANF Basic,1,2,2,0,186.53,172.32,85.41
2024-04-01,Foard,TANF Basic,0,0,0,0,0.0,0.0,0.0
2024-04-01,Fort Bend,TANF Basic,65,140,105,35,14665.4,225.8,104.92
2024-04-01,Franklin,TANF Basic,2,3,2,1,456.69,210.94,139.41
2024-04-01,Freestone,TANF Basic,3,11,10,1,945.53,291.16,86.59
2024-04-01,Frio,TANF Basic,10,21,16,5,2317.73,237.9,111.71
2024-04-01,Gaines,TANF Basic,2,4,4,0,390.22,180.24,89.34
2024-04-01,Galveston,TANF Basic,60,115,95,19,11092.32,186.31,96.74
2024-04-01,Garza,TANF Basic,0,0,0,0,0.0,0.0,0.0
2024-04-01,Gillespie,TANF Basic,1,1,1,0,129.72,119.83,118.79
2024-04-01,Glasscock,TANF Basic,0,0,0,0,0.0,0.0,0.0
2024-04-01,Goliad,TANF Basic,1,2,2,0,186.53,172.32,85.41
2024-04-01,Gonzales,TANF Basic,0,0,0,0,0.0,0.0,0.0
2024-04-01,Gray,TANF Basic,1,3,2,1,378.43,349.59,115.52
2024-04-01,Grayson,TANF Basic,26,56,42,14,6016.24,231.57,108.03
2024-04-01,Gregg,TANF Basic,30,59,46,14,6082.71,200.69,103.16
2024-04-01,Grimes,TANF Basic,3,5,3,2,783.66,241.31,143.53
2024-04-01,Guadalupe,TANF Basic,19,58,44,14,6054.84,310.75,104.62
2024-04-01,Hale,TANF Basic,2,9,8,1,757.93,350.08,86.76
2024-04-01,Hall,TANF Basic,1,2,2,0,186.53,172.32,85.41
2024-04-01,Hamilton,TANF Basic,0,0,0,0,0.0,0.0,0.0
2024-04-01,Hansford,TANF Basic,0,0,0,0,0.0,0.0,0.0
2024-04-01,Hardeman,TANF Basic,3,8,7,1,751.49,231.41,98.32
2024-04-01,Hardin,TANF Basic,8,13,12,1,1227.48,161.99,93.68
2024-04-01,Harris,TANF Basic,960,2207,1759,452,220318.67,229.46,99.83
2024-04-01,Harrison,TANF Basic,15,33,27,6,3311.51,218.51,101.09
2024-04-01,Hartley,TANF Basic,1,3,2,1,378.43,349.59,115.52
2024-04-01,Haskell,TANF Basic,2,3,3,0,207.97,96.06,63.49
2024-04-01,Hays,TANF Basic,13,29,20,10,3664.21,282.08,124.28
2024-04-01,Hemphill,TANF Basic,1,1,1,0,129.72,119.83,118.79
2024-04-01,Henderson,TANF Basic,15,31,24,7,3471.24,229.05,113.53
2024-04-01,Hidalgo,TANF Basic,1113,3099,2943,140,249951.78,224.62,80.66
2024-04-01,Hill,TANF Basic,5,13,11,2,1284.29,237.29,98.01
2024-04-01,Hockley,TANF Basic,6,15,12,3,1460.11,224.81,95.51
2024-04-01,Hood,TANF Basic,12,21,16,5,1927.51,161.88,92.9
2024-04-01,Hopkins,TANF Basic,9,22,20,2,1997.2,230.63,91.45
2024-04-01,Houston,TANF Basic,9,21,16,5,2240.55,258.73,107.99
2024-04-01,Howard,TANF Basic,5,14,12,2,1133.14,209.36,79.82
2024-04-01,Hudspeth,TANF Basic,1,2,1,1,326.97,302.05,149.72
2024-04-01,Hunt,TANF Basic,22,46,34,12,5401.97,249.52,117.79
2024-04-01,Hutchinson,TANF Basic,3,5,5,0,519.94,160.1,95.23
2024-04-01,Irion,TANF Basic,1,2,2,0,98.63,91.11,45.16
2024-04-01,Jack,TANF Basic,1,3,2,1,378.43,349.59,115.52
2024-04-01,Jackson,TANF Basic,2,4,3,1,508.14,234.71,116.34
2024-04-01,Jasper,TANF Basic,12,25,20,6,2662.93,223.64,106.03
2024-04-01,Jeff Davis,TANF Basic,0,0,0,0,0.0,0.0,0.0
2024-04-01,Jefferson,TANF Basic,93,210,168,42,19992.33,214.75,95.36
2024-04-01,Jim Hogg,TANF Basic,2,3,2,1,456.69,210.94,139.41
2024-04-01,Jim Wells,TANF Basic,10,26,23,3,1947.88,199.94,74.33
2024-04-01,Johnson,TANF Basic,30,59,49,10,6168.47,203.51,104.61
2024-04-01,Jones,TANF Basic,5,17,12,6,1208.18,223.22,69.15
2024-04-01,Karnes,TANF Basic,2,2,2,0,259.43,119.83,118.79
2024-04-01,Kaufman,TANF Basic,38,94,78,16,9005.07,237.68,95.89
2024-04-01,Kendall,TANF Basic,6,19,14,5,1891.06,291.16,101.87
2024-04-01,Kenedy,TANF Basic,0,0,0,0,0.0,0.0,0.0
2024-04-01,Kent,TANF Basic,0,0,0,0,0.0,0.0,0.0
2024-04-01,Kerr,TANF Basic,4,9,7,2,1021.65,235.95,116.95
2024-04-01,Kimble,TANF Basic,0,0,0,0,0.0,0.0,0.0
2024-04-01,King,TANF Basic,0,0,0,0,0.0,0.0,0.0
2024-04-01,Kinney,TANF Basic,0,0,0,0,0.0,0.0,0.0
2024-04-01,Kleberg,TANF Basic,16,41,30,11,4570.07,281.45,110.14
2024-04-01,Knox,TANF Basic,1,4,3,1,454.54,419.9,104.07
2024-04-01,La Salle,TANF Basic,0,0,0,0,0.0,0.0,0.0
2024-04-01,Lamar,TANF Basic,30,66,51,15,6857.79,226.26,104.67
2024-04-01,Lamb,TANF Basic,6,14,11,3,1343.26,206.82,94.63
2024-04-01,Lampasas,TANF Basic,3,9,7,2,792.23,243.95,90.69
2024-04-01,Lavaca,TANF Basic,1,1,1,0,129.72,119.83,118.79
2024-04-01,Lee,TANF Basic,4,5,5,0,575.68,132.95,105.44
2024-04-01,Leon,TANF Basic,3,7,5,1,700.04,215.56,106.85
2024-04-01,Liberty,TANF Basic,24,40,35,6,4287.06,180.02,106.11
2024-04-01,Limestone,TANF Basic,8,11,10,1,1218.9,160.86,111.62
2024-04-01,Lipscomb,TANF Basic,1,2,1,1,326.97,302.05,149.72
2024-04-01,Live Oak,TANF Basic,3,10,8,2,931.6,286.87,94.79
2024-04-01,Llano,TANF Basic,2,2,1,1,287.3,132.71,131.55
2024-04-01,Loving,TANF Basic,0,0,0,0,0.0,0.0,0.0
2024-04-01,Lubbock,TANF Basic,80,166,128,38,16613.28,207.4,100.09
2024-04-01,Lynn,TANF Basic,0,0,0,0,0.0,0.0,0.0
2024-04-01,Madison,TANF Basic,5,10,9,1,1030.22,190.34,104.83
2024-04-01,Marion,TANF Basic,1,1,1,0,129.72,119.83,118.79
2024-04-01,Martin,TANF Basic,0,0,0,0,0.0,0.0,0.0
2024-04-01,Mason,TANF Basic,0,0,0,0,0.0,0.0,0.0
2024-04-01,Matagorda,TANF Basic,10,20,16,3,1931.8,198.29,98.28
2024-04-01,Maverick,TANF Basic,16,49,40,9,4265.62,262.7,86.81
2024-04-01,Mcculloch,TANF Basic,0,0,0,0,0.0,0.0,0.0
2024-04-01,Mclennan,TANF Basic,64,149,116,33,14813.34,231.94,99.75
2024-04-01,Mcmullen,TANF Basic,0,0,0,0,0.0,0.0,0.0
2024-04-01,Medina,TANF Basic,13,28,23,6,2744.4,211.27,96.66
2024-04-01,Menard,TANF Basic,0,0,0,0,0.0,0.0,0.0
2024-04-01,Midland,TANF Basic,19,38,30,8,4237.74,217.49,110.88
2024-04-01,Milam,TANF Basic,3,9,7,2,961.61,296.11,110.08
2024-04-01,Mills,TANF Basic,1,3,2,1,378.43,349.59,115.52
2024-04-01,Mitchell,TANF Basic,2,5,4,1,391.29,180.74,71.67
2024-04-01,Montague,TANF Basic,2,3,3,0,316.25,146.08,96.54
2024-04-01,Montgomery,TANF Basic,79,169,141,28,17101.06,216.41,101.04
2024-04-01,Moore,TANF Basic,6,14,12,2,1300.37,200.21,91.6
2024-04-01,Morris,TANF Basic,10,17,15,2,1807.45,185.52,103.45
2024-04-01,Motley,TANF Basic,0,0,0,0,0.0,0.0,0.0
2024-04-01,Nacogdoches,TANF Basic,16,31,25,6,3258.98,200.71,106.59
2024-04-01,Navarro,TANF Basic,15,40,34,7,3719.95,245.46,92.07
2024-04-01,Newton,TANF Basic,4,8,5,2,854.41,197.33,111.78
2024-04-01,Nolan,TANF Basic,4,8,7,1,846.91,195.59,110.8
2024-04-01,Nueces,TANF Basic,148,348,275,74,34832.47,234.88,100.0
2024-04-01,Ochiltree,TANF Basic,1,2,2,0,186.53,172.32,85.41
2024-04-01,Oldham,TANF Basic,0,0,0,0,0.0,0.0,0.0
2024-04-01,Orange,TANF Basic,28,62,48,15,7043.25,250.25,113.16
2024-04-01,Palo Pinto,TANF Basic,6,11,10,1,874.78,134.69,80.11
2024-04-01,Panola,TANF Basic,5,8,7,1,884.43,163.41,115.71
2024-04-01,Parker,TANF Basic,15,26,20,7,2954.52,194.96,112.74
2024-04-01,Parmer,TANF Basic,0,0,0,0,0.0,0.0,0.0
2024-04-01,Pecos,TANF Basic,0,0,0,0,0.0,0.0,0.0
2024-04-01,Polk,TANF Basic,18,33,26,7,3462.66,188.16,105.7
2024-04-01,Potter,TANF Basic,35,79,57,22,8098.13,233.78,103.0
2024-04-01,Presidio,TANF Basic,5,12,11,1,1141.71,210.94,95.05
2024-04-01,Rains,TANF Basic,5,11,9,2,1208.18,223.22,110.64
2024-04-01,Randall,TANF Basic,14,23,18,5,2701.52,191.97,117.81
2024-04-01,Reagan,TANF Basic,0,0,0,0,0.0,0.0,0.0
2024-04-01,Real,TANF Basic,0,0,0,0,0.0,0.0,0.0
2024-04-01,Red River,TANF Basic,4,10,10,0,820.1,189.4,83.45
2024-04-01,Reeves,TANF Basic,3,4,3,1,551.02,169.68,126.15
2024-04-01,Refugio,TANF Basic,3,4,3,1,573.54,176.61,131.31
2024-04-01,Roberts,TANF Basic,0,0,0,0,0.0,0.0,0.0
2024-04-01,Robertson,TANF Basic,5,15,12,3,1193.17,220.45,78.05
2024-04-01,Rockwall,TANF Basic,8,22,16,6,2240.55,295.69,102.59
2024-04-01,Runnels,TANF Basic,0,0,0,0,0.0,0.0,0.0
2024-04-01,Rusk,TANF Basic,4,9,8,1,822.25,189.9,94.13
2024-04-01,Sabine,TANF Basic,3,7,4,2,840.47,258.81,128.28
2024-04-01,San Jacinto,TANF Basic,8,14,13,1,1414.01,186.61,99.61
2024-04-01,San Juneine,TANF Basic,0,0,0,0,0.0,0.0,0.0
2024-04-01,San Patricio,TANF Basic,13,25,18,7,3020.99,232.56,120.29
2024-04-01,San Saba,TANF Basic,0,0,0,0,0.0,0.0,0.0
2024-04-01,Schleicher,TANF Basic,0,0,0,0,0.0,0.0,0.0
2024-04-01,Scurry,TANF Basic,4,7,5,1,772.94,178.51,117.97
2024-04-01,Shackelford,TANF Basic,0,0,0,0,0.0,0.0,0.0
2024-04-01,Shelby,TANF Basic,4,5,5,0,575.68,132.95,105.44
2024-04-01,Sherman,TANF Basic,0,0,0,0,0.0,0.0,0.0
2024-04-01,Smith,TANF Basic,29,73,55,18,6765.59,231.48,92.47
2024-04-01,Somervell,TANF Basic,0,0,0,0,0.0,0.0,0.0
2024-04-01,Starr,TANF Basic,53,130,119,10,10833.96,204.25,83.37
2024-04-01,Stephens,TANF Basic,0,0,0,0,0.0,0.0,0.0
2024-04-01,Sterling,TANF Basic,0,0,0,0,0.0,0.0,0.0
2024-04-01,Stonewall,TANF Basic,0,0,0,0,0.0,0.0,0.0
2024-04-01,Sutton,TANF Basic,0,0,0,0,0.0,0.0,0.0
2024-04-01,Swisher,TANF Basic,2,2,2,0,259.43,119.83,118.79
2024-04-01,Tarrant,TANF Basic,382,878,691,189,89122.31,233.23,101.51
2024-04-01,Taylor,TANF Basic,50,106,80,26,11481.46,230.58,108.4
2024-04-01,Terrell,TANF Basic,0,0,0,0,0.0,0.0,0.0
2024-04-01,Terry,TANF Basic,3,9,7,2,961.61,296.11,110.08
2024-04-01,Throckmorton,TANF Basic,0,0,0,0,0.0,0.0,0.0
2024-04-01,Titus,TANF Basic,5,11,10,1,1058.1,195.49,96.9
2024-04-01,Tom Green,TANF Basic,19,37,27,10,4280.62,219.69,115.3
2024-04-01,Travis,TANF Basic,185,369,276,94,40304.12,217.74,109.2
2024-04-01,Trinity,TANF Basic,3,7,4,2,835.11,257.16,127.46
2024-04-01,Tyler,TANF Basic,5,5,5,0,534.94,98.84,97.98
2024-04-01,Upshur,TANF Basic,10,19,16,2,1931.8,198.29,104.07
2024-04-01,Upton,TANF Basic,2,3,2,1,456.69,210.94,139.41
2024-04-01,Uvalde,TANF Basic,8,13,11,2,1381.85,182.36,105.46
2024-04-01,Val Verde,TANF Basic,26,70,56,14,6519.03,250.93,93.28
2024-04-01,Van Zandt,TANF Basic,8,12,11,1,1238.2,163.41,103.08
2024-04-01,Victoria,TANF Basic,18,39,33,7,3858.24,209.66,98.15
2024-04-01,Walker,TANF Basic,18,39,31,8,4203.44,228.42,106.93
2024-04-01,Waller,TANF Basic,4,11,11,0,887.64,205.0,81.29
2024-04-01,Ward,TANF Basic,2,4,4,0,377.36,174.3,86.39
2024-04-01,Washington,TANF Basic,5,15,12,3,1544.8,285.42,101.05
2024-04-01,Webb,TANF Basic,113,298,278,19,24977.28,221.86,83.79
2024-04-01,Wharton,TANF Basic,10,17,14,3,1984.33,203.68,113.58
2024-04-01,Wheeler,TANF Basic,0,0,0,0,0.0,0.0,0.0
2024-04-01,Wichita,TANF Basic,43,83,66,17,9192.68,212.3,110.77
2024-04-01,Wilbarger,TANF Basic,0,0,0,0,0.0,0.0,0.0
2024-04-01,Willacy,TANF Basic,13,37,28,9,3939.72,303.29,106.12
2024-04-01,Williamson,TANF Basic,43,98,72,27,10727.82,247.76,109.16
2024-04-01,Wilson,TANF Basic,6,12,10,2,1332.54,205.17,110.94
2024-04-01,Winkler,TANF Basic,0,0,0,0,0.0,0.0,0.0
2024-04-01,Wise,TANF Basic,9,19,15,3,1708.82,197.33,92.05
2024-04-01,Wood,TANF Basic,10,21,18,2,2076.53,213.14,100.09
2024-04-01,Yoakum,TANF Basic,0,0,0,0,0.0,0.0,0.0
2024-04-01,Young,TANF Basic,4,7,7,0,632.5,146.08,96.54
2024-04-01,Zapata,TANF Basic,3,8,5,2,914.44,281.59,119.63
2024-04-01,Zavala,TANF Basic,6,15,12,3,1502.99,231.41,98.32
2024-04-01,Anderson,TANF State Program,0,0,0,0,0.0,0.0,0.0
2024-04-01,Andrews,TANF State Program,1,6,3,2,555.92,497.17,98.3
2024-04-01,Angelina,TANF State Program,0,0,0,0,0.0,0.0,0.0
2024-04-01,Aransas,TANF State Program,1,6,3,2,555.92,497.17,98.3
2024-04-01,Archer,TANF State Program,0,0,0,0,0.0,0.0,0.0
2024-04-01,Armstrong,TANF State Program,0,0,0,0,0.0,0.0,0.0
2024-04-01,Atascosa,TANF State Program,1,6,3,2,373.56,334.08,66.05
2024-04-01,Austin,TANF State Program,0,0,0,0,0.0,0.0,0.0
2024-04-01,Bailey,TANF State Program,0,0,0,0,0.0,0.0,0.0
2024-04-01,Bandera,TANF State Program,0,0,0,0,0.0,0.0,0.0
2024-04-01,Bastrop,TANF State Program,0,0,0,0,0.0,0.0,0.0
2024-04-01,Baylor,TANF State Program,0,0,0,0,0.0,0.0,0.0
2024-04-01,Bee,TANF State Program,1,7,5,2,164.68,147.27,24.27
2024-04-01,Bell,TANF State Program,6,23,15,8,1843.5,329.73,81.49
2024-04-01,Bexar,TANF State Program,13,36,21,15,3753.31,279.72,103.7
2024-04-01,Blanco,TANF State Program,0,0,0,0,0.0,0.0,0.0
2024-04-01,Borden,TANF State Program,0,0,0,0,0.0,0.0,0.0
2024-04-01,Bosque,TANF State Program,0,0,0,0,0.0,0.0,0.0
2024-04-01,Bowie,TANF State Program,1,3,1,2,426.61,381.52,125.72
2024-04-01,Brazoria,TANF State Program,0,0,0,0,0.0,0.0,0.0
2024-04-01,Brazos,TANF State Program,1,5,2,2,479.66,428.97,106.02
2024-04-01,Brewster,TANF State Program,0,0,0,0,0.0,0.0,0.0
2024-04-01,Briscoe,TANF State Program,0,0,0,0,0.0,0.0,0.0
2024-04-01,Brooks,TANF State Program,0,0,0,0,0.0,0.0,0.0
2024-04-01,Brown,TANF State Program,0,0,0,0,0.0,0.0,0.0
2024-04-01,Burleson,TANF State Program,0,0,0,0,0.0,0.0,0.0
2024-04-01,Burnet,TANF State Program,0,0,0,0,0.0,0.0,0.0
2024-04-01,Caldwell,TANF State Program,0,0,0,0,0.0,0.0,0.0
2024-04-01,Calhoun,TANF State Program,0,0,0,0,0.0,0.0,0.0
2024-04-01,Callahan,TANF State Program,0,0,0,0,0.0,0.0,0.0
2024-04-01,Cameron,TANF State Program,6,17,8,9,1831.34,327.56,107.94
2024-04-01,Camp,TANF State Program,0,0,0,0,0.0,0.0,0.0
2024-04-01,Carson,TANF State Program,0,0,0,0,0.0,0.0,0.0
2024-04-01,Cass,TANF State Program,0,0,0,0,0.0,0.0,0.0
2024-04-01,Castro,TANF State Program,0,0,0,0,0.0,0.0,0.0
2024-04-01,Chambers,TANF State Program,0,0,0,0,0.0,0.0,0.0
2024-04-01,Cherokee,TANF State Program,0,0,0,0,0.0,0.0,0.0
2024-04-01,Childress,TANF State Program,0,0,0,0,0.0,0.0,0.0
2024-04-01,Clay,TANF State Program,1,3,1,2,426.61,381.52,125.72
2024-04-01,Cochran,TANF State Program,0,0,0,0,0.0,0.0,0.0
2024-04-01,Coke,TANF State Program,0,0,0,0,0.0,0.0,0.0
2024-04-01,Coleman,TANF State Program,0,0,0,0,0.0,0.0,0.0
2024-04-01,Collin,TANF State Program,7,21,17,5,1950.7,290.75,90.77
2024-04-01,Collingsworth,TANF State Program,0,0,0,0,0.0,0.0,0.0
2024-04-01,Colorado,TANF State Program,0,0,0,0,0.0,0.0,0.0
2024-04-01,Comal,TANF State Program,0,0,0,0,0.0,0.0,0.0
2024-04-01,Comanche,TANF State Program,0,0,0,0,0.0,0.0,0.0
2024-04-01,Concho,TANF State Program,0,0,0,0,0.0,0.0,0.0
2024-04-01,Cooke,TANF State Program,0,0,0,0,0.0,0.0,0.0
2024-04-01,Coryell,TANF State Program,0,0,0,0,0.0,0.0,0.0
2024-04-01,Cottle,TANF State Program,0,0,0,0,0.0,0.0,0.0
2024-04-01,Crane,TANF State Program,0,0,0,0,0.0,0.0,0.0
2024-04-01,Crockett,TANF State Program,0,0,0,0,0.0,0.0,0.0
2024-04-01,Crosby,TANF State Program,0,0,0,0,0.0,0.0,0.0
2024-04-01,Culberson,TANF State Program,0,0,0,0,0.0,0.0,0.0
2024-04-01,Dallam,TANF State Program,0,0,0,0,0.0,0.0,0.0
2024-04-01,Dallas,TANF State Program,18,61,28,33,6411.35,358.36,104.97
2024-04-01,Dawson,TANF State Program,0,0,0,0,0.0,0.0,0.0
2024-04-01,Deaf Smith,TANF State Program,0,0,0,0,0.0,0.0,0.0
2024-04-01,Delta,TANF State Program,0,0,0,0,0.0,0.0,0.0
2024-04-01,Denton,TANF State Program,2,9,7,2,362.51,162.1,40.06
2024-04-01,Dewitt,TANF State Program,0,0,0,0,0.0,0.0,0.0
2024-04-01,Dickens,TANF State Program,0,0,0,0,0.0,0.0,0.0
2024-04-01,Dimmit,TANF State Program,1,3,2,1,390.14,348.91,114.98
2024-04-01,Donley,TANF State Program,0,0,0,0,0.0,0.0,0.0
2024-04-01,Duval,TANF State Program,1,3,2,1,390.14,348.91,114.98
2024-04-01,Eastland,TANF State Program,2,6,2,3,732.76,327.65,129.57
2024-04-01,Ector,TANF State Program,2,5,2,2,560.34,250.56,123.85
2024-04-01,Edwards,TANF State Program,0,0,0,0,0.0,0.0,0.0
2024-04-01,El Paso,TANF State Program,15,55,33,23,4949.15,340.47,89.3
2024-04-01,Ellis,TANF State Program,0,0,0,0,0.0,0.0,0.0
2024-04-01,Erath,TANF State Program,0,0,0,0,0.0,0.0,0.0
2024-04-01,Falls,TANF State Program,0,0,0,0,0.0,0.0,0.0
2024-04-01,Fannin,TANF State Program,0,0,0,0,0.0,0.0,0.0
2024-04-01,Fayette,TANF State Program,0,0,0,0,0.0,0.0,0.0
2024-04-01,Fisher,TANF State Program,0,0,0,0,0.0,0.0,0.0
2024-04-01,Floyd,TANF State Program,0,0,0,0,0.0,0.0,0.0
2024-04-01,Foard,TANF State Program,0,0,0,0,0.0,0.0,0.0
2024-04-01,Fort Bend,TANF State Program,4,18,11,7,1681.03,375.84,92.89
2024-04-01,Franklin,TANF State Program,0,0,0,0,0.0,0.0,0.0
2024-04-01,Freestone,TANF State Program,0,0,0,0,0.0,0.0,0.0
2024-04-01,Frio,TANF State Program,1,1,0,1,162.47,145.29,143.64
2024-04-01,Gaines,TANF State Program,0,0,0,0,0.0,0.0,0.0
2024-04-01,Galveston,TANF State Program,0,0,0,0,0.0,0.0,0.0
2024-04-01,Garza,TANF State Program,0,0,0,0,0.0,0.0,0.0
2024-04-01,Gillespie,TANF State Program,0,0,0,0,0.0,0.0,0.0
2024-04-01,Glasscock,TANF State Program,0,0,0,0,0.0,0.0,0.0
2024-04-01,Goliad,TANF State Program,0,0,0,0,0.0,0.0,0.0
2024-04-01,Gonzales,TANF State Program,0,0,0,0,0.0,0.0,0.0
2024-04-01,Gray,TANF State Program,0,0,0,0,0.0,0.0,0.0
2024-04-01,Grayson,TANF State Program,1,3,2,1,390.14,348.91,114.98
2024-04-01,Gregg,TANF State Program,2,5,2,2,560.34,250.56,123.85
2024-04-01,Grimes,TANF State Program,0,0,0,0,0.0,0.0,0.0
2024-04-01,Guadalupe,TANF State Program,1,2,2,0,192.31,171.98,85.01
2024-04-01,Hale,TANF State Program,1,3,2,1,390.14,348.91,114.98
2024-04-01,Hall,TANF State Program,0,0,0,0,0.0,0.0,0.0
2024-04-01,Hamilton,TANF State Program,0,0,0,0,0.0,0.0,0.0
2024-04-01,Hansford,TANF State Program,0,0,0,0,0.0,0.0,0.0
2024-04-01,Hardeman,TANF State Program,0,0,0,0,0.0,0.0,0.0
2024-04-01,Hardin,TANF State Program,1,2,2,0,192.31,171.98,85.01
2024-04-01,Harris,TANF State Program,20,77,45,32,7294.42,362.41,94.84
2024-04-01,Harrison,TANF State Program,0,0,0,0,0.0,0.0,0.0
2024-04-01,Hartley,TANF State Program,0,0,0,0,0.0,0.0,0.0
2024-04-01,Haskell,TANF State Program,0,0,0,0,0.0,0.0,0.0
2024-04-01,Hays,TANF State Program,2,10,6,5,1036.69,463.56,101.84
2024-04-01,Hemphill,TANF State Program,0,0,0,0,0.0,0.0,0.0
2024-04-01,Henderson,TANF State Program,2,7,2,5,853.23,381.52,125.72
2024-04-01,Hidalgo,TANF State Program,7,14,9,5,1462.2,217.94,107.73
2024-04-01,Hill,TANF State Program,1,2,1,1,337.09,301.46,149.01
2024-04-01,Hockley,TANF State Program,0,0,0,0,0.0,0.0,0.0
2024-04-01,Hood,TANF State Program,0,0,0,0,0.0,0.0,0.0
2024-04-01,Hopkins,TANF State Program,0,0,0,0,0.0,0.0,0.0
2024-04-01,Houston,TANF State Program,0,0,0,0,0.0,0.0,0.0
2024-04-01,Howard,TANF State Program,0,0,0,0,0.0,0.0,0.0
2024-04-01,Hudspeth,TANF State Program,0,0,0,0,0.0,0.0,0.0
2024-04-01,Hunt,TANF State Program,0,0,0,0,0.0,0.0,0.0
2024-04-01,Hutchinson,TANF State Program,0,0,0,0,0.0,0.0,0.0
2024-04-01,Irion,TANF State Program,0,0,0,0,0.0,0.0,0.0
2024-04-01,Jack,TANF State Program,0,0,0,0,0.0,0.0,0.0
2024-04-01,Jackson,TANF State Program,0,0,0,0,0.0,0.0,0.0
2024-04-01,Jasper,TANF State Program,0,0,0,0,0.0,0.0,0.0
2024-04-01,Jeff Davis,TANF State Program,0,0,0,0,0.0,0.0,0.0
2024-04-01,Jefferson,TANF State Program,3,11,8,3,1082.0,322.55,95.66
2024-04-01,Jim Hogg,TANF State Program,0,0,0,0,0.0,0.0,0.0
2024-04-01,Jim Wells,TANF State Program,0,0,0,0,0.0,0.0,0.0
2024-04-01,Johnson,TANF State Program,0,0,0,0,0.0,0.0,0.0
2024-04-01,Jones,TANF State Program,0,0,0,0,0.0,0.0,0.0
2024-04-01,Karnes,TANF State Program,0,0,0,0,0.0,0.0,0.0
2024-04-01,Kaufman,TANF State Program,2,11,7,5,1089.74,487.28,96.35
2024-04-01,Kendall,TANF State Program,0,0,0,0,0.0,0.0,0.0
2024-04-01,Kenedy,TANF State Program,0,0,0,0,0.0,0.0,0.0
2024-04-01,Kent,TANF State Program,0,0,0,0,0.0,0.0,0.0
2024-04-01,Kerr,TANF State Program,0,0,0,0,0.0,0.0,0.0
2024-04-01,Kimble,TANF State Program,0,0,0,0,0.0,0.0,0.0
2024-04-01,King,TANF State Program,0,0,0,0,0.0,0.0,0.0
2024-04-01,Kinney,TANF State Program,1,3,1,2,244.25,218.44,71.98
2024-04-01,Kleberg,TANF State Program,1,3,2,1,390.14,348.91,114.98
2024-04-01,Knox,TANF State Program,0,0,0,0,0.0,0.0,0.0
2024-04-01,La Salle,TANF State Program,0,0,0,0,0.0,0.0,0.0
2024-04-01,Lamar,TANF State Program,1,5,2,2,479.66,428.97,106.02
2024-04-01,Lamb,TANF State Program,0,0,0,0,0.0,0.0,0.0
2024-04-01,Lampasas,TANF State Program,0,0,0,0,0.0,0.0,0.0
2024-04-01,Lavaca,TANF State Program,0,0,0,0,0.0,0.0,0.0
2024-04-01,Lee,TANF State Program,0,0,0,0,0.0,0.0,0.0
2024-04-01,Leon,TANF State Program,0,0,0,0,0.0,0.0,0.0
2024-04-01,Liberty,TANF State Program,0,0,0,0,0.0,0.0,0.0
2024-04-01,Limestone,TANF State Program,0,0,0,0,0.0,0.0,0.0
2024-04-01,Lipscomb,TANF State Program,0,0,0,0,0.0,0.0,0.0
2024-04-01,Live Oak,TANF State Program,0,0,0,0,0.0,0.0,0.0
2024-04-01,Llano,TANF State Program,0,0,0,0,0.0,0.0,0.0
2024-04-01,Loving,TANF State Program,0,0,0,0,0.0,0.0,0.0
2024-04-01,Lubbock,TANF State Program,0,0,0,0,0.0,0.0,0.0
2024-04-01,Lynn,TANF State Program,0,0,0,0,0.0,0.0,0.0
2024-04-01,Madison,TANF State Program,0,0,0,0,0.0,0.0,0.0
2024-04-01,Marion,TANF State Program,1,5,2,2,479.66,428.97,106.02
2024-04-01,Martin,TANF State Program,0,0,0,0,0.0,0.0,0.0
2024-04-01,Mason,TANF State Program,0,0,0,0,0.0,0.0,0.0
2024-04-01,Matagorda,TANF State Program,0,0,0,0,0.0,0.0,0.0
2024-04-01,Maverick,TANF State Program,1,5,2,2,479.66,428.97,106.02
2024-04-01,Mcculloch,TANF State Program,0,0,0,0,0.0,0.0,0.0
2024-04-01,Mclennan,TANF State Program,1,5,3,1,468.61,419.08,103.58
2024-04-01,Mcmullen,TANF State Program,0,0,0,0,0.0,0.0,0.0
2024-04-01,Medina,TANF State Program,1,1,1,0,133.73,119.6,118.23
2024-04-01,Menard,TANF State Program,0,0,0,0,0.0,0.0,0.0
2024-04-01,Midland,TANF State Program,3,8,3,5,943.85,281.36,119.21
2024-04-01,Milam,TANF State Program,0,0,0,0,0.0,0.0,0.0
2024-04-01,Mills,TANF State Program,0,0,0,0,0.0,0.0,0.0
2024-04-01,Mitchell,TANF State Program,0,0,0,0,0.0,0.0,0.0
2024-04-01,Montague,TANF State Program,0,0,0,0,0.0,0.0,0.0
2024-04-01,Montgomery,TANF State Program,4,19,10,9,1836.87,410.68,95.53
2024-04-01,Moore,TANF State Program,0,0,0,0,0.0,0.0,0.0
2024-04-01,Morris,TANF State Program,0,0,0,0,0.0,0.0,0.0
2024-04-01,Motley,TANF State Program,0,0,0,0,0.0,0.0,0.0
2024-04-01,Nacogdoches,TANF State Program,0,0,0,0,0.0,0.0,0.0
2024-04-01,Navarro,TANF State Program,0,0,0,0,0.0,0.0,0.0
2024-04-01,Newton,TANF State Program,0,0,0,0,0.0,0.0,0.0
2024-04-01,Nolan,TANF State Program,0,0,0,0,0.0,0.0,0.0
2024-04-01,Nueces,TANF State Program,8,24,11,12,2482.31,317.14,104.51
2024-04-01,Ochiltree,TANF State Program,0,0,0,0,0.0,0.0,0.0
2024-04-01,Oldham,TANF State Program,0,0,0,0,0.0,0.0,0.0
2024-04-01,Orange,TANF State Program,0,0,0,0,0.0,0.0,0.0
2024-04-01,Palo Pinto,TANF State Program,0,0,0,0,0.0,0.0,0.0
2024-04-01,Panola,TANF State Program,0,0,0,0,0.0,0.0,0.0
2024-04-01,Parker,TANF State Program,2,11,7,5,1089.74,487.28,96.35
2024-04-01,Parmer,TANF State Program,0,0,0,0,0.0,0.0,0.0
2024-04-01,Pecos,TANF State Program,0,0,0,0,0.0,0.0,0.0
2024-04-01,Polk,TANF State Program,0,0,0,0,0.0,0.0,0.0
2024-04-01,Potter,TANF State Program,0,0,0,0,0.0,0.0,0.0
2024-04-01,Presidio,TANF State Program,0,0,0,0,0.0,0.0,0.0
2024-04-01,Rains,TANF State Program,0,0,0,0,0.0,0.0,0.0
2024-04-01,Randall,TANF State Program,1,3,1,2,426.61,381.52,125.72
2024-04-01,Reagan,TANF State Program,0,0,0,0,0.0,0.0,0.0
2024-04-01,Real,TANF State Program,0,0,0,0,0.0,0.0,0.0
2024-04-01,Red River,TANF State Program,0,0,0,0,0.0,0.0,0.0
2024-04-01,Reeves,TANF State Program,0,0,0,0,0.0,0.0,0.0
2024-04-01,Refugio,TANF State Program,0,0,0,0,0.0,0.0,0.0
2024-04-01,Roberts,TANF State Program,0,0,0,0,0.0,0.0,0.0
2024-04-01,Robertson,TANF State Program,0,0,0,0,0.0,0.0,0.0
2024-04-01,Rockwall,TANF State Program,0,0,0,0,0.0,0.0,0.0
2024-04-01,Runnels,TANF State Program,1,3,1,2,426.61,381.52,125.72
2024-04-01,Rusk,TANF State Program,0,0,0,0,0.0,0.0,0.0
2024-04-01,Sabine,TANF State Program,0,0,0,0,0.0,0.0,0.0
2024-04-01,San Jacinto,TANF State Program,1,7,5,2,407.82,364.72,60.09
2024-04-01,San Juneine,TANF State Program,0,0,0,0,0.0,0.0,0.0
2024-04-01,San Patricio,TANF State Program,2,7,3,3,816.75,365.21,120.35
2024-04-01,San Saba,TANF State Program,0,0,0,0,0.0,0.0,0.0
2024-04-01,Schleicher,TANF State Program,1,5,2,2,479.66,428.97,106.02
2024-04-01,Scurry,TANF State Program,0,0,0,0,0.0,0.0,0.0
2024-04-01,Shackelford,TANF State Program,0,0,0,0,0.0,0.0,0.0
2024-04-01,Shelby,TANF State Program,0,0,0,0,0.0,0.0,0.0
2024-04-01,Sherman,TANF State Program,0,0,0,0,0.0,0.0,0.0
2024-04-01,Smith,TANF State Program,2,6,3,2,727.23,325.18,128.59
2024-04-01,Somervell,TANF State Program,0,0,0,0,0.0,0.0,0.0
2024-04-01,Starr,TANF State Program,1,7,6,1,597.92,534.72,88.11
2024-04-01,Stephens,TANF State Program,0,0,0,0,0.0,0.0,0.0
2024-04-01,Sterling,TANF State Program,0,0,0,0,0.0,0.0,0.0
2024-04-01,Stonewall,TANF State Program,0,0,0,0,0.0,0.0,0.0
2024-04-01,Sutton,TANF State Program,0,0,0,0,0.0,0.0,0.0
2024-04-01,Swisher,TANF State Program,0,0,0,0,0.0,0.0,0.0
2024-04-01,Tarrant,TANF State Program,10,43,24,19,4370.02,434.24,101.67
2024-04-01,Taylor,TANF State Program,1,3,1,2,338.2,302.45,99.67
2024-04-01,Terrell,TANF State Program,0,0,0,0,0.0,0.0,0.0
2024-04-01,Terry,TANF State Program,0,0,0,0,0.0,0.0,0.0
2024-04-01,Throckmorton,TANF State Program,0,0,0,0,0.0,0.0,0.0
2024-04-01,Titus,TANF State Program,0,0,0,0,0.0,0.0,0.0
2024-04-01,Tom Green,TANF State Program,0,0,0,0,0.0,0.0,0.0
2024-04-01,Travis,TANF State Program,12,43,20,23,3946.72,320.87,91.83
2024-04-01,Trinity,TANF State Program,0,0,0,0,0.0,0.0,0.0
2024-04-01,Tyler,TANF State Program,0,0,0,0,0.0,0.0,0.0
2024-04-01,Upshur,TANF State Program,0,0,0,0,0.0,0.0,0.0
2024-04-01,Upton,TANF State Program,0,0,0,0,0.0,0.0,0.0
2024-04-01,Uvalde,TANF State Program,0,0,0,0,0.0,0.0,0.0
2024-04-01,Val Verde,TANF State Program,0,0,0,0,0.0,0.0,0.0
2024-04-01,Van Zandt,TANF State Program,0,0,0,0,0.0,0.0,0.0
2024-04-01,Victoria,TANF State Program,0,0,0,0,0.0,0.0,0.0
2024-04-01,Walker,TANF State Program,0,0,0,0,0.0,0.0,0.0
2024-04-01,Waller,TANF State Program,0,0,0,0,0.0,0.0,0.0
2024-04-01,Ward,TANF State Program,0,0,0,0,0.0,0.0,0.0
2024-04-01,Washington,TANF State Program,1,7,5,2,583.55,521.88,85.99
2024-04-01,Webb,TANF State Program,1,1,1,0,133.73,119.6,118.23
2024-04-01,Wharton,TANF State Program,0,0,0,0,0.0,0.0,0.0
2024-04-01,Wheeler,TANF State Program,0,0,0,0,0.0,0.0,0.0
2024-04-01,Wichita,TANF State Program,0,0,0,0,0.0,0.0,0.0
2024-04-01,Wilbarger,TANF State Program,0,0,0,0,0.0,0.0,0.0
2024-04-01,Willacy,TANF State Program,1,6,3,2,555.92,497.17,98.3
2024-04-01,Williamson,TANF State Program,2,8,3,5,778.07,347.92,98.27
2024-04-01,Wilson,TANF State Program,0,0,0,0,0.0,0.0,0.0
2024-04-01,Winkler,TANF State Program,0,0,0,0,0.0,0.0,0.0
2024-04-01,Wise,TANF State Program,1,7,5,2,610.08,545.6,89.9
2024-04-01,Wood,TANF State Program,1,5,3,1,468.61,419.08,103.58
2024-04-01,Yoakum,TANF State Program,0,0,0,0,0.0,0.0,0.0
2024-04-01,Young,TANF State Program,1,5,3,1,468.61,419.08,103.58
2024-04-01,Zapata,TANF State Program,0,0,0,0,0.0,0.0,0.0
2024-04-01,Zavala,TANF State Program,1,5,2,2,479.66,428.97,106.02
2024-05-01,Anderson,TANF Basic,13,29,24,6,3076.67,237.37,104.41
2024-05-01,Andrews,TANF Basic,2,4,3,1,513.13,237.53,117.54
2024-05-01,Angelina,TANF Basic,22,40,36,5,4166.14,192.85,103.17
2024-05-01,Aransas,TANF Basic,8,16,13,3,1682.95,222.58,102.8
2024-05-01,Archer,TANF Basic,1,1,1,0,129.62,120.01,118.77
2024-05-01,Armstrong,TANF Basic,0,0,0,0,0.0,0.0,0.0
2024-05-01,Atascosa,TANF Basic,16,43,33,10,3952.96,243.98,92.87
2024-05-01,Austin,TANF Basic,1,3,2,1,176.76,163.64,53.99
2024-05-01,Bailey,TANF Basic,1,4,4,0,310.67,287.62,71.16
2024-05-01,Bandera,TANF Basic,0,0,0,0,0.0,0.0,0.0
2024-05-01,Bastrop,TANF Basic,19,33,25,8,3861.9,198.63,117.95
2024-05-01,Baylor,TANF Basic,4,11,10,1,957.71,221.66,87.75
2024-05-01,Bee,TANF Basic,13,38,29,9,3389.48,261.5,88.73
2024-05-01,Bell,TANF Basic,141,357,262,96,36988.56,261.41,103.64
2024-05-01,Bexar,TANF Basic,458,1032,827,207,102869.08,224.61,99.64
2024-05-01,Blanco,TANF Basic,0,0,0,0,0.0,0.0,0.0
2024-05-01,Borden,TANF Basic,0,0,0,0,0.0,0.0,0.0
2024-05-01,Bosque,TANF Basic,4,8,5,2,874.15,202.32,114.42
2024-05-01,Bowie,TANF Basic,31,64,52,12,6817.52,217.64,105.88
2024-05-01,Brazoria,TANF Basic,44,82,68,14,8711.51,196.71,106.43
2024-05-01,Brazos,TANF Basic,42,100,85,16,9123.95,216.59,90.87
2024-05-01,Brewster,TANF Basic,0,0,0,0,0.0,0.0,0.0
2024-05-01,Briscoe,TANF Basic,0,0,0,0,0.0,0.0,0.0
2024-05-01,Brooks,TANF Basic,3,4,3,1,585.98,180.83,134.23
2024-05-01,Brown,TANF Basic,12,21,15,6,2348.21,197.63,113.24
2024-05-01,Burleson,TANF Basic,3,8,5,2,795.95,245.63,104.19
2024-05-01,Burnet,TANF Basic,5,11,10,1,1038.05,192.21,95.11
2024-05-01,Caldwell,TANF Basic,5,10,8,2,1054.12,195.18,107.32
2024-05-01,Calhoun,TANF Basic,1,1,1,0,129.62,120.01,118.77
2024-05-01,Callahan,TANF Basic,1,1,1,0,129.62,120.01,118.77
2024-05-01,Cameron,TANF Basic,362,875,806,66,76905.96,212.54,87.86
2024-05-01,Camp,TANF Basic,2,4,4,0,372.8,172.57,85.4
2024-05-01,Carson,TANF Basic,1,2,2,0,186.4,172.57,85.4
2024-05-01,Cass,TANF Basic,6,15,12,3,1547.97,238.85,101.31
2024-05-01,Castro,TANF Basic,1,4,4,0,310.67,287.62,71.16
2024-05-01,Chambers,TANF Basic,5,11,8,3,1366.93,253.1,125.25
2024-05-01,Cherokee,TANF Basic,14,28,25,3,2890.27,205.83,101.86
2024-05-01,Childress,TANF Basic,1,2,1,1,326.74,302.49,149.69
2024-05-01,Clay,TANF Basic,1,1,1,0,129.62,120.01,118.77
2024-05-01,Cochran,TANF Basic,0,0,0,0,0.0,0.0,0.0
2024-05-01,Coke,TANF Basic,0,0,0,0,0.0,0.0,0.0
2024-05-01,Coleman,TANF Basic,0,0,0,0,0.0,0.0,0.0
2024-05-01,Collin,TANF Basic,108,250,184,67,26571.6,246.0,106.32
2024-05-01,Collingsworth,TANF Basic,0,0,0,0,0.0,0.0,0.0
2024-05-01,Colorado,TANF Basic,1,3,2,1,254.96,236.04,77.87
2024-05-01,Comal,TANF Basic,19,56,42,14,5550.21,285.47,99.72
2024-05-01,Comanche,TANF Basic,2,5,4,1,583.84,270.26,106.99
2024-05-01,Concho,TANF Basic,1,2,1,1,326.74,302.49,149.69
2024-05-01,Cooke,TANF Basic,6,17,13,5,1759.01,271.42,100.73
2024-05-01,Coryell,TANF Basic,17,43,34,9,4174.71,241.56,98.08
2024-05-01,Cottle,TANF Basic,0,0,0,0,0.0,0.0,0.0
2024-05-01,Crane,TANF Basic,0,0,0,0,0.0,0.0,0.0
2024-05-01,Crockett,TANF Basic,0,0,0,0,0.0,0.0,0.0
2024-05-01,Crosby,TANF Basic,1,4,4,0,310.67,287.62,71.16
2024-05-01,Culberson,TANF Basic,1,1,1,0,129.62,120.01,118.77
2024-05-01,Dallam,TANF Basic,0,0,0,0,0.0,0.0,0.0
2024-05-01,Dallas,TANF Basic,578,1351,1074,279,134648.09,233.01,99.66
2024-05-01,Dawson,TANF Basic,2,3,2,1,456.36,211.25,139.38
2024-05-01,Deaf Smith,TANF Basic,8,15,14,1,1476.2,195.24,96.61
2024-05-01,Delta,TANF Basic,3,5,4,1,609.55,188.11,111.7
2024-05-01,Denton,TANF Basic,81,198,156,42,19035.27,234.97,96.36
2024-05-01,Dewitt,TANF Basic,1,2,1,1,326.74,302.49,149.69
2024-05-01,Dickens,TANF Basic,0,0,0,0,0.0,0.0,0.0
2024-05-01,Dimmit,TANF Basic,3,10,8,2,844.16,260.51,85.94
2024-05-01,Donley,TANF Basic,1,3,3,0,260.32,241.0,79.51
2024-05-01,Duval,TANF Basic,3,10,7,3,1159.11,357.7,118.01
2024-05-01,Eastland,TANF Basic,6,15,13,2,1435.49,221.5,93.95
2024-05-01,Ector,TANF Basic,39,89,73,17,8935.4,229.79,99.85
2024-05-01,Edwards,TANF Basic,0,0,0,0,0.0,0.0,0.0
2024-05-01,El Paso,TANF Basic,266,624,508,116,61246.24,230.5,98.11
2024-05-01,Ellis,TANF Basic,28,59,48,11,6233.68,221.97,105.77
2024-05-01,Erath,TANF Basic,9,19,17,1,1542.62,178.52,83.14
2024-05-01,Falls,TANF Basic,4,12,9,3,1291.94,299.02,107.62
2024-05-01,Fannin,TANF Basic,8,16,13,3,1390.5,183.9,84.94
2024-05-01,Fayette,TANF Basic,0,0,0,0,0.0,0.0,0.0
2024-05-01,Fisher,TANF Basic,0,0,0,0,0.0,0.0,0.0
2024-05-01,Floyd,TANF Basic,1,2,2,0,186.4,172.57,85.4
2024-05-01,Foard,TANF Basic,0,0,0,0,0.0,0.0,0.0
2024-05-01,Fort Bend,TANF Basic,63,136,104,33,13959.63,222.83,102.33
2024-05-01,Franklin,TANF Basic,2,3,2,1,456.36,211.25,139.38
2024-05-01,Freestone,TANF Basic,4,15,13,2,1211.6,280.43,79.3
2024-05-01,Frio,TANF Basic,10,21,16,5,2316.07,238.25,111.69
2024-05-01,Gaines,TANF Basic,2,4,4,0,389.94,180.5,89.32
2024-05-01,Galveston,TANF Basic,68,134,111,24,13433.64,197.41,100.07
2024-05-01,Garza,TANF Basic,0,0,0,0,0.0,0.0,0.0
2024-05-01,Gillespie,TANF Basic,2,4,3,1,507.78,235.05,116.32
2024-05-01,Glasscock,TANF Basic,0,0,0,0,0.0,0.0,0.0
2024-05-01,Goliad,TANF Basic,1,2,2,0,186.4,172.57,85.4
2024-05-01,Gonzales,TANF Basic,0,0,0,0,0.0,0.0,0.0
2024-05-01,Gray,TANF Basic,1,3,2,1,378.16,350.1,115.5
2024-05-01,Grayson,TANF Basic,29,56,44,11,6120.12,209.85,109.96
2024-05-01,Gregg,TANF Basic,27,51,39,12,5523.43,204.54,107.68
2024-05-01,Grimes,TANF Basic,2,4,2,2,653.47,302.49,149.69
2024-05-01,Guadalupe,TANF Basic,21,56,42,14,5602.7,273.0,100.66
2024-05-01,Hale,TANF Basic,3,12,11,1,909.5,280.67,75.76
2024-05-01,Hall,TANF Basic,1,2,2,0,186.4,172.57,85.4
2024-05-01,Hamilton,TANF Basic,0,0,0,0,0.0,0.0,0.0
2024-05-01,Hansford,TANF Basic,0,0,0,0,0.0,0.0,0.0
2024-05-01,Hardeman,TANF Basic,3,8,7,1,750.96,231.75,98.3
2024-05-01,Hardin,TANF Basic,8,13,12,1,1326.22,175.4,101.27
2024-05-01,Harris,TANF Basic,976,2281,1821,463,226835.61,232.31,99.45
2024-05-01,Harrison,TANF Basic,15,33,27,6,3230.93,213.66,98.68
2024-05-01,Hartley,TANF Basic,1,3,2,1,378.16,350.1,115.5
2024-05-01,Haskell,TANF Basic,2,3,3,0,316.02,146.29,96.52
2024-05-01,Hays,TANF Basic,22,48,30,18,5173.13,239.47,107.73
2024-05-01,Hemphill,TANF Basic,1,1,1,0,129.62,120.01,118.77
2024-05-01,Henderson,TANF Basic,19,39,29,10,4184.35,215.22,106.5
2024-05-01,Hidalgo,TANF Basic,1103,3083,2909,159,248822.21,225.62,80.7
2024-05-01,Hill,TANF Basic,5,12,10,2,1121.61,207.68,93.43
2024-05-01,Hockley,TANF Basic,6,15,12,3,1655.1,255.38,108.32
2024-05-01,Hood,TANF Basic,12,20,15,5,2384.63,200.7,121.39
2024-05-01,Hopkins,TANF Basic,11,32,27,5,2587.1,239.51,81.74
2024-05-01,Houston,TANF Basic,9,21,16,5,2133.96,246.95,102.91
2024-05-01,Howard,TANF Basic,6,17,14,3,1749.37,269.93,100.18
2024-05-01,Hudspeth,TANF Basic,1,2,1,1,326.74,302.49,149.69
2024-05-01,Hunt,TANF Basic,22,50,38,12,5153.85,238.57,102.66
2024-05-01,Hutchinson,TANF Basic,4,8,7,1,846.3,195.88,110.78
2024-05-01,Irion,TANF Basic,1,2,2,0,186.4,172.57,85.4
2024-05-01,Jack,TANF Basic,1,3,2,1,378.16,350.1,115.5
2024-05-01,Jackson,TANF Basic,3,5,4,1,607.41,187.45,111.31
2024-05-01,Jasper,TANF Basic,11,23,18,5,2430.7,225.03,106.06
2024-05-01,Jeff Davis,TANF Basic,0,0,0,0,0.0,0.0,0.0
2024-05-01,Jefferson,TANF Basic,94,226,180,46,21596.66,229.82,95.6
2024-05-01,Jim Hogg,TANF Basic,2,3,2,1,456.36,211.25,139.38
2024-05-01,Jim Wells,TANF Basic,15,38,30,8,3516.96,232.57,92.07
2024-05-01,Johnson,TANF Basic,31,60,48,12,6295.81,200.99,104.89
2024-05-01,Jones,TANF Basic,6,21,14,7,2135.03,329.44,102.96
2024-05-01,Karnes,TANF Basic,4,5,5,0,505.64,117.03,92.66
2024-05-01,Kaufman,TANF Basic,38,93,76,17,8529.39,225.62,91.94
2024-05-01,Kendall,TANF Basic,5,11,8,3,1056.27,195.58,96.78
2024-05-01,Kenedy,TANF Basic,0,0,0,0,0.0,0.0,0.0
2024-05-01,Kent,TANF Basic,0,0,0,0,0.0,0.0,0.0
2024-05-01,Kerr,TANF Basic,4,9,7,2,1020.91,236.29,116.93
2024-05-01,Kimble,TANF Basic,0,0,0,0,0.0,0.0,0.0
2024-05-01,King,TANF Basic,0,0,0,0,0.0,0.0,0.0
2024-05-01,Kinney,TANF Basic,0,0,0,0,0.0,0.0,0.0
2024-05-01,Kleberg,TANF Basic,12,32,23,9,3588.73,302.04,113.39
2024-05-01,Knox,TANF Basic,1,4,3,1,454.22,420.51,104.05
2024-05-01,La Salle,TANF Basic,0,0,0,0,0.0,0.0,0.0
2024-05-01,Lamar,TANF Basic,30,61,49,12,5889.8,194.74,96.37
2024-05-01,Lamb,TANF Basic,6,13,9,5,1522.26,234.89,116.23
2024-05-01,Lampasas,TANF Basic,5,13,9,5,1209.46,223.94,92.35
2024-05-01,Lavaca,TANF Basic,1,1,1,0,129.62,120.01,118.77
2024-05-01,Lee,TANF Basic,4,5,5,0,575.27,133.15,105.42
2024-05-01,Leon,TANF Basic,5,13,11,2,1333.72,246.95,101.84
2024-05-01,Liberty,TANF Basic,21,36,31,5,3480.53,169.59,96.64
2024-05-01,Limestone,TANF Basic,8,14,13,1,1274.8,168.6,89.85
2024-05-01,Lipscomb,TANF Basic,1,2,1,1,326.74,302.49,149.69
2024-05-01,Live Oak,TANF Basic,3,10,8,2,930.93,287.29,94.78
2024-05-01,Llano,TANF Basic,1,1,0,1,157.48,145.79,144.29
2024-05-01,Loving,TANF Basic,0,0,0,0,0.0,0.0,0.0
2024-05-01,Lubbock,TANF Basic,78,167,130,37,16766.33,215.59,100.41
2024-05-01,Lynn,TANF Basic,0,0,0,0,0.0,0.0,0.0
2024-05-01,Madison,TANF Basic,6,11,10,1,1093.76,168.77,100.22
2024-05-01,Marion,TANF Basic,1,1,1,0,129.62,120.01,118.77
2024-05-01,Martin,TANF Basic,1,3,2,1,101.77,94.22,31.08
2024-05-01,Mason,TANF Basic,0,0,0,0,0.0,0.0,0.0
2024-05-01,Matagorda,TANF Basic,10,20,17,2,1986.12,204.31,101.1
2024-05-01,Maverick,TANF Basic,14,45,36,9,3946.53,281.06,88.2
2024-05-01,Mcculloch,TANF Basic,0,0,0,0,0.0,0.0,0.0
2024-05-01,Mclennan,TANF Basic,66,165,130,35,16195.35,245.8,98.27
2024-05-01,Mcmullen,TANF Basic,0,0,0,0,0.0,0.0,0.0
2024-05-01,Medina,TANF Basic,11,24,18,6,2391.06,221.37,99.59
2024-05-01,Menard,TANF Basic,0,0,0,0,0.0,0.0,0.0
2024-05-01,Midland,TANF Basic,21,47,38,9,4615.0,224.87,98.34
2024-05-01,Milam,TANF Basic,2,4,3,1,387.8,179.51,88.83
2024-05-01,Mills,TANF Basic,0,0,0,0,0.0,0.0,0.0
2024-05-01,Mitchell,TANF Basic,2,5,4,1,564.56,261.33,103.46
2024-05-01,Montague,TANF Basic,2,3,3,0,316.02,146.29,96.52
2024-05-01,Montgomery,TANF Basic,67,147,122,25,14760.93,220.42,100.19
2024-05-01,Moore,TANF Basic,6,15,12,3,1664.74,256.87,108.95
2024-05-01,Morris,TANF Basic,9,16,14,2,1676.53,194.02,102.41
2024-05-01,Motley,TANF Basic,0,0,0,0,0.0,0.0,0.0
2024-05-01,Nacogdoches,TANF Basic,16,29,25,5,2890.27,178.39,98.08
2024-05-01,Navarro,TANF Basic,15,33,29,3,3007.03,198.85,91.84
2024-05-01,Newton,TANF Basic,4,8,5,2,853.8,197.61,111.76
2024-05-01,Nolan,TANF Basic,4,8,7,1,846.3,195.88,110.78
2024-05-01,Nueces,TANF Basic,145,341,271,70,34989.59,241.74,102.76
2024-05-01,Ochiltree,TANF Basic,1,1,1,0,129.62,120.01,118.77
2024-05-01,Oldham,TANF Basic,0,0,0,0,0.0,0.0,0.0
2024-05-01,Orange,TANF Basic,24,58,47,11,5301.68,223.11,91.66
2024-05-01,Palo Pinto,TANF Basic,6,12,11,1,1039.12,160.34,86.56
2024-05-01,Panola,TANF Basic,5,9,7,2,926.64,171.58,106.13
2024-05-01,Parker,TANF Basic,16,31,23,8,3537.31,218.32,115.76
2024-05-01,Parmer,TANF Basic,0,0,0,0,0.0,0.0,0.0
2024-05-01,Pecos,TANF Basic,0,0,0,0,0.0,0.0,0.0
2024-05-01,Polk,TANF Basic,18,34,27,7,3572.66,194.56,105.6
2024-05-01,Potter,TANF Basic,33,73,59,15,7257.81,216.75,99.26
2024-05-01,Presidio,TANF Basic,5,12,11,1,1140.89,211.25,95.03
2024-05-01,Rains,TANF Basic,4,9,7,2,970.56,224.64,111.16
2024-05-01,Randall,TANF Basic,15,24,18,6,2505.68,165.7,104.36
2024-05-01,Reagan,TANF Basic,0,0,0,0,0.0,0.0,0.0
2024-05-01,Real,TANF Basic,0,0,0,0,0.0,0.0,0.0
2024-05-01,Red River,TANF Basic,5,13,12,1,1197.67,221.76,91.45
2024-05-01,Reeves,TANF Basic,5,12,10,2,1242.66,230.09,103.51
2024-05-01,Refugio,TANF Basic,4,7,4,2,670.61,155.21,102.41
2024-05-01,Roberts,TANF Basic,0,0,0,0,0.0,0.0,0.0
2024-05-01,Robertson,TANF Basic,5,15,12,3,1582.26,292.97,103.56
2024-05-01,Rockwall,TANF Basic,9,27,22,6,2772.43,320.84,101.61
2024-05-01,Runnels,TANF Basic,1,2,1,1,271.03,250.92,124.17
2024-05-01,Rusk,TANF Basic,5,12,10,2,1201.96,222.56,100.12
2024-05-01,Sabine,TANF Basic,2,4,3,1,513.13,237.53,117.54
2024-05-01,San Jacinto,TANF Basic,6,13,12,1,1283.37,198.03,97.99
2024-05-01,San Juneine,TANF Basic,0,0,0,0,0.0,0.0,0.0
2024-05-01,San Patricio,TANF Basic,15,32,23,9,2958.83,195.66,93.49
2024-05-01,San Saba,TANF Basic,1,4,3,1,272.1,251.91,62.33
2024-05-01,Schleicher,TANF Basic,0,0,0,0,0.0,0.0,0.0
2024-05-01,Scurry,TANF Basic,5,10,8,2,874.15,161.86,89.0
2024-05-01,Shackelford,TANF Basic,0,0,0,0,0.0,0.0,0.0
2024-05-01,Shelby,TANF Basic,4,5,5,0,575.27,133.15,105.42
2024-05-01,Sherman,TANF Basic,0,0,0,0,0.0,0.0,0.0
2024-05-01,Smith,TANF Basic,35,94,73,21,8924.69,258.2,95.09
2024-05-01,Somervell,TANF Basic,0,0,0,0,0.0,0.0,0.0
2024-05-01,Starr,TANF Basic,54,129,117,11,11399.31,211.07,88.52
2024-05-01,Stephens,TANF Basic,1,4,3,1,31.07,28.76,0.0
2024-05-01,Sterling,TANF Basic,0,0,0,0,0.0,0.0,0.0
2024-05-01,Stonewall,TANF Basic,0,0,0,0,0.0,0.0,0.0
2024-05-01,Sutton,TANF Basic,0,0,0,0,0.0,0.0,0.0
2024-05-01,Swisher,TANF Basic,2,2,2,0,259.25,120.01,118.77
2024-05-01,Tarrant,TANF Basic,375,900,712,190,89519.01,238.84,99.42
2024-05-01,Taylor,TANF Basic,57,127,94,33,12655.9,221.07,99.97
2024-05-01,Terrell,TANF Basic,0,0,0,0,0.0,0.0,0.0
2024-05-01,Terry,TANF Basic,2,3,2,1,456.36,211.25,139.38
2024-05-01,Throckmorton,TANF Basic,0,0,0,0,0.0,0.0,0.0
2024-05-01,Titus,TANF Basic,9,16,13,3,1550.12,179.39,94.69
2024-05-01,Tom Green,TANF Basic,25,58,46,12,5198.84,209.27,89.88
2024-05-01,Travis,TANF Basic,185,361,277,85,39158.94,212.01,108.4
2024-05-01,Trinity,TANF Basic,3,7,4,2,834.51,257.53,127.44
2024-05-01,Tyler,TANF Basic,5,7,5,1,845.23,156.5,129.08
2024-05-01,Upshur,TANF Basic,10,19,16,2,1930.42,198.58,104.05
2024-05-01,Upton,TANF Basic,0,0,0,0,0.0,0.0,0.0
2024-05-01,Uvalde,TANF Basic,8,13,11,2,1489.06,196.94,113.7
2024-05-01,Val Verde,TANF Basic,25,63,50,14,6041.92,243.2,95.45
2024-05-01,Van Zandt,TANF Basic,9,20,17,2,1682.95,194.76,85.67
2024-05-01,Victoria,TANF Basic,21,44,35,9,4487.52,218.66,102.8
2024-05-01,Walker,TANF Basic,19,39,31,8,4086.87,210.2,104.02
2024-05-01,Waller,TANF Basic,2,7,7,0,497.07,230.09,75.91
2024-05-01,Ward,TANF Basic,2,4,4,0,377.08,174.55,86.38
2024-05-01,Washington,TANF Basic,5,15,12,3,1595.11,295.35,104.4
2024-05-01,Webb,TANF Basic,114,318,295,21,26345.57,230.1,82.95
2024-05-01,Wharton,TANF Basic,11,23,17,6,2653.52,245.66,115.78
2024-05-01,Wheeler,TANF Basic,0,0,0,0,0.0,0.0,0.0
2024-05-01,Wichita,TANF Basic,42,87,69,18,8497.26,201.71,97.32
2024-05-01,Wilbarger,TANF Basic,1,2,1,1,326.74,302.49,149.69
2024-05-01,Willacy,TANF Basic,13,41,34,8,4040.8,311.75,97.43
2024-05-01,Williamson,TANF Basic,46,109,81,28,11194.7,241.03,102.57
2024-05-01,Wilson,TANF Basic,9,17,13,5,1895.06,219.31,108.53
2024-05-01,Winkler,TANF Basic,0,0,0,0,0.0,0.0,0.0
2024-05-01,Wise,TANF Basic,10,25,20,6,2241.08,230.53,89.28
2024-05-01,Wood,TANF Basic,9,20,17,2,1945.41,225.13,99.03
2024-05-01,Yoakum,TANF Basic,0,0,0,0,0.0,0.0,0.0
2024-05-01,Young,TANF Basic,2,4,4,0,372.8,172.57,85.4
2024-05-01,Zapata,TANF Basic,3,8,5,2,913.79,282.0,119.61
2024-05-01,Zavala,TANF Basic,5,14,12,2,1118.4,207.08,78.83
2024-05-01,Anderson,TANF State Program,0,0,0,0,0.0,0.0,0.0
2024-05-01,Andrews,TANF State Program,1,6,3,2,544.4,494.47,97.41
2024-05-01,Angelina,TANF State Program,0,0,0,0,0.0,0.0,0.0
2024-05-01,Aransas,TANF State Program,1,6,3,2,544.4,494.47,97.41
2024-05-01,Archer,TANF State Program,0,0,0,0,0.0,0.0,0.0
2024-05-01,Armstrong,TANF State Program,0,0,0,0,0.0,0.0,0.0
2024-05-01,Atascosa,TANF State Program,1,6,3,2,365.82,332.27,65.46
2024-05-01,Austin,TANF State Program,0,0,0,0,0.0,0.0,0.0
2024-05-01,Bailey,TANF State Program,0,0,0,0,0.0,0.0,0.0
2024-05-01,Bandera,TANF State Program,0,0,0,0,0.0,0.0,0.0
2024-05-01,Bastrop,TANF State Program,0,0,0,0,0.0,0.0,0.0
2024-05-01,Baylor,TANF State Program,0,0,0,0,0.0,0.0,0.0
2024-05-01,Bee,TANF State Program,1,7,4,2,597.43,542.64,89.08
2024-05-01,Bell,TANF State Program,7,23,13,10,1925.42,291.47,82.03
2024-05-01,Bexar,TANF State Program,19,47,23,24,5094.41,272.19,108.52
2024-05-01,Blanco,TANF State Program,0,0,0,0,0.0,0.0,0.0
2024-05-01,Borden,TANF State Program,0,0,0,0,0.0,0.0,0.0
2024-05-01,Bosque,TANF State Program,0,0,0,0,0.0,0.0,0.0
2024-05-01,Bowie,TANF State Program,1,4,2,2,389.63,353.9,87.15
2024-05-01,Brazoria,TANF State Program,1,6,3,2,544.4,494.47,97.41
2024-05-01,Brazos,TANF State Program,1,4,2,2,469.72,426.64,105.06
2024-05-01,Brewster,TANF State Program,0,0,0,0,0.0,0.0,0.0
2024-05-01,Briscoe,TANF State Program,0,0,0,0,0.0,0.0,0.0
2024-05-01,Brooks,TANF State Program,0,0,0,0,0.0,0.0,0.0
2024-05-01,Brown,TANF State Program,0,0,0,0,0.0,0.0,0.0
2024-05-01,Burleson,TANF State Program,0,0,0,0,0.0,0.0,0.0
2024-05-01,Burnet,TANF State Program,0,0,0,0,0.0,0.0,0.0
2024-05-01,Caldwell,TANF State Program,0,0,0,0,0.0,0.0,0.0
2024-05-01,Calhoun,TANF State Program,0,0,0,0,0.0,0.0,0.0
2024-05-01,Callahan,TANF State Program,0,0,0,0,0.0,0.0,0.0
2024-05-01,Cameron,TANF State Program,6,18,9,9,1611.55,292.75,90.11
2024-05-01,Camp,TANF State Program,0,0,0,0,0.0,0.0,0.0
2024-05-01,Carson,TANF State Program,0,0,0,0,0.0,0.0,0.0
2024-05-01,Cass,TANF State Program,0,0,0,0,0.0,0.0,0.0
2024-05-01,Castro,TANF State Program,0,0,0,0,0.0,0.0,0.0
2024-05-01,Chambers,TANF State Program,0,0,0,0,0.0,0.0,0.0
2024-05-01,Cherokee,TANF State Program,2,6,2,3,622.33,282.63,111.36
2024-05-01,Childress,TANF State Program,0,0,0,0,0.0,0.0,0.0
2024-05-01,Clay,TANF State Program,0,0,0,0,0.0,0.0,0.0
2024-05-01,Cochran,TANF State Program,0,0,0,0,0.0,0.0,0.0
2024-05-01,Coke,TANF State Program,0,0,0,0,0.0,0.0,0.0
2024-05-01,Coleman,TANF State Program,0,0,0,0,0.0,0.0,0.0
2024-05-01,Collin,TANF State Program,9,34,22,11,2138.64,242.81,63.78
2024-05-01,Collingsworth,TANF State Program,0,0,0,0,0.0,0.0,0.0
2024-05-01,Colorado,TANF State Program,0,0,0,0,0.0,0.0,0.0
2024-05-01,Comal,TANF State Program,0,0,0,0,0.0,0.0,0.0
2024-05-01,Comanche,TANF State Program,0,0,0,0,0.0,0.0,0.0
2024-05-01,Concho,TANF State Program,0,0,0,0,0.0,0.0,0.0
2024-05-01,Cooke,TANF State Program,0,0,0,0,0.0,0.0,0.0
2024-05-01,Coryell,TANF State Program,0,0,0,0,0.0,0.0,0.0
2024-05-01,Cottle,TANF State Program,0,0,0,0,0.0,0.0,0.0
2024-05-01,Crane,TANF State Program,0,0,0,0,0.0,0.0,0.0
2024-05-01,Crockett,TANF State Program,0,0,0,0,0.0,0.0,0.0
2024-05-01,Crosby,TANF State Program,0,0,0,0,0.0,0.0,0.0
2024-05-01,Culberson,TANF State Program,0,0,0,0,0.0,0.0,0.0
2024-05-01,Dallam,TANF State Program,0,0,0,0,0.0,0.0,0.0
2024-05-01,Dallas,TANF State Program,12,37,17,20,3650.62,301.44,98.97
2024-05-01,Dawson,TANF State Program,0,0,0,0,0.0,0.0,0.0
2024-05-01,Deaf Smith,TANF State Program,0,0,0,0,0.0,0.0,0.0
2024-05-01,Delta,TANF State Program,0,0,0,0,0.0,0.0,0.0
2024-05-01,Denton,TANF State Program,3,12,9,3,1100.7,333.25,89.52
2024-05-01,Dewitt,TANF State Program,0,0,0,0,0.0,0.0,0.0
2024-05-01,Dickens,TANF State Program,0,0,0,0,0.0,0.0,0.0
2024-05-01,Dimmit,TANF State Program,1,3,2,1,382.05,347.02,113.94
2024-05-01,Donley,TANF State Program,0,0,0,0,0.0,0.0,0.0
2024-05-01,Duval,TANF State Program,1,3,2,1,382.05,347.02,113.94
2024-05-01,Eastland,TANF State Program,2,6,2,3,747.87,339.64,133.82
2024-05-01,Ector,TANF State Program,0,0,0,0,0.0,0.0,0.0
2024-05-01,Edwards,TANF State Program,0,0,0,0,0.0,0.0,0.0
2024-05-01,El Paso,TANF State Program,12,48,28,20,4671.23,385.71,97.19
2024-05-01,Ellis,TANF State Program,0,0,0,0,0.0,0.0,0.0
2024-05-01,Erath,TANF State Program,0,0,0,0,0.0,0.0,0.0
2024-05-01,Falls,TANF State Program,0,0,0,0,0.0,0.0,0.0
2024-05-01,Fannin,TANF State Program,0,0,0,0,0.0,0.0,0.0
2024-05-01,Fayette,TANF State Program,1,4,2,2,281.4,255.59,62.94
2024-05-01,Fisher,TANF State Program,0,0,0,0,0.0,0.0,0.0
2024-05-01,Floyd,TANF State Program,0,0,0,0,0.0,0.0,0.0
2024-05-01,Foard,TANF State Program,0,0,0,0,0.0,0.0,0.0
2024-05-01,Fort Bend,TANF State Program,2,9,4,5,656.96,298.36,73.47
2024-05-01,Franklin,TANF State Program,0,0,0,0,0.0,0.0,0.0
2024-05-01,Freestone,TANF State Program,0,0,0,0,0.0,0.0,0.0
2024-05-01,Frio,TANF State Program,1,1,0,1,159.1,144.51,142.34
2024-05-01,Gaines,TANF State Program,0,0,0,0,0.0,0.0,0.0
2024-05-01,Galveston,TANF State Program,0,0,0,0,0.0,0.0,0.0
2024-05-01,Garza,TANF State Program,0,0,0,0,0.0,0.0,0.0
2024-05-01,Gillespie,TANF State Program,0,0,0,0,0.0,0.0,0.0
2024-05-01,Glasscock,TANF State Program,0,0,0,0,0.0,0.0,0.0
2024-05-01,Goliad,TANF State Program,0,0,0,0,0.0,0.0,0.0
2024-05-01,Gonzales,TANF State Program,0,0,0,0,0.0,0.0,0.0
2024-05-01,Gray,TANF State Program,0,0,0,0,0.0,0.0,0.0
2024-05-01,Grayson,TANF State Program,1,3,2,1,382.05,347.02,113.94
2024-05-01,Gregg,TANF State Program,1,3,1,2,417.77,379.46,124.59
2024-05-01,Grimes,TANF State Program,0,0,0,0,0.0,0.0,0.0
2024-05-01,Guadalupe,TANF State Program,1,2,2,0,188.32,171.05,84.24
2024-05-01,Hale,TANF State Program,1,3,2,1,382.05,347.02,113.94
2024-05-01,Hall,TANF State Program,0,0,0,0,0.0,0.0,0.0
2024-05-01,Hamilton,TANF State Program,0,0,0,0,0.0,0.0,0.0
2024-05-01,Hansford,TANF State Program,0,0,0,0,0.0,0.0,0.0
2024-05-01,Hardeman,TANF State Program,0,0,0,0,0.0,0.0,0.0
2024-05-01,Hardin,TANF State Program,1,2,2,0,188.32,171.05,84.24
2024-05-01,Harris,TANF State Program,18,75,47,28,6788.22,385.35,90.65
2024-05-01,Harrison,TANF State Program,0,0,0,0,0.0,0.0,0.0
2024-05-01,Hartley,TANF State Program,0,0,0,0,0.0,0.0,0.0
2024-05-01,Haskell,TANF State Program,0,0,0,0,0.0,0.0,0.0
2024-05-01,Hays,TANF State Program,1,7,4,2,597.43,542.64,89.08
2024-05-01,Hemphill,TANF State Program,0,0,0,0,0.0,0.0,0.0
2024-05-01,Henderson,TANF State Program,2,7,2,5,835.54,379.46,124.59
2024-05-01,Hidalgo,TANF State Program,9,31,20,11,2720.92,308.92,86.94
2024-05-01,Hill,TANF State Program,1,2,1,1,330.1,299.83,147.67
2024-05-01,Hockley,TANF State Program,0,0,0,0,0.0,0.0,0.0
2024-05-01,Hood,TANF State Program,0,0,0,0,0.0,0.0,0.0
2024-05-01,Hopkins,TANF State Program,1,3,1,2,417.77,379.46,124.59
2024-05-01,Houston,TANF State Program,0,0,0,0,0.0,0.0,0.0
2024-05-01,Howard,TANF State Program,1,4,2,2,14.07,12.78,3.15
2024-05-01,Hudspeth,TANF State Program,0,0,0,0,0.0,0.0,0.0
2024-05-01,Hunt,TANF State Program,1,6,3,2,544.4,494.47,97.41
2024-05-01,Hutchinson,TANF State Program,0,0,0,0,0.0,0.0,0.0
2024-05-01,Irion,TANF State Program,0,0,0,0,0.0,0.0,0.0
2024-05-01,Jack,TANF State Program,0,0,0,0,0.0,0.0,0.0
2024-05-01,Jackson,TANF State Program,0,0,0,0,0.0,0.0,0.0
2024-05-01,Jasper,TANF State Program,0,0,0,0,0.0,0.0,0.0
2024-05-01,Jeff Davis,TANF State Program,0,0,0,0,0.0,0.0,0.0
2024-05-01,Jefferson,TANF State Program,3,11,8,3,1059.58,320.8,94.8
2024-05-01,Jim Hogg,TANF State Program,0,0,0,0,0.0,0.0,0.0
2024-05-01,Jim Wells,TANF State Program,0,0,0,0,0.0,0.0,0.0
2024-05-01,Johnson,TANF State Program,0,0,0,0,0.0,0.0,0.0
2024-05-01,Jones,TANF State Program,0,0,0,0,0.0,0.0,0.0
2024-05-01,Karnes,TANF State Program,0,0,0,0,0.0,0.0,0.0
2024-05-01,Kaufman,TANF State Program,1,7,4,2,519.51,471.86,77.46
2024-05-01,Kendall,TANF State Program,0,0,0,0,0.0,0.0,0.0
2024-05-01,Kenedy,TANF State Program,0,0,0,0,0.0,0.0,0.0
2024-05-01,Kent,TANF State Program,0,0,0,0,0.0,0.0,0.0
2024-05-01,Kerr,TANF State Program,0,0,0,0,0.0,0.0,0.0
2024-05-01,Kimble,TANF State Program,0,0,0,0,0.0,0.0,0.0
2024-05-01,King,TANF State Program,0,0,0,0,0.0,0.0,0.0
2024-05-01,Kinney,TANF State Program,1,3,1,2,239.19,217.25,71.33
2024-05-01,Kleberg,TANF State Program,1,3,2,1,382.05,347.02,113.94
2024-05-01,Knox,TANF State Program,0,0,0,0,0.0,0.0,0.0
2024-05-01,La Salle,TANF State Program,0,0,0,0,0.0,0.0,0.0
2024-05-01,Lamar,TANF State Program,0,0,0,0,0.0,0.0,0.0
2024-05-01,Lamb,TANF State Program,0,0,0,0,0.0,0.0,0.0
2024-05-01,Lampasas,TANF State Program,0,0,0,0,0.0,0.0,0.0
2024-05-01,Lavaca,TANF State Program,0,0,0,0,0.0,0.0,0.0
2024-05-01,Lee,TANF State Program,1,4,2,2,469.72,426.64,105.06
2024-05-01,Leon,TANF State Program,0,0,0,0,0.0,0.0,0.0
2024-05-01,Liberty,TANF State Program,0,0,0,0,0.0,0.0,0.0
2024-05-01,Limestone,TANF State Program,0,0,0,0,0.0,0.0,0.0
2024-05-01,Lipscomb,TANF State Program,0,0,0,0,0.0,0.0,0.0
2024-05-01,Live Oak,TANF State Program,0,0,0,0,0.0,0.0,0.0
2024-05-01,Llano,TANF State Program,0,0,0,0,0.0,0.0,0.0
2024-05-01,Loving,TANF State Program,0,0,0,0,0.0,0.0,0.0
2024-05-01,Lubbock,TANF State Program,1,9,7,2,721.9,655.69,80.73
2024-05-01,Lynn,TANF State Program,0,0,0,0,0.0,0.0,0.0
2024-05-01,Madison,TANF State Program,0,0,0,0,0.0,0.0,0.0
2024-05-01,Marion,TANF State Program,1,4,2,2,469.72,426.64,105.06
2024-05-01,Martin,TANF State Program,0,0,0,0,0.0,0.0,0.0
2024-05-01,Mason,TANF State Program,0,0,0,0,0.0,0.0,0.0
2024-05-01,Matagorda,TANF State Program,0,0,0,0,0.0,0.0,0.0
2024-05-01,Maverick,TANF State Program,1,4,2,2,469.72,426.64,105.06
2024-05-01,Mcculloch,TANF State Program,0,0,0,0,0.0,0.0,0.0
2024-05-01,Mclennan,TANF State Program,1,4,3,1,458.9,416.81,102.64
2024-05-01,Mcmullen,TANF State Program,0,0,0,0,0.0,0.0,0.0
2024-05-01,Medina,TANF State Program,1,1,1,0,130.96,118.95,117.17
2024-05-01,Menard,TANF State Program,0,0,0,0,0.0,0.0,0.0
2024-05-01,Midland,TANF State Program,2,4,2,2,548.73,249.2,122.73
2024-05-01,Milam,TANF State Program,0,0,0,0,0.0,0.0,0.0
2024-05-01,Mills,TANF State Program,0,0,0,0,0.0,0.0,0.0
2024-05-01,Mitchell,TANF State Program,0,0,0,0,0.0,0.0,0.0
2024-05-01,Montague,TANF State Program,0,0,0,0,0.0,0.0,0.0
2024-05-01,Montgomery,TANF State Program,3,16,9,7,1536.87,465.31,98.21
2024-05-01,Moore,TANF State Program,0,0,0,0,0.0,0.0,0.0
2024-05-01,Morris,TANF State Program,0,0,0,0,0.0,0.0,0.0
2024-05-01,Motley,TANF State Program,0,0,0,0,0.0,0.0,0.0
2024-05-01,Nacogdoches,TANF State Program,0,0,0,0,0.0,0.0,0.0
2024-05-01,Navarro,TANF State Program,1,4,2,2,375.56,341.12,84.0
2024-05-01,Newton,TANF State Program,0,0,0,0,0.0,0.0,0.0
2024-05-01,Nolan,TANF State Program,0,0,0,0,0.0,0.0,0.0
2024-05-01,Nueces,TANF State Program,10,32,16,17,3211.2,324.08,99.07
2024-05-01,Ochiltree,TANF State Program,0,0,0,0,0.0,0.0,0.0
2024-05-01,Oldham,TANF State Program,0,0,0,0,0.0,0.0,0.0
2024-05-01,Orange,TANF State Program,0,0,0,0,0.0,0.0,0.0
2024-05-01,Palo Pinto,TANF State Program,0,0,0,0,0.0,0.0,0.0
2024-05-01,Panola,TANF State Program,0,0,0,0,0.0,0.0,0.0
2024-05-01,Parker,TANF State Program,2,11,7,5,1067.15,484.64,95.48
2024-05-01,Parmer,TANF State Program,0,0,0,0,0.0,0.0,0.0
2024-05-01,Pecos,TANF State Program,0,0,0,0,0.0,0.0,0.0
2024-05-01,Polk,TANF State Program,0,0,0,0,0.0,0.0,0.0
2024-05-01,Potter,TANF State Program,0,0,0,0,0.0,0.0,0.0
2024-05-01,Presidio,TANF State Program,0,0,0,0,0.0,0.0,0.0
2024-05-01,Rains,TANF State Program,1,3,1,2,321.44,291.97,95.86
2024-05-01,Randall,TANF State Program,0,0,0,0,0.0,0.0,0.0
2024-05-01,Reagan,TANF State Program,0,0,0,0,0.0,0.0,0.0
2024-05-01,Real,TANF State Program,0,0,0,0,0.0,0.0,0.0
2024-05-01,Red River,TANF State Program,0,0,0,0,0.0,0.0,0.0
2024-05-01,Reeves,TANF State Program,0,0,0,0,0.0,0.0,0.0
2024-05-01,Refugio,TANF State Program,0,0,0,0,0.0,0.0,0.0
2024-05-01,Roberts,TANF State Program,0,0,0,0,0.0,0.0,0.0
2024-05-01,Robertson,TANF State Program,0,0,0,0,0.0,0.0,0.0
2024-05-01,Rockwall,TANF State Program,0,0,0,0,0.0,0.0,0.0
2024-05-01,Runnels,TANF State Program,0,0,0,0,0.0,0.0,0.0
2024-05-01,Rusk,TANF State Program,1,3,1,2,417.77,379.46,124.59
2024-05-01,Sabine,TANF State Program,0,0,0,0,0.0,0.0,0.0
2024-05-01,San Jacinto,TANF State Program,1,7,4,2,597.43,542.64,89.08
2024-05-01,San Juneine,TANF State Program,0,0,0,0,0.0,0.0,0.0
2024-05-01,San Patricio,TANF State Program,1,3,2,1,382.05,347.02,113.94
2024-05-01,San Saba,TANF State Program,0,0,0,0,0.0,0.0,0.0
2024-05-01,Schleicher,TANF State Program,1,4,2,2,469.72,426.64,105.06
2024-05-01,Scurry,TANF State Program,0,0,0,0,0.0,0.0,0.0
2024-05-01,Shackelford,TANF State Program,0,0,0,0,0.0,0.0,0.0
2024-05-01,Shelby,TANF State Program,0,0,0,0,0.0,0.0,0.0
2024-05-01,Sherman,TANF State Program,0,0,0,0,0.0,0.0,0.0
2024-05-01,Smith,TANF State Program,0,0,0,0,0.0,0.0,0.0
2024-05-01,Somervell,TANF State Program,0,0,0,0,0.0,0.0,0.0
2024-05-01,Starr,TANF State Program,1,7,6,1,585.53,531.83,87.31
2024-05-01,Stephens,TANF State Program,0,0,0,0,0.0,0.0,0.0
2024-05-01,Sterling,TANF State Program,0,0,0,0,0.0,0.0,0.0
2024-05-01,Stonewall,TANF State Program,0,0,0,0,0.0,0.0,0.0
2024-05-01,Sutton,TANF State Program,0,0,0,0,0.0,0.0,0.0
2024-05-01,Swisher,TANF State Program,0,0,0,0,0.0,0.0,0.0
2024-05-01,Tarrant,TANF State Program,10,42,23,19,4041.33,407.86,95.15
2024-05-01,Taylor,TANF State Program,1,3,1,2,331.19,300.81,98.77
2024-05-01,Terrell,TANF State Program,0,0,0,0,0.0,0.0,0.0
2024-05-01,Terry,TANF State Program,0,0,0,0,0.0,0.0,0.0
2024-05-01,Throckmorton,TANF State Program,0,0,0,0,0.0,0.0,0.0
2024-05-01,Titus,TANF State Program,0,0,0,0,0.0,0.0,0.0
2024-05-01,Tom Green,TANF State Program,0,0,0,0,0.0,0.0,0.0
2024-05-01,Travis,TANF State Program,13,49,24,25,4851.98,367.25,98.66
2024-05-01,Trinity,TANF State Program,0,0,0,0,0.0,0.0,0.0
2024-05-01,Tyler,TANF State Program,0,0,0,0,0.0,0.0,0.0
2024-05-01,Upshur,TANF State Program,0,0,0,0,0.0,0.0,0.0
2024-05-01,Upton,TANF State Program,0,0,0,0,0.0,0.0,0.0
2024-05-01,Uvalde,TANF State Program,0,0,0,0,0.0,0.0,0.0
2024-05-01,Val Verde,TANF State Program,0,0,0,0,0.0,0.0,0.0
2024-05-01,Van Zandt,TANF State Program,0,0,0,0,0.0,0.0,0.0
2024-05-01,Victoria,TANF State Program,0,0,0,0,0.0,0.0,0.0
2024-05-01,Walker,TANF State Program,0,0,0,0,0.0,0.0,0.0
2024-05-01,Waller,TANF State Program,0,0,0,0,0.0,0.0,0.0
2024-05-01,Ward,TANF State Program,0,0,0,0,0.0,0.0,0.0
2024-05-01,Washington,TANF State Program,0,0,0,0,0.0,0.0,0.0
2024-05-01,Webb,TANF State Program,1,1,1,0,130.96,118.95,117.17
2024-05-01,Wharton,TANF State Program,0,0,0,0,0.0,0.0,0.0
2024-05-01,Wheeler,TANF State Program,0,0,0,0,0.0,0.0,0.0
2024-05-01,Wichita,TANF State Program,1,7,4,2,597.43,542.64,89.08
2024-05-01,Wilbarger,TANF State Program,0,0,0,0,0.0,0.0,0.0
2024-05-01,Willacy,TANF State Program,1,6,3,2,544.4,494.47,97.41
2024-05-01,Williamson,TANF State Program,3,12,6,7,1357.21,410.91,110.39
2024-05-01,Wilson,TANF State Program,0,0,0,0,0.0,0.0,0.0
2024-05-01,Winkler,TANF State Program,0,0,0,0,0.0,0.0,0.0
2024-05-01,Wise,TANF State Program,1,7,4,2,597.43,542.64,89.08
2024-05-01,Wood,TANF State Program,1,4,3,1,458.9,416.81,102.64
2024-05-01,Yoakum,TANF State Program,0,0,0,0,0.0,0.0,0.0
2024-05-01,Young,TANF State Program,1,4,3,1,458.9,416.81,102.64
2024-05-01,Zapata,TANF State Program,0,0,0,0,0.0,0.0,0.0
2024-05-01,Zavala,TANF State Program,0,0,0,0,0.0,0.0,0.0
2024-07-01,Anderson,TANF Basic,13,29,24,5,3004.54,229.59,104.64
2024-07-01,Andrews,TANF Basic,1,2,2,0,188.39,172.75,85.29
2024-07-01,Angelina,TANF Basic,16,33,27,6,3283.88,200.74,99.12
2024-07-01,Aransas,TANF Basic,14,30,23,7,3251.4,229.34,109.04
2024-07-01,Archer,TANF Basic,1,1,1,0,131.01,120.13,118.63
2024-07-01,Armstrong,TANF Basic,0,0,0,0,0.0,0.0,0.0
2024-07-01,Atascosa,TANF Basic,21,53,42,12,5244.68,253.11,98.94
2024-07-01,Austin,TANF Basic,1,1,1,0,25.99,23.83,23.53
2024-07-01,Bailey,TANF Basic,0,0,0,0,0.0,0.0,0.0
2024-07-01,Bandera,TANF Basic,0,0,0,0,0.0,0.0,0.0
2024-07-01,Bastrop,TANF Basic,21,39,30,9,4359.01,210.37,112.77
2024-07-01,Baylor,TANF Basic,5,14,13,1,1081.63,198.36,75.34
2024-07-01,Bee,TANF Basic,13,34,26,8,3310.95,253.0,96.71
2024-07-01,Bell,TANF Basic,184,456,332,127,46468.0,252.12,101.88
2024-07-01,Bexar,TANF Basic,549,1334,1043,294,133353.79,243.1,99.96
2024-07-01,Blanco,TANF Basic,1,2,1,1,330.23,302.8,149.51
2024-07-01,Borden,TANF Basic,0,0,0,0,0.0,0.0,0.0
2024-07-01,Bosque,TANF Basic,2,2,1,1,290.17,133.04,131.37
2024-07-01,Bowie,TANF Basic,34,67,57,10,6390.19,189.02,94.86
2024-07-01,Brazoria,TANF Basic,44,75,65,10,7824.79,179.37,104.19
2024-07-01,Brazos,TANF Basic,48,115,94,21,10577.05,220.42,92.09
2024-07-01,Brewster,TANF Basic,0,0,0,0,0.0,0.0,0.0
2024-07-01,Briscoe,TANF Basic,0,0,0,0,0.0,0.0,0.0
2024-07-01,Brooks,TANF Basic,3,3,3,0,393.03,120.13,118.63
2024-07-01,Brown,TANF Basic,16,35,25,10,4077.51,249.26,115.38
2024-07-01,Burleson,TANF Basic,3,6,4,1,409.27,125.09,74.12
2024-07-01,Burnet,TANF Basic,4,10,9,1,918.14,210.47,92.37
2024-07-01,Caldwell,TANF Basic,7,11,9,2,1172.58,179.2,106.17
2024-07-01,Calhoun,TANF Basic,1,1,1,0,131.01,120.13,118.63
2024-07-01,Callahan,TANF Basic,2,2,2,0,262.02,120.13,118.63
2024-07-01,Cameron,TANF Basic,386,932,851,76,80800.93,209.3,86.69
2024-07-01,Camp,TANF Basic,2,4,4,0,376.79,172.75,85.29
2024-07-01,Carson,TANF Basic,2,3,2,1,451.49,207.0,136.27
2024-07-01,Cass,TANF Basic,7,17,13,3,1747.5,267.06,105.49
2024-07-01,Castro,TANF Basic,1,4,4,0,313.99,287.91,71.08
2024-07-01,Chambers,TANF Basic,7,13,9,5,1711.77,261.6,129.16
2024-07-01,Cherokee,TANF Basic,11,25,21,5,2572.53,235.89,101.28
2024-07-01,Childress,TANF Basic,2,3,2,1,351.88,161.33,106.21
2024-07-01,Clay,TANF Basic,1,1,1,0,131.01,120.13,118.63
2024-07-01,Cochran,TANF Basic,0,0,0,0,0.0,0.0,0.0
2024-07-01,Coke,TANF Basic,0,0,0,0,0.0,0.0,0.0
2024-07-01,Coleman,TANF Basic,1,2,1,1,330.23,302.8,149.51
2024-07-01,Collin,TANF Basic,115,277,212,66,28917.18,252.53,104.32
2024-07-01,Collingsworth,TANF Basic,0,0,0,0,0.0,0.0,0.0
2024-07-01,Colorado,TANF Basic,1,3,2,1,257.69,236.29,77.78
2024-07-01,Comal,TANF Basic,19,51,40,10,4717.39,254.45,92.86
2024-07-01,Comanche,TANF Basic,3,7,5,1,721.09,220.4,108.82
2024-07-01,Concho,TANF Basic,0,0,0,0,0.0,0.0,0.0
2024-07-01,Cooke,TANF Basic,7,17,12,5,1745.34,266.73,105.36
2024-07-01,Coryell,TANF Basic,19,42,32,10,4669.75,251.88,111.27
2024-07-01,Cottle,TANF Basic,1,1,1,0,131.01,120.13,118.63
2024-07-01,Crane,TANF Basic,0,0,0,0,0.0,0.0,0.0
2024-07-01,Crockett,TANF Basic,0,0,0,0,0.0,0.0,0.0
2024-07-01,Crosby,TANF Basic,1,4,4,0,313.99,287.91,71.08
2024-07-01,Culberson,TANF Basic,1,1,1,0,131.01,120.13,118.63
2024-07-01,Dallam,TANF Basic,0,0,0,0,0.0,0.0,0.0
2024-07-01,Dallas,TANF Basic,690,1704,1308,401,172056.56,249.24,100.97
2024-07-01,Dawson,TANF Basic,4,11,9,2,1018.84,233.56,92.25
2024-07-01,Deaf Smith,TANF Basic,9,18,15,2,1722.6,197.44,97.49
2024-07-01,Delta,TANF Basic,3,11,9,2,1044.82,319.35,94.61
2024-07-01,Denton,TANF Basic,99,272,213,59,25781.63,259.79,94.9
2024-07-01,Dewitt,TANF Basic,2,4,3,1,518.62,237.78,117.4
2024-07-01,Dickens,TANF Basic,0,0,0,0,0.0,0.0,0.0
2024-07-01,Dimmit,TANF Basic,2,3,2,1,461.24,211.47,139.21
2024-07-01,Donley,TANF Basic,1,3,3,0,263.1,241.25,79.41
2024-07-01,Duval,TANF Basic,4,13,9,5,1553.7,356.17,117.24
2024-07-01,Eastland,TANF Basic,8,17,13,3,1667.38,218.42,100.65
2024-07-01,Ector,TANF Basic,45,106,85,21,10427.64,233.21,98.35
2024-07-01,Edwards,TANF Basic,0,0,0,0,0.0,0.0,0.0
2024-07-01,El Paso,TANF Basic,308,750,596,154,74277.56,241.52,99.05
2024-07-01,Ellis,TANF Basic,32,80,66,14,6980.27,220.71,87.78
2024-07-01,Erath,TANF Basic,13,29,24,5,2899.51,221.56,100.98
2024-07-01,Falls,TANF Basic,7,20,14,6,1931.57,295.19,97.17
2024-07-01,Fannin,TANF Basic,9,18,13,5,2006.27,229.96,113.54
2024-07-01,Fayette,TANF Basic,1,4,3,1,307.49,281.96,69.61
2024-07-01,Fisher,TANF Basic,0,0,0,0,0.0,0.0,0.0
2024-07-01,Floyd,TANF Basic,1,2,2,0,188.39,172.75,85.29
2024-07-01,Foard,TANF Basic,0,0,0,0,0.0,0.0,0.0
2024-07-01,Fort Bend,TANF Basic,58,128,95,33,12688.35,219.52,99.04
2024-07-01,Franklin,TANF Basic,0,0,0,0,0.0,0.0,0.0
2024-07-01,Freestone,TANF Basic,7,22,19,3,1412.94,215.93,63.97
2024-07-01,Frio,TANF Basic,8,17,13,3,1771.32,232.03,106.93
2024-07-01,Gaines,TANF Basic,2,3,3,0,268.51,123.11,81.04
2024-07-01,Galveston,TANF Basic,68,130,111,20,13502.55,199.7,103.61
2024-07-01,Garza,TANF Basic,0,0,0,0,0.0,0.0,0.0
2024-07-01,Gillespie,TANF Basic,3,9,8,1,651.8,199.22,73.77
2024-07-01,Glasscock,TANF Basic,0,0,0,0,0.0,0.0,0.0
2024-07-01,Goliad,TANF Basic,4,9,7,2,560.85,128.57,63.48
2024-07-01,Gonzales,TANF Basic,2,9,7,2,581.42,266.57,65.81
2024-07-01,Gray,TANF Basic,3,7,4,2,843.44,257.8,127.29
2024-07-01,Grayson,TANF Basic,27,55,43,13,6214.79,227.95,112.55
2024-07-01,Gregg,TANF Basic,27,55,42,14,5692.92,208.81,103.1
2024-07-01,Grimes,TANF Basic,4,11,8,3,958.2,219.66,86.76
2024-07-01,Guadalupe,TANF Basic,24,65,47,18,6512.54,271.44,99.95
2024-07-01,Hale,TANF Basic,8,22,18,5,2137.28,279.97,96.76
2024-07-01,Hall,TANF Basic,1,2,2,0,188.39,172.75,85.29
2024-07-01,Hamilton,TANF Basic,1,1,1,0,131.01,120.13,118.63
2024-07-01,Hansford,TANF Basic,0,0,0,0,0.0,0.0,0.0
2024-07-01,Hardeman,TANF Basic,3,8,7,1,758.98,231.98,98.18
2024-07-01,Hardin,TANF Basic,11,19,14,5,2125.37,194.89,113.2
2024-07-01,Harris,TANF Basic,1034,2425,1923,506,241217.21,233.32,99.46
2024-07-01,Harrison,TANF Basic,16,38,30,8,3824.15,233.77,101.84
2024-07-01,Hartley,TANF Basic,1,3,2,1,382.2,350.46,115.36
2024-07-01,Haskell,TANF Basic,2,3,3,0,319.4,146.44,96.4
2024-07-01,Hays,TANF Basic,27,72,48,24,7777.15,285.25,108.34
2024-07-01,Hemphill,TANF Basic,1,1,1,0,131.01,120.13,118.63
2024-07-01,Henderson,TANF Basic,24,47,34,14,5565.16,231.95,117.19
2024-07-01,Hidalgo,TANF Basic,1112,3122,2925,177,252338.87,226.85,80.82
2024-07-01,Hill,TANF Basic,8,20,16,3,1169.33,153.17,58.82
2024-07-01,Hockley,TANF Basic,4,8,7,1,832.61,190.87,107.7
2024-07-01,Hood,TANF Basic,11,17,14,2,1801.64,165.2,108.76
2024-07-01,Hopkins,TANF Basic,13,38,31,7,3244.9,247.95,86.42
2024-07-01,Houston,TANF Basic,12,27,23,3,2253.13,187.82,85.01
2024-07-01,Howard,TANF Basic,4,15,13,2,1175.83,269.55,76.05
2024-07-01,Hudspeth,TANF Basic,1,2,1,1,330.23,302.8,149.51
2024-07-01,Hunt,TANF Basic,25,64,50,14,6448.66,257.09,100.67
2024-07-01,Hutchinson,TANF Basic,8,21,16,5,1998.69,261.82,95.25
2024-07-01,Irion,TANF Basic,1,2,2,0,188.39,172.75,85.29
2024-07-01,Jack,TANF Basic,2,4,2,2,541.36,248.2,122.55
2024-07-01,Jackson,TANF Basic,2,2,2,0,262.02,120.13,118.63
2024-07-01,Jasper,TANF Basic,13,29,22,7,3163.7,241.75,110.18
2024-07-01,Jeff Davis,TANF Basic,0,0,0,0,0.0,0.0,0.0
2024-07-01,Jefferson,TANF Basic,108,271,211,60,26038.24,241.17,96.23
2024-07-01,Jim Hogg,TANF Basic,1,1,1,0,131.01,120.13,118.63
2024-07-01,Jim Wells,TANF Basic,16,44,36,8,4381.75,267.86,99.19
2024-07-01,Johnson,TANF Basic,37,71,54,17,7938.47,214.09,112.31
2024-07-01,Jones,TANF Basic,5,18,12,6,1826.54,334.97,103.37
2024-07-01,Karnes,TANF Basic,4,6,5,0,581.42,133.28,105.29
2024-07-01,Kaufman,TANF Basic,44,108,90,18,10725.38,245.87,99.1
2024-07-01,Kendall,TANF Basic,4,14,10,5,1105.45,253.41,77.0
2024-07-01,Kenedy,TANF Basic,0,0,0,0,0.0,0.0,0.0
2024-07-01,Kent,TANF Basic,0,0,0,0,0.0,0.0,0.0
2024-07-01,Kerr,TANF Basic,2,4,3,1,518.62,237.78,117.4
2024-07-01,Kimble,TANF Basic,0,0,0,0,0.0,0.0,0.0
2024-07-01,King,TANF Basic,0,0,0,0,0.0,0.0,0.0
2024-07-01,Kinney,TANF Basic,0,0,0,0,0.0,0.0,0.0
2024-07-01,Kleberg,TANF Basic,15,38,27,10,4248.58,278.27,113.15
2024-07-01,Knox,TANF Basic,0,0,0,0,0.0,0.0,0.0
2024-07-01,La Salle,TANF Basic,0,0,0,0,0.0,0.0,0.0
2024-07-01,Lamar,TANF Basic,29,54,46,8,5406.0,183.59,99.9
2024-07-01,Lamb,TANF Basic,4,9,7,2,878.08,201.29,99.39
2024-07-01,Lampasas,TANF Basic,8,22,16,6,1298.18,170.05,58.77
2024-07-01,Lavaca,TANF Basic,2,3,3,0,319.4,146.44,96.4
2024-07-01,Lee,TANF Basic,3,4,4,0,450.41,137.67,101.96
2024-07-01,Leon,TANF Basic,8,28,24,3,2491.33,326.35,90.23
2024-07-01,Liberty,TANF Basic,23,42,36,6,4098.08,178.94,97.65
2024-07-01,Limestone,TANF Basic,11,22,19,3,2131.87,195.48,96.52
2024-07-01,Lipscomb,TANF Basic,1,2,1,1,330.23,302.8,149.51
2024-07-01,Live Oak,TANF Basic,1,1,1,0,131.01,120.13,118.63
2024-07-01,Llano,TANF Basic,1,2,2,0,188.39,172.75,85.29
2024-07-01,Loving,TANF Basic,0,0,0,0,0.0,0.0,0.0
2024-07-01,Lubbock,TANF Basic,86,199,156,43,19848.35,230.38,99.85
2024-07-01,Lynn,TANF Basic,0,0,0,0,0.0,0.0,0.0
2024-07-01,Madison,TANF Basic,7,9,8,1,1042.66,159.34,118.01
2024-07-01,Marion,TANF Basic,2,2,2,0,262.02,120.13,118.63
2024-07-01,Martin,TANF Basic,2,4,3,1,513.21,235.29,116.17
2024-07-01,Mason,TANF Basic,0,0,0,0,0.0,0.0,0.0
2024-07-01,Matagorda,TANF Basic,12,29,23,6,2995.88,249.73,104.33
2024-07-01,Maverick,TANF Basic,23,74,61,13,6100.02,266.35,82.44
2024-07-01,Mcculloch,TANF Basic,1,1,0,1,137.5,126.09,124.51
2024-07-01,Mclennan,TANF Basic,75,180,139,41,18451.65,245.21,102.5
2024-07-01,Mcmullen,TANF Basic,0,0,0,0,0.0,0.0,0.0
2024-07-01,Medina,TANF Basic,11,24,18,7,2583.36,236.88,106.33
2024-07-01,Menard,TANF Basic,0,0,0,0,0.0,0.0,0.0
2024-07-01,Midland,TANF Basic,32,74,61,13,7439.34,235.23,100.54
2024-07-01,Milam,TANF Basic,7,18,15,2,1345.82,205.68,76.16
2024-07-01,Mills,TANF Basic,1,1,1,0,118.02,108.22,106.86
2024-07-01,Mitchell,TANF Basic,2,6,4,1,570.59,261.6,103.33
2024-07-01,Montague,TANF Basic,2,3,3,0,319.4,146.44,96.4
2024-07-01,Montgomery,TANF Basic,61,126,103,23,12952.53,212.09,102.88
2024-07-01,Moore,TANF Basic,4,11,9,2,1054.57,241.75,95.49
2024-07-01,Morris,TANF Basic,14,29,24,5,2916.84,205.74,101.58
2024-07-01,Motley,TANF Basic,0,0,0,0,0.0,0.0,0.0
2024-07-01,Nacogdoches,TANF Basic,25,55,46,9,5570.57,222.09,100.88
2024-07-01,Navarro,TANF Basic,15,45,38,7,4152.22,271.96,91.7
2024-07-01,Newton,TANF Basic,3,4,3,1,478.56,146.27,108.33
2024-07-01,Nolan,TANF Basic,2,2,2,0,262.02,120.13,118.63
2024-07-01,Nueces,TANF Basic,144,338,265,74,34885.11,242.33,103.23
2024-07-01,Ochiltree,TANF Basic,1,1,1,0,131.01,120.13,118.63
2024-07-01,Oldham,TANF Basic,0,0,0,0,0.0,0.0,0.0
2024-07-01,Orange,TANF Basic,32,75,59,16,7822.62,247.34,104.16
2024-07-01,Palo Pinto,TANF Basic,8,13,12,1,1229.97,161.12,92.81
2024-07-01,Panola,TANF Basic,7,11,8,3,1422.69,217.42,128.82
2024-07-01,Parker,TANF Basic,16,31,23,8,3333.68,203.79,107.81
2024-07-01,Parmer,TANF Basic,0,0,0,0,0.0,0.0,0.0
2024-07-01,Pecos,TANF Basic,0,0,0,0,0.0,0.0,0.0
2024-07-01,Polk,TANF Basic,20,36,30,7,3856.63,196.46,105.82
2024-07-01,Potter,TANF Basic,41,93,74,18,9359.0,225.84,100.89
2024-07-01,Presidio,TANF Basic,5,12,12,0,952.79,174.73,78.43
2024-07-01,Rains,TANF Basic,4,8,5,2,979.86,224.62,126.75
2024-07-01,Randall,TANF Basic,19,43,33,10,3932.42,212.11,91.3
2024-07-01,Reagan,TANF Basic,0,0,0,0,0.0,0.0,0.0
2024-07-01,Real,TANF Basic,0,0,0,0,0.0,0.0,0.0
2024-07-01,Red River,TANF Basic,10,24,20,5,2060.41,209.92,84.8
2024-07-01,Reeves,TANF Basic,2,7,5,1,644.22,295.36,97.22
2024-07-01,Refugio,TANF Basic,3,6,4,1,545.69,166.79,98.82
2024-07-01,Roberts,TANF Basic,0,0,0,0,0.0,0.0,0.0
2024-07-01,Robertson,TANF Basic,7,21,16,5,1946.72,297.51,92.77
2024-07-01,Rockwall,TANF Basic,12,45,37,8,3985.48,332.23,88.02
2024-07-01,Runnels,TANF Basic,2,4,3,1,424.42,194.59,96.08
2024-07-01,Rusk,TANF Basic,7,13,10,3,1305.76,199.55,98.53
2024-07-01,Sabine,TANF Basic,1,2,2,0,188.39,172.75,85.29
2024-07-01,San Jacinto,TANF Basic,9,14,12,2,1436.76,164.68,100.07
2024-07-01,San Juneine,TANF Basic,1,3,2,1,382.2,350.46,115.36
2024-07-01,San Patricio,TANF Basic,17,41,27,14,4820.25,276.25,117.96
2024-07-01,San Saba,TANF Basic,0,0,0,0,0.0,0.0,0.0
2024-07-01,Schleicher,TANF Basic,0,0,0,0,0.0,0.0,0.0
2024-07-01,Scurry,TANF Basic,7,12,9,3,1493.07,228.18,122.9
2024-07-01,Shackelford,TANF Basic,0,0,0,0,0.0,0.0,0.0
2024-07-01,Shelby,TANF Basic,5,11,11,0,976.61,179.1,88.43
2024-07-01,Sherman,TANF Basic,0,0,0,0,0.0,0.0,0.0
2024-07-01,Smith,TANF Basic,41,112,84,28,11241.84,271.27,100.78
2024-07-01,Somervell,TANF Basic,0,0,0,0,0.0,0.0,0.0
2024-07-01,Starr,TANF Basic,60,161,146,15,13177.74,219.7,81.73
2024-07-01,Stephens,TANF Basic,2,8,5,2,841.27,385.7,0.0
2024-07-01,Sterling,TANF Basic,0,0,0,0,0.0,0.0,0.0
2024-07-01,Stonewall,TANF Basic,0,0,0,0,0.0,0.0,0.0
2024-07-01,Sutton,TANF Basic,0,0,0,0,0.0,0.0,0.0
2024-07-01,Swisher,TANF Basic,0,0,0,0,0.0,0.0,0.0
2024-07-01,Tarrant,TANF Basic,442,1118,865,256,111522.99,252.5,99.78
2024-07-01,Taylor,TANF Basic,52,118,94,24,11934.78,227.99,101.0
2024-07-01,Terrell,TANF Basic,0,0,0,0,0.0,0.0,0.0
2024-07-01,Terry,TANF Basic,3,9,7,2,971.2,296.85,109.92
2024-07-01,Throckmorton,TANF Basic,0,0,0,0,0.0,0.0,0.0
2024-07-01,Titus,TANF Basic,7,11,8,3,1297.09,198.23,117.45
2024-07-01,Tom Green,TANF Basic,34,83,65,18,8458.18,250.19,102.12
2024-07-01,Travis,TANF Basic,225,480,353,129,52431.6,233.39,109.14
2024-07-01,Trinity,TANF Basic,4,8,5,2,936.55,214.69,121.15
2024-07-01,Tyler,TANF Basic,7,9,8,1,801.21,122.45,90.68
2024-07-01,Upshur,TANF Basic,11,19,15,3,1952.14,179.0,103.98
2024-07-01,Upton,TANF Basic,1,1,1,0,131.01,120.13,118.63
2024-07-01,Uvalde,TANF Basic,10,17,11,6,1885.01,192.05,113.79
2024-07-01,Val Verde,TANF Basic,27,75,60,15,6974.86,255.82,92.88
2024-07-01,Van Zandt,TANF Basic,12,28,23,5,2723.03,226.99,98.63
2024-07-01,Victoria,TANF Basic,21,52,43,9,4665.42,225.16,89.88
2024-07-01,Walker,TANF Basic,15,31,26,5,3176.69,208.06,102.73
2024-07-01,Waller,TANF Basic,3,7,5,1,701.6,214.44,105.88
2024-07-01,Ward,TANF Basic,2,4,4,0,381.12,174.73,86.27
2024-07-01,Washington,TANF Basic,5,19,14,5,1861.19,341.32,99.13
2024-07-01,Webb,TANF Basic,116,315,293,20,25779.47,223.01,81.9
2024-07-01,Wharton,TANF Basic,9,21,15,6,2414.46,276.74,115.07
2024-07-01,Wheeler,TANF Basic,0,0,0,0,0.0,0.0,0.0
2024-07-01,Wichita,TANF Basic,47,103,81,22,9894.94,211.0,96.34
2024-07-01,Wilbarger,TANF Basic,1,2,1,1,330.23,302.8,149.51
2024-07-01,Willacy,TANF Basic,11,35,30,6,3342.34,306.48,94.58
2024-07-01,Williamson,TANF Basic,64,168,125,44,16539.57,257.05,98.53
2024-07-01,Wilson,TANF Basic,10,21,14,7,2412.29,245.77,114.96
2024-07-01,Winkler,TANF Basic,1,2,1,1,286.92,263.09,129.9
2024-07-01,Wise,TANF Basic,10,24,19,6,2195.75,223.71,90.37
2024-07-01,Wood,TANF Basic,8,22,19,3,1847.11,241.96,83.63
2024-07-01,Yoakum,TANF Basic,0,0,0,0,0.0,0.0,0.0
2024-07-01,Young,TANF Basic,2,4,4,0,376.79,172.75,85.29
2024-07-01,Zapata,TANF Basic,4,9,7,2,979.86,224.62,110.9
2024-07-01,Zavala,TANF Basic,10,25,21,5,2301.85,234.52,90.62
2024-07-01,Anderson,TANF State Program,0,0,0,0,0.0,0.0,0.0
2024-07-01,Andrews,TANF State Program,1,6,3,2,559.24,490.67,97.63
2024-07-01,Angelina,TANF State Program,0,0,0,0,0.0,0.0,0.0
2024-07-01,Aransas,TANF State Program,1,6,3,2,559.24,490.67,97.63
2024-07-01,Archer,TANF State Program,1,3,1,2,429.16,376.54,124.87
2024-07-01,Armstrong,TANF State Program,0,0,0,0,0.0,0.0,0.0
2024-07-01,Atascosa,TANF State Program,2,8,5,3,714.9,313.62,89.15
2024-07-01,Austin,TANF State Program,0,0,0,0,0.0,0.0,0.0
2024-07-01,Bailey,TANF State Program,0,0,0,0,0.0,0.0,0.0
2024-07-01,Bandera,TANF State Program,1,6,3,2,559.24,490.67,97.63
2024-07-01,Bastrop,TANF State Program,0,0,0,0,0.0,0.0,0.0
2024-07-01,Baylor,TANF State Program,0,0,0,0,0.0,0.0,0.0
2024-07-01,Bee,TANF State Program,1,7,5,2,613.72,538.47,89.29
2024-07-01,Bell,TANF State Program,11,42,23,20,4241.57,372.15,100.07
2024-07-01,Bexar,TANF State Program,24,65,29,36,7678.19,320.79,117.58
2024-07-01,Blanco,TANF State Program,0,0,0,0,0.0,0.0,0.0
2024-07-01,Borden,TANF State Program,0,0,0,0,0.0,0.0,0.0
2024-07-01,Bosque,TANF State Program,0,0,0,0,0.0,0.0,0.0
2024-07-01,Bowie,TANF State Program,2,8,3,5,911.69,399.95,113.69
2024-07-01,Brazoria,TANF State Program,1,7,5,2,613.72,538.47,89.29
2024-07-01,Brazos,TANF State Program,0,0,0,0,0.0,0.0,0.0
2024-07-01,Brewster,TANF State Program,0,0,0,0,0.0,0.0,0.0
2024-07-01,Briscoe,TANF State Program,0,0,0,0,0.0,0.0,0.0
2024-07-01,Brooks,TANF State Program,0,0,0,0,0.0,0.0,0.0
2024-07-01,Brown,TANF State Program,1,3,1,2,429.16,376.54,124.87
2024-07-01,Burleson,TANF State Program,0,0,0,0,0.0,0.0,0.0
2024-07-01,Burnet,TANF State Program,0,0,0,0,0.0,0.0,0.0
2024-07-01,Caldwell,TANF State Program,1,3,2,1,262.39,230.21,76.35
2024-07-01,Calhoun,TANF State Program,0,0,0,0,0.0,0.0,0.0
2024-07-01,Callahan,TANF State Program,0,0,0,0,0.0,0.0,0.0
2024-07-01,Cameron,TANF State Program,6,17,8,9,1865.63,327.37,108.57
2024-07-01,Camp,TANF State Program,0,0,0,0,0.0,0.0,0.0
2024-07-01,Carson,TANF State Program,0,0,0,0,0.0,0.0,0.0
2024-07-01,Cass,TANF State Program,0,0,0,0,0.0,0.0,0.0
2024-07-01,Castro,TANF State Program,0,0,0,0,0.0,0.0,0.0
2024-07-01,Chambers,TANF State Program,0,0,0,0,0.0,0.0,0.0
2024-07-01,Cherokee,TANF State Program,2,7,3,3,821.63,360.44,119.53
2024-07-01,Childress,TANF State Program,0,0,0,0,0.0,0.0,0.0
2024-07-01,Clay,TANF State Program,0,0,0,0,0.0,0.0,0.0
2024-07-01,Cochran,TANF State Program,0,0,0,0,0.0,0.0,0.0
2024-07-01,Coke,TANF State Program,0,0,0,0,0.0,0.0,0.0
2024-07-01,Coleman,TANF State Program,0,0,0,0,0.0,0.0,0.0
2024-07-01,Collin,TANF State Program,7,24,18,6,2126.9,311.02,88.41
2024-07-01,Collingsworth,TANF State Program,0,0,0,0,0.0,0.0,0.0
2024-07-01,Colorado,TANF State Program,0,0,0,0,0.0,0.0,0.0
2024-07-01,Comal,TANF State Program,0,0,0,0,0.0,0.0,0.0
2024-07-01,Comanche,TANF State Program,0,0,0,0,0.0,0.0,0.0
2024-07-01,Concho,TANF State Program,0,0,0,0,0.0,0.0,0.0
2024-07-01,Cooke,TANF State Program,0,0,0,0,0.0,0.0,0.0
2024-07-01,Coryell,TANF State Program,1,3,1,2,415.82,364.83,120.99
2024-07-01,Cottle,TANF State Program,0,0,0,0,0.0,0.0,0.0
2024-07-01,Crane,TANF State Program,0,0,0,0,0.0,0.0,0.0
2024-07-01,Crockett,TANF State Program,0,0,0,0,0.0,0.0,0.0
2024-07-01,Crosby,TANF State Program,0,0,0,0,0.0,0.0,0.0
2024-07-01,Culberson,TANF State Program,0,0,0,0,0.0,0.0,0.0
2024-07-01,Dallam,TANF State Program,0,0,0,0,0.0,0.0,0.0
2024-07-01,Dallas,TANF State Program,19,71,34,37,7002.21,361.39,98.58
2024-07-01,Dawson,TANF State Program,0,0,0,0,0.0,0.0,0.0
2024-07-01,Deaf Smith,TANF State Program,0,0,0,0,0.0,0.0,0.0
2024-07-01,Delta,TANF State Program,0,0,0,0,0.0,0.0,0.0
2024-07-01,Denton,TANF State Program,7,22,11,10,2456.0,359.14,112.83
2024-07-01,Dewitt,TANF State Program,0,0,0,0,0.0,0.0,0.0
2024-07-01,Dickens,TANF State Program,0,0,0,0,0.0,0.0,0.0
2024-07-01,Dimmit,TANF State Program,1,3,2,1,392.47,344.35,114.19
2024-07-01,Donley,TANF State Program,1,3,1,2,429.16,376.54,124.87
2024-07-01,Duval,TANF State Program,1,3,2,1,392.47,344.35,114.19
2024-07-01,Eastland,TANF State Program,1,3,1,2,183.45,160.95,53.38
2024-07-01,Ector,TANF State Program,0,0,0,0,0.0,0.0,0.0
2024-07-01,Edwards,TANF State Program,0,0,0,0,0.0,0.0,0.0
2024-07-01,El Paso,TANF State Program,13,53,29,23,5241.1,418.04,99.45
2024-07-01,Ellis,TANF State Program,0,0,0,0,0.0,0.0,0.0
2024-07-01,Erath,TANF State Program,0,0,0,0,0.0,0.0,0.0
2024-07-01,Falls,TANF State Program,0,0,0,0,0.0,0.0,0.0
2024-07-01,Fannin,TANF State Program,0,0,0,0,0.0,0.0,0.0
2024-07-01,Fayette,TANF State Program,1,5,2,2,482.53,423.36,105.3
2024-07-01,Fisher,TANF State Program,0,0,0,0,0.0,0.0,0.0
2024-07-01,Floyd,TANF State Program,0,0,0,0,0.0,0.0,0.0
2024-07-01,Foard,TANF State Program,0,0,0,0,0.0,0.0,0.0
2024-07-01,Fort Bend,TANF State Program,6,18,11,7,1072.9,188.27,58.53
2024-07-01,Franklin,TANF State Program,0,0,0,0,0.0,0.0,0.0
2024-07-01,Freestone,TANF State Program,0,0,0,0,0.0,0.0,0.0
2024-07-01,Frio,TANF State Program,1,1,0,1,163.44,143.4,142.66
2024-07-01,Gaines,TANF State Program,0,0,0,0,0.0,0.0,0.0
2024-07-01,Galveston,TANF State Program,0,0,0,0,0.0,0.0,0.0
2024-07-01,Garza,TANF State Program,0,0,0,0,0.0,0.0,0.0
2024-07-01,Gillespie,TANF State Program,0,0,0,0,0.0,0.0,0.0
2024-07-01,Glasscock,TANF State Program,0,0,0,0,0.0,0.0,0.0
2024-07-01,Goliad,TANF State Program,0,0,0,0,0.0,0.0,0.0
2024-07-01,Gonzales,TANF State Program,0,0,0,0,0.0,0.0,0.0
2024-07-01,Gray,TANF State Program,0,0,0,0,0.0,0.0,0.0
2024-07-01,Grayson,TANF State Program,1,3,2,1,392.47,344.35,114.19
2024-07-01,Gregg,TANF State Program,2,5,2,2,563.69,247.29,123.01
2024-07-01,Grimes,TANF State Program,0,0,0,0,0.0,0.0,0.0
2024-07-01,Guadalupe,TANF State Program,3,7,6,1,720.46,210.7,104.81
2024-07-01,Hale,TANF State Program,1,3,2,1,392.47,344.35,114.19
2024-07-01,Hall,TANF State Program,0,0,0,0,0.0,0.0,0.0
2024-07-01,Hamilton,TANF State Program,0,0,0,0,0.0,0.0,0.0
2024-07-01,Hansford,TANF State Program,0,0,0,0,0.0,0.0,0.0
2024-07-01,Hardeman,TANF State Program,0,0,0,0,0.0,0.0,0.0
2024-07-01,Hardin,TANF State Program,1,2,2,0,193.46,169.73,84.43
2024-07-01,Harris,TANF State Program,22,84,45,38,8376.41,386.8,100.16
2024-07-01,Harrison,TANF State Program,1,5,2,2,448.06,393.12,97.78
2024-07-01,Hartley,TANF State Program,0,0,0,0,0.0,0.0,0.0
2024-07-01,Haskell,TANF State Program,0,0,0,0,0.0,0.0,0.0
2024-07-01,Hays,TANF State Program,2,11,7,5,1032.88,453.11,90.16
2024-07-01,Hemphill,TANF State Program,0,0,0,0,0.0,0.0,0.0
2024-07-01,Henderson,TANF State Program,0,0,0,0,0.0,0.0,0.0
2024-07-01,Hidalgo,TANF State Program,14,56,35,21,5047.64,369.06,89.92
2024-07-01,Hill,TANF State Program,0,0,0,0,0.0,0.0,0.0
2024-07-01,Hockley,TANF State Program,0,0,0,0,0.0,0.0,0.0
2024-07-01,Hood,TANF State Program,0,0,0,0,0.0,0.0,0.0
2024-07-01,Hopkins,TANF State Program,0,0,0,0,0.0,0.0,0.0
2024-07-01,Houston,TANF State Program,0,0,0,0,0.0,0.0,0.0
2024-07-01,Howard,TANF State Program,1,5,2,2,317.98,278.99,69.39
2024-07-01,Hudspeth,TANF State Program,0,0,0,0,0.0,0.0,0.0
2024-07-01,Hunt,TANF State Program,1,6,3,2,559.24,490.67,97.63
2024-07-01,Hutchinson,TANF State Program,0,0,0,0,0.0,0.0,0.0
2024-07-01,Irion,TANF State Program,0,0,0,0,0.0,0.0,0.0
2024-07-01,Jack,TANF State Program,0,0,0,0,0.0,0.0,0.0
2024-07-01,Jackson,TANF State Program,0,0,0,0,0.0,0.0,0.0
2024-07-01,Jasper,TANF State Program,0,0,0,0,0.0,0.0,0.0
2024-07-01,Jeff Davis,TANF State Program,0,0,0,0,0.0,0.0,0.0
2024-07-01,Jefferson,TANF State Program,2,7,6,1,605.94,265.82,88.15
2024-07-01,Jim Hogg,TANF State Program,0,0,0,0,0.0,0.0,0.0
2024-07-01,Jim Wells,TANF State Program,0,0,0,0,0.0,0.0,0.0
2024-07-01,Johnson,TANF State Program,0,0,0,0,0.0,0.0,0.0
2024-07-01,Jones,TANF State Program,0,0,0,0,0.0,0.0,0.0
2024-07-01,Karnes,TANF State Program,0,0,0,0,0.0,0.0,0.0
2024-07-01,Kaufman,TANF State Program,1,5,2,2,482.53,423.36,105.3
2024-07-01,Kendall,TANF State Program,0,0,0,0,0.0,0.0,0.0
2024-07-01,Kenedy,TANF State Program,0,0,0,0,0.0,0.0,0.0
2024-07-01,Kent,TANF State Program,0,0,0,0,0.0,0.0,0.0
2024-07-01,Kerr,TANF State Program,1,3,1,2,429.16,376.54,124.87
2024-07-01,Kimble,TANF State Program,0,0,0,0,0.0,0.0,0.0
2024-07-01,King,TANF State Program,0,0,0,0,0.0,0.0,0.0
2024-07-01,Kinney,TANF State Program,0,0,0,0,0.0,0.0,0.0
2024-07-01,Kleberg,TANF State Program,1,3,2,1,392.47,344.35,114.19
2024-07-01,Knox,TANF State Program,0,0,0,0,0.0,0.0,0.0
2024-07-01,La Salle,TANF State Program,0,0,0,0,0.0,0.0,0.0
2024-07-01,Lamar,TANF State Program,1,5,2,2,482.53,423.36,105.3
2024-07-01,Lamb,TANF State Program,0,0,0,0,0.0,0.0,0.0
2024-07-01,Lampasas,TANF State Program,0,0,0,0,0.0,0.0,0.0
2024-07-01,Lavaca,TANF State Program,0,0,0,0,0.0,0.0,0.0
2024-07-01,Lee,TANF State Program,1,5,2,2,482.53,423.36,105.3
2024-07-01,Leon,TANF State Program,0,0,0,0,0.0,0.0,0.0
2024-07-01,Liberty,TANF State Program,1,5,3,1,235.7,206.8,51.44
2024-07-01,Limestone,TANF State Program,0,0,0,0,0.0,0.0,0.0
2024-07-01,Lipscomb,TANF State Program,0,0,0,0,0.0,0.0,0.0
2024-07-01,Live Oak,TANF State Program,0,0,0,0,0.0,0.0,0.0
2024-07-01,Llano,TANF State Program,0,0,0,0,0.0,0.0,0.0
2024-07-01,Loving,TANF State Program,0,0,0,0,0.0,0.0,0.0
2024-07-01,Lubbock,TANF State Program,2,19,15,5,1573.22,690.15,80.78
2024-07-01,Lynn,TANF State Program,0,0,0,0,0.0,0.0,0.0
2024-07-01,Madison,TANF State Program,0,0,0,0,0.0,0.0,0.0
2024-07-01,Marion,TANF State Program,1,5,2,2,482.53,423.36,105.3
2024-07-01,Martin,TANF State Program,0,0,0,0,0.0,0.0,0.0
2024-07-01,Mason,TANF State Program,0,0,0,0,0.0,0.0,0.0
2024-07-01,Matagorda,TANF State Program,0,0,0,0,0.0,0.0,0.0
2024-07-01,Maverick,TANF State Program,1,5,2,2,482.53,423.36,105.3
2024-07-01,Mcculloch,TANF State Program,0,0,0,0,0.0,0.0,0.0
2024-07-01,Mclennan,TANF State Program,0,0,0,0,0.0,0.0,0.0
2024-07-01,Mcmullen,TANF State Program,0,0,0,0,0.0,0.0,0.0
2024-07-01,Medina,TANF State Program,0,0,0,0,0.0,0.0,0.0
2024-07-01,Menard,TANF State Program,0,0,0,0,0.0,0.0,0.0
2024-07-01,Midland,TANF State Program,1,5,2,2,433.61,380.44,94.62
2024-07-01,Milam,TANF State Program,0,0,0,0,0.0,0.0,0.0
2024-07-01,Mills,TANF State Program,0,0,0,0,0.0,0.0,0.0
2024-07-01,Mitchell,TANF State Program,0,0,0,0,0.0,0.0,0.0
2024-07-01,Montague,TANF State Program,0,0,0,0,0.0,0.0,0.0
2024-07-01,Montgomery,TANF State Program,3,14,9,5,1069.57,312.8,77.8
2024-07-01,Moore,TANF State Program,0,0,0,0,0.0,0.0,0.0
2024-07-01,Morris,TANF State Program,0,0,0,0,0.0,0.0,0.0
2024-07-01,Motley,TANF State Program,0,0,0,0,0.0,0.0,0.0
2024-07-01,Nacogdoches,TANF State Program,0,0,0,0,0.0,0.0,0.0
2024-07-01,Navarro,TANF State Program,1,5,2,2,482.53,423.36,105.3
2024-07-01,Newton,TANF State Program,0,0,0,0,0.0,0.0,0.0
2024-07-01,Nolan,TANF State Program,0,0,0,0,0.0,0.0,0.0
2024-07-01,Nueces,TANF State Program,10,32,18,14,3200.91,312.05,99.79
2024-07-01,Ochiltree,TANF State Program,0,0,0,0,0.0,0.0,0.0
2024-07-01,Oldham,TANF State Program,0,0,0,0,0.0,0.0,0.0
2024-07-01,Orange,TANF State Program,0,0,0,0,0.0,0.0,0.0
2024-07-01,Palo Pinto,TANF State Program,0,0,0,0,0.0,0.0,0.0
2024-07-01,Panola,TANF State Program,0,0,0,0,0.0,0.0,0.0
2024-07-01,Parker,TANF State Program,3,14,7,7,1470.93,430.19,107.0
2024-07-01,Parmer,TANF State Program,0,0,0,0,0.0,0.0,0.0
2024-07-01,Pecos,TANF State Program,0,0,0,0,0.0,0.0,0.0
2024-07-01,Polk,TANF State Program,0,0,0,0,0.0,0.0,0.0
2024-07-01,Potter,TANF State Program,1,5,3,1,471.41,413.6,102.87
2024-07-01,Presidio,TANF State Program,0,0,0,0,0.0,0.0,0.0
2024-07-01,Rains,TANF State Program,0,0,0,0,0.0,0.0,0.0
2024-07-01,Randall,TANF State Program,0,0,0,0,0.0,0.0,0.0
2024-07-01,Reagan,TANF State Program,0,0,0,0,0.0,0.0,0.0
2024-07-01,Real,TANF State Program,0,0,0,0,0.0,0.0,0.0
2024-07-01,Red River,TANF State Program,1,5,2,2,448.06,393.12,97.78
2024-07-01,Reeves,TANF State Program,0,0,0,0,0.0,0.0,0.0
2024-07-01,Refugio,TANF State Program,0,0,0,0,0.0,0.0,0.0
2024-07-01,Roberts,TANF State Program,0,0,0,0,0.0,0.0,0.0
2024-07-01,Robertson,TANF State Program,0,0,0,0,0.0,0.0,0.0
2024-07-01,Rockwall,TANF State Program,0,0,0,0,0.0,0.0,0.0
2024-07-01,Runnels,TANF State Program,0,0,0,0,0.0,0.0,0.0
2024-07-01,Rusk,TANF State Program,1,3,1,2,429.16,376.54,124.87
2024-07-01,Sabine,TANF State Program,0,0,0,0,0.0,0.0,0.0
2024-07-01,San Jacinto,TANF State Program,0,0,0,0,0.0,0.0,0.0
2024-07-01,San Juneine,TANF State Program,0,0,0,0,0.0,0.0,0.0
2024-07-01,San Patricio,TANF State Program,1,3,2,1,392.47,344.35,114.19
2024-07-01,San Saba,TANF State Program,0,0,0,0,0.0,0.0,0.0
2024-07-01,Schleicher,TANF State Program,0,0,0,0,0.0,0.0,0.0
2024-07-01,Scurry,TANF State Program,0,0,0,0,0.0,0.0,0.0
2024-07-01,Shackelford,TANF State Program,0,0,0,0,0.0,0.0,0.0
2024-07-01,Shelby,TANF State Program,0,0,0,0,0.0,0.0,0.0
2024-07-01,Sherman,TANF State Program,0,0,0,0,0.0,0.0,0.0
2024-07-01,Smith,TANF State Program,1,3,1,2,429.16,376.54,124.87
2024-07-01,Somervell,TANF State Program,1,2,1,1,339.1,297.52,148.0
2024-07-01,Starr,TANF State Program,0,0,0,0,0.0,0.0,0.0
2024-07-01,Stephens,TANF State Program,0,0,0,0,0.0,0.0,0.0
2024-07-01,Sterling,TANF State Program,0,0,0,0,0.0,0.0,0.0
2024-07-01,Stonewall,TANF State Program,0,0,0,0,0.0,0.0,0.0
2024-07-01,Sutton,TANF State Program,0,0,0,0,0.0,0.0,0.0
2024-07-01,Swisher,TANF State Program,0,0,0,0,0.0,0.0,0.0
2024-07-01,Tarrant,TANF State Program,19,73,36,37,6903.26,356.28,94.15
2024-07-01,Taylor,TANF State Program,2,11,7,5,1045.11,458.48,91.23
2024-07-01,Terrell,TANF State Program,0,0,0,0,0.0,0.0,0.0
2024-07-01,Terry,TANF State Program,0,0,0,0,0.0,0.0,0.0
2024-07-01,Throckmorton,TANF State Program,0,0,0,0,0.0,0.0,0.0
2024-07-01,Titus,TANF State Program,0,0,0,0,0.0,0.0,0.0
2024-07-01,Tom Green,TANF State Program,2,7,2,5,858.32,376.54,124.87
2024-07-01,Travis,TANF State Program,17,61,26,35,6812.09,398.45,112.19
2024-07-01,Trinity,TANF State Program,0,0,0,0,0.0,0.0,0.0
2024-07-01,Tyler,TANF State Program,0,0,0,0,0.0,0.0,0.0
2024-07-01,Upshur,TANF State Program,0,0,0,0,0.0,0.0,0.0
2024-07-01,Upton,TANF State Program,0,0,0,0,0.0,0.0,0.0
2024-07-01,Uvalde,TANF State Program,0,0,0,0,0.0,0.0,0.0
2024-07-01,Val Verde,TANF State Program,0,0,0,0,0.0,0.0,0.0
2024-07-01,Van Zandt,TANF State Program,0,0,0,0,0.0,0.0,0.0
2024-07-01,Victoria,TANF State Program,0,0,0,0,0.0,0.0,0.0
2024-07-01,Walker,TANF State Program,0,0,0,0,0.0,0.0,0.0
2024-07-01,Waller,TANF State Program,0,0,0,0,0.0,0.0,0.0
2024-07-01,Ward,TANF State Program,0,0,0,0,0.0,0.0,0.0
2024-07-01,Washington,TANF State Program,0,0,0,0,0.0,0.0,0.0
2024-07-01,Webb,TANF State Program,0,0,0,0,0.0,0.0,0.0
2024-07-01,Wharton,TANF State Program,0,0,0,0,0.0,0.0,0.0
2024-07-01,Wheeler,TANF State Program,0,0,0,0,0.0,0.0,0.0
2024-07-01,Wichita,TANF State Program,0,0,0,0,0.0,0.0,0.0
2024-07-01,Wilbarger,TANF State Program,0,0,0,0,0.0,0.0,0.0
2024-07-01,Willacy,TANF State Program,1,6,3,2,559.24,490.67,97.63
2024-07-01,Williamson,TANF State Program,3,10,6,5,1105.14,323.21,107.19
2024-07-01,Wilson,TANF State Program,0,0,0,0,0.0,0.0,0.0
2024-07-01,Winkler,TANF State Program,0,0,0,0,0.0,0.0,0.0
2024-07-01,Wise,TANF State Program,1,7,5,2,613.72,538.47,89.29
2024-07-01,Wood,TANF State Program,1,5,3,1,471.41,413.6,102.87
2024-07-01,Yoakum,TANF State Program,0,0,0,0,0.0,0.0,0.0
2024-07-01,Young,TANF State Program,0,0,0,0,0.0,0.0,0.0
2024-07-01,Zapata,TANF State Program,0,0,0,0,0.0,0.0,0.0
2024-07-01,Zavala,TANF State Program,0,0,0,0,0.0,0.0,0.0
2024-08-01,Anderson,TANF Basic,13,23,19,5,2583.63,197.11,111.53
2024-08-01,Andrews,TANF Basic,0,0,0,0,0.0,0.0,0.0
2024-08-01,Angelina,TANF Basic,24,54,44,10,5170.36,215.16,95.66
2024-08-01,Aransas,TANF Basic,13,29,22,7,2986.44,227.84,104.13
2024-08-01,Archer,TANF Basic,1,1,1,0,125.3,114.71,113.59
2024-08-01,Armstrong,TANF Basic,0,0,0,0,0.0,0.0,0.0
2024-08-01,Atascosa,TANF Basic,24,66,55,11,5728.5,238.38,86.55
2024-08-01,Austin,TANF Basic,2,3,2,1,441.13,201.93,133.3
2024-08-01,Bailey,TANF Basic,0,0,0,0,0.0,0.0,0.0
2024-08-01,Bandera,TANF Basic,0,0,0,0,0.0,0.0,0.0
2024-08-01,Bastrop,TANF Basic,23,44,33,11,5095.8,222.15,115.49
2024-08-01,Baylor,TANF Basic,7,17,14,2,1471.48,224.52,88.93
2024-08-01,Bee,TANF Basic,16,43,34,9,4115.16,251.16,95.66
2024-08-01,Bell,TANF Basic,203,500,362,140,52111.57,256.49,104.29
2024-08-01,Bexar,TANF Basic,570,1427,1108,322,140418.76,246.27,98.37
2024-08-01,Blanco,TANF Basic,1,2,1,1,315.83,289.14,143.16
2024-08-01,Borden,TANF Basic,0,0,0,0,0.0,0.0,0.0
2024-08-01,Bosque,TANF Basic,2,2,1,1,277.52,127.03,125.79
2024-08-01,Bowie,TANF Basic,33,63,54,9,6547.6,199.81,104.14
2024-08-01,Brazoria,TANF Basic,46,82,67,15,8639.35,188.32,105.84
2024-08-01,Brazos,TANF Basic,51,125,101,24,11960.27,232.97,95.95
2024-08-01,Brewster,TANF Basic,0,0,0,0,0.0,0.0,0.0
2024-08-01,Briscoe,TANF Basic,0,0,0,0,0.0,0.0,0.0
2024-08-01,Brooks,TANF Basic,7,11,8,3,1101.79,168.11,99.88
2024-08-01,Brown,TANF Basic,15,31,21,10,3359.23,219.67,108.76
2024-08-01,Burleson,TANF Basic,3,6,4,1,512.58,156.42,92.94
2024-08-01,Burnet,TANF Basic,3,4,4,0,430.78,131.46,97.63
2024-08-01,Caldwell,TANF Basic,5,8,7,1,902.97,165.33,116.94
2024-08-01,Calhoun,TANF Basic,3,8,8,0,792.17,241.74,102.59
2024-08-01,Callahan,TANF Basic,2,3,2,1,441.13,201.93,133.3
2024-08-01,Cameron,TANF Basic,402,991,894,93,86050.78,214.07,86.87
2024-08-01,Camp,TANF Basic,3,6,4,1,575.75,175.7,104.39
2024-08-01,Carson,TANF Basic,3,6,4,1,621.31,189.6,112.65
2024-08-01,Cass,TANF Basic,8,17,13,3,1578.13,206.4,95.38
2024-08-01,Castro,TANF Basic,1,4,4,0,300.3,274.92,68.06
2024-08-01,Chambers,TANF Basic,5,8,5,2,925.76,169.51,119.89
2024-08-01,Cherokee,TANF Basic,17,44,37,7,4436.17,253.83,100.54
2024-08-01,Childress,TANF Basic,2,3,2,1,441.13,201.93,133.3
2024-08-01,Clay,TANF Basic,0,0,0,0,0.0,0.0,0.0
2024-08-01,Cochran,TANF Basic,0,0,0,0,0.0,0.0,0.0
2024-08-01,Coke,TANF Basic,0,0,0,0,0.0,0.0,0.0
2024-08-01,Coleman,TANF Basic,2,6,4,1,660.66,302.42,119.79
2024-08-01,Collin,TANF Basic,131,318,238,80,32405.6,247.23,102.01
2024-08-01,Collingsworth,TANF Basic,0,0,0,0,0.0,0.0,0.0
2024-08-01,Colorado,TANF Basic,1,3,2,1,246.45,225.63,74.47
2024-08-01,Comal,TANF Basic,13,33,26,7,3189.41,243.32,96.38
2024-08-01,Comanche,TANF Basic,3,7,5,1,689.66,210.46,104.2
2024-08-01,Concho,TANF Basic,0,0,0,0,0.0,0.0,0.0
2024-08-01,Cooke,TANF Basic,11,31,23,8,2690.28,246.29,87.1
2024-08-01,Coryell,TANF Basic,17,36,27,9,3937.05,225.27,108.16
2024-08-01,Cottle,TANF Basic,0,0,0,0,0.0,0.0,0.0
2024-08-01,Crane,TANF Basic,0,0,0,0,0.0,0.0,0.0
2024-08-01,Crockett,TANF Basic,0,0,0,0,0.0,0.0,0.0
2024-08-01,Crosby,TANF Basic,1,4,4,0,300.3,274.92,68.06
2024-08-01,Culberson,TANF Basic,1,1,1,0,125.3,114.71,113.59
2024-08-01,Dallam,TANF Basic,1,3,2,1,365.54,334.65,110.46
2024-08-01,Dallas,TANF Basic,797,2046,1566,485,202875.19,254.43,99.15
2024-08-01,Dawson,TANF Basic,7,20,15,5,1764.53,269.24,88.87
2024-08-01,Deaf Smith,TANF Basic,9,20,16,3,1809.06,207.02,91.11
2024-08-01,Delta,TANF Basic,2,8,7,1,667.91,305.74,86.5
2024-08-01,Denton,TANF Basic,99,257,202,55,25392.02,255.45,98.8
2024-08-01,Dewitt,TANF Basic,3,9,8,1,650.31,198.45,73.69
2024-08-01,Dickens,TANF Basic,0,0,0,0,0.0,0.0,0.0
2024-08-01,Dimmit,TANF Basic,2,3,2,1,441.13,201.93,133.3
2024-08-01,Donley,TANF Basic,1,3,3,0,251.63,230.37,76.04
2024-08-01,Duval,TANF Basic,5,15,10,6,1569.85,287.44,101.65
2024-08-01,Eastland,TANF Basic,5,12,11,1,1108.01,202.88,91.32
2024-08-01,Ector,TANF Basic,50,121,95,26,11859.83,236.04,97.74
2024-08-01,Edwards,TANF Basic,0,0,0,0,0.0,0.0,0.0
2024-08-01,El Paso,TANF Basic,340,838,662,177,82665.66,243.34,98.61
2024-08-01,Ellis,TANF Basic,33,76,63,13,7378.09,225.15,96.94
2024-08-01,Erath,TANF Basic,11,21,18,3,2176.67,199.27,103.86
2024-08-01,Falls,TANF Basic,4,13,9,5,1198.1,274.21,90.51
2024-08-01,Fannin,TANF Basic,13,25,19,7,2734.81,208.64,107.79
2024-08-01,Fayette,TANF Basic,2,7,4,2,540.54,247.43,81.67
2024-08-01,Fisher,TANF Basic,0,0,0,0,0.0,0.0,0.0
2024-08-01,Floyd,TANF Basic,0,0,0,0,0.0,0.0,0.0
2024-08-01,Foard,TANF Basic,0,0,0,0,0.0,0.0,0.0
2024-08-01,Fort Bend,TANF Basic,70,156,117,39,15822.77,226.34,101.73
2024-08-01,Franklin,TANF Basic,0,0,0,0,0.0,0.0,0.0
2024-08-01,Freestone,TANF Basic,9,26,21,6,2235.69,255.85,84.45
2024-08-01,Frio,TANF Basic,9,18,14,3,1841.16,210.7,104.32
2024-08-01,Gaines,TANF Basic,2,3,3,0,305.48,139.83,92.31
2024-08-01,Galveston,TANF Basic,68,131,110,21,13369.62,197.42,101.85
2024-08-01,Garza,TANF Basic,0,0,0,0,0.0,0.0,0.0
2024-08-01,Gillespie,TANF Basic,3,9,8,1,690.69,210.78,78.27
2024-08-01,Glasscock,TANF Basic,0,0,0,0,0.0,0.0,0.0
2024-08-01,Goliad,TANF Basic,5,11,8,3,978.57,179.17,88.71
2024-08-01,Gonzales,TANF Basic,3,12,9,3,1303.72,397.85,107.44
2024-08-01,Gray,TANF Basic,4,8,5,2,931.97,213.3,120.7
2024-08-01,Grayson,TANF Basic,32,68,53,16,6699.82,211.51,97.96
2024-08-01,Gregg,TANF Basic,33,64,47,17,6701.89,204.52,104.75
2024-08-01,Grimes,TANF Basic,4,11,8,3,1011.7,231.55,91.72
2024-08-01,Guadalupe,TANF Basic,28,76,55,22,8012.86,282.14,105.28
2024-08-01,Hale,TANF Basic,9,30,23,7,2578.45,295.07,86.57
2024-08-01,Hall,TANF Basic,1,2,2,0,180.18,164.95,81.67
2024-08-01,Hamilton,TANF Basic,1,1,1,0,125.3,114.71,113.59
2024-08-01,Hansford,TANF Basic,0,0,0,0,0.0,0.0,0.0
2024-08-01,Hardeman,TANF Basic,3,6,5,0,485.66,148.21,88.06
2024-08-01,Hardin,TANF Basic,10,18,13,5,2044.12,207.93,115.82
2024-08-01,Harris,TANF Basic,1023,2391,1895,499,237220.32,231.78,99.19
2024-08-01,Harrison,TANF Basic,19,42,32,10,4315.02,232.38,102.94
2024-08-01,Hartley,TANF Basic,0,0,0,0,0.0,0.0,0.0
2024-08-01,Haskell,TANF Basic,2,3,3,0,305.48,139.83,92.31
2024-08-01,Hays,TANF Basic,29,78,54,25,7742.59,262.53,98.86
2024-08-01,Hemphill,TANF Basic,1,1,1,0,125.3,114.71,113.59
2024-08-01,Henderson,TANF Basic,26,55,39,16,5931.47,226.26,107.54
2024-08-01,Hidalgo,TANF Basic,1148,3230,3021,191,255905.26,222.91,79.23
2024-08-01,Hill,TANF Basic,10,24,19,6,2386.88,242.8,98.36
2024-08-01,Hockley,TANF Basic,5,14,11,3,1156.68,211.79,80.66
2024-08-01,Hood,TANF Basic,11,20,16,3,2267.79,207.62,114.22
2024-08-01,Hopkins,TANF Basic,13,40,32,8,3905.99,297.99,98.36
2024-08-01,Houston,TANF Basic,10,23,21,2,2093.82,212.99,90.39
2024-08-01,Howard,TANF Basic,4,13,11,2,1230.2,281.56,92.94
2024-08-01,Hudspeth,TANF Basic,1,2,1,1,315.83,289.14,143.16
2024-08-01,Hunt,TANF Basic,24,68,55,14,5709.86,237.61,83.49
2024-08-01,Hutchinson,TANF Basic,8,19,15,3,1757.28,229.83,93.71
2024-08-01,Irion,TANF Basic,1,2,2,0,180.18,164.95,81.67
2024-08-01,Jack,TANF Basic,2,4,2,2,517.76,237.0,117.34
2024-08-01,Jackson,TANF Basic,2,2,2,0,250.6,114.71,113.59
2024-08-01,Jasper,TANF Basic,15,31,24,7,3353.02,219.26,108.56
2024-08-01,Jeff Davis,TANF Basic,0,0,0,0,0.0,0.0,0.0
2024-08-01,Jefferson,TANF Basic,128,319,245,74,30938.27,242.08,97.05
2024-08-01,Jim Hogg,TANF Basic,1,1,1,0,125.3,114.71,113.59
2024-08-01,Jim Wells,TANF Basic,15,44,37,7,3913.23,255.9,88.69
2024-08-01,Johnson,TANF Basic,31,58,47,11,6022.59,196.92,103.02
2024-08-01,Jones,TANF Basic,2,8,5,2,804.6,368.3,104.2
2024-08-01,Karnes,TANF Basic,4,6,5,0,556.07,127.27,100.82
2024-08-01,Kaufman,TANF Basic,54,146,121,24,12706.88,237.41,87.27
2024-08-01,Kendall,TANF Basic,5,13,10,3,1481.83,271.32,111.95
2024-08-01,Kenedy,TANF Basic,0,0,0,0,0.0,0.0,0.0
2024-08-01,Kent,TANF Basic,0,0,0,0,0.0,0.0,0.0
2024-08-01,Kerr,TANF Basic,3,6,4,1,652.38,199.08,118.28
2024-08-01,Kimble,TANF Basic,0,0,0,0,0.0,0.0,0.0
2024-08-01,King,TANF Basic,0,0,0,0,0.0,0.0,0.0
2024-08-01,Kinney,TANF Basic,0,0,0,0,0.0,0.0,0.0
2024-08-01,Kleberg,TANF Basic,14,35,27,8,3433.79,241.82,97.28
2024-08-01,Knox,TANF Basic,0,0,0,0,0.0,0.0,0.0
2024-08-01,La Salle,TANF Basic,0,0,0,0,0.0,0.0,0.0
2024-08-01,Lamar,TANF Basic,32,64,51,13,6379.85,201.4,99.72
2024-08-01,Lamb,TANF Basic,3,7,5,1,671.02,204.77,101.39
2024-08-01,Lampasas,TANF Basic,8,21,15,6,2116.61,276.82,100.99
2024-08-01,Lavaca,TANF Basic,2,3,3,0,305.48,139.83,92.31
2024-08-01,Lee,TANF Basic,2,3,3,0,305.48,139.83,92.31
2024-08-01,Leon,TANF Basic,9,29,25,3,2508.03,287.01,87.45
2024-08-01,Liberty,TANF Basic,22,40,35,5,3944.3,180.55,99.33
2024-08-01,Limestone,TANF Basic,12,25,21,5,2546.35,211.92,100.37
2024-08-01,Lipscomb,TANF Basic,1,2,1,1,315.83,289.14,143.16
2024-08-01,Live Oak,TANF Basic,1,1,1,0,125.3,114.71,113.59
2024-08-01,Llano,TANF Basic,1,1,1,0,125.3,114.71,113.59
2024-08-01,Loving,TANF Basic,0,0,0,0,0.0,0.0,0.0
2024-08-01,Lubbock,TANF Basic,87,195,149,47,19915.15,227.9,102.0
2024-08-01,Lynn,TANF Basic,0,0,0,0,0.0,0.0,0.0
2024-08-01,Madison,TANF Basic,5,8,7,1,871.91,159.65,112.92
2024-08-01,Marion,TANF Basic,2,2,2,0,250.6,114.71,113.59
2024-08-01,Martin,TANF Basic,2,4,3,1,490.84,224.68,111.24
2024-08-01,Mason,TANF Basic,0,0,0,0,0.0,0.0,0.0
2024-08-01,Matagorda,TANF Basic,10,24,20,5,2431.4,247.33,100.19
2024-08-01,Maverick,TANF Basic,19,62,50,11,5625.99,302.97,91.08
2024-08-01,Mcculloch,TANF Basic,1,1,0,1,152.22,139.36,138.0
2024-08-01,Mclennan,TANF Basic,80,181,139,42,18491.3,231.9,102.22
2024-08-01,Mcmullen,TANF Basic,0,0,0,0,0.0,0.0,0.0
2024-08-01,Medina,TANF Basic,11,22,16,6,2380.66,217.95,107.91
2024-08-01,Menard,TANF Basic,0,0,0,0,0.0,0.0,0.0
2024-08-01,Midland,TANF Basic,36,78,65,14,7833.72,217.33,100.02
2024-08-01,Milam,TANF Basic,5,12,11,1,1095.58,200.6,90.29
2024-08-01,Mills,TANF Basic,1,1,1,0,112.87,103.33,102.32
2024-08-01,Mitchell,TANF Basic,0,0,0,0,0.0,0.0,0.0
2024-08-01,Montague,TANF Basic,3,6,4,1,621.31,189.6,112.65
2024-08-01,Montgomery,TANF Basic,60,117,97,19,11562.63,192.46,98.89
2024-08-01,Moore,TANF Basic,7,14,12,2,1372.07,209.35,95.68
2024-08-01,Morris,TANF Basic,15,30,25,5,3166.62,207.07,106.32
2024-08-01,Motley,TANF Basic,0,0,0,0,0.0,0.0,0.0
2024-08-01,Nacogdoches,TANF Basic,24,52,43,9,4826.56,200.85,93.1
2024-08-01,Navarro,TANF Basic,19,42,33,9,4484.84,241.52,106.99
2024-08-01,Newton,TANF Basic,4,10,8,2,896.76,205.25,90.33
2024-08-01,Nolan,TANF Basic,3,4,3,1,566.43,172.85,128.37
2024-08-01,Nueces,TANF Basic,150,340,264,77,34622.65,231.36,101.91
2024-08-01,Ochiltree,TANF Basic,1,1,1,0,125.3,114.71,113.59
2024-08-01,Oldham,TANF Basic,0,0,0,0,0.0,0.0,0.0
2024-08-01,Orange,TANF Basic,32,73,58,15,7377.05,232.88,101.33
2024-08-01,Palo Pinto,TANF Basic,8,13,12,1,1258.16,164.55,95.05
2024-08-01,Panola,TANF Basic,7,11,8,3,1360.67,207.62,123.35
2024-08-01,Parker,TANF Basic,19,36,28,8,3862.49,208.01,106.11
2024-08-01,Parmer,TANF Basic,1,2,1,1,346.9,317.59,157.24
2024-08-01,Pecos,TANF Basic,0,0,0,0,0.0,0.0,0.0
2024-08-01,Polk,TANF Basic,22,40,33,7,4281.88,196.0,107.83
2024-08-01,Potter,TANF Basic,48,106,80,26,9748.4,202.83,92.06
2024-08-01,Presidio,TANF Basic,5,12,12,0,911.26,166.85,75.1
2024-08-01,Rains,TANF Basic,4,8,5,2,855.34,195.77,110.77
2024-08-01,Randall,TANF Basic,21,47,36,11,4995.35,240.7,105.32
2024-08-01,Reagan,TANF Basic,0,0,0,0,0.0,0.0,0.0
2024-08-01,Real,TANF Basic,0,0,0,0,0.0,0.0,0.0
2024-08-01,Red River,TANF Basic,10,24,20,5,2360.99,240.16,97.29
2024-08-01,Reeves,TANF Basic,4,11,9,2,1095.58,250.75,99.32
2024-08-01,Refugio,TANF Basic,2,3,3,0,246.45,112.81,74.47
2024-08-01,Roberts,TANF Basic,0,0,0,0,0.0,0.0,0.0
2024-08-01,Robertson,TANF Basic,9,28,21,7,2116.61,242.22,76.75
2024-08-01,Rockwall,TANF Basic,12,47,40,7,4204.22,349.9,88.64
2024-08-01,Runnels,TANF Basic,2,4,3,1,478.41,218.99,108.43
2024-08-01,Rusk,TANF Basic,8,13,11,2,1336.86,174.84,100.99
2024-08-01,Sabine,TANF Basic,1,2,2,0,180.18,164.95,81.67
2024-08-01,San Jacinto,TANF Basic,9,14,12,2,1546.03,176.92,107.81
2024-08-01,San Juneine,TANF Basic,1,3,2,1,365.54,334.65,110.46
2024-08-01,San Patricio,TANF Basic,19,43,28,15,4417.53,237.9,102.69
2024-08-01,San Saba,TANF Basic,1,4,3,1,439.06,401.96,99.51
2024-08-01,Schleicher,TANF Basic,1,2,1,1,52.81,48.35,23.94
2024-08-01,Scurry,TANF Basic,4,7,4,2,882.26,201.93,133.3
2024-08-01,Shackelford,TANF Basic,0,0,0,0,0.0,0.0,0.0
2024-08-01,Shelby,TANF Basic,9,20,18,2,2048.26,234.4,103.16
2024-08-01,Sherman,TANF Basic,0,0,0,0,0.0,0.0,0.0
2024-08-01,Smith,TANF Basic,38,93,70,23,9382.86,245.43,101.26
2024-08-01,Somervell,TANF Basic,0,0,0,0,0.0,0.0,0.0
2024-08-01,Starr,TANF Basic,60,168,150,17,13745.51,228.8,81.98
2024-08-01,Stephens,TANF Basic,1,3,2,1,365.54,334.65,0.0
2024-08-01,Sterling,TANF Basic,0,0,0,0,0.0,0.0,0.0
2024-08-01,Stonewall,TANF Basic,0,0,0,0,0.0,0.0,0.0
2024-08-01,Sutton,TANF Basic,0,0,0,0,0.0,0.0,0.0
2024-08-01,Swisher,TANF Basic,0,0,0,0,0.0,0.0,0.0
2024-08-01,Tarrant,TANF Basic,478,1214,929,288,120428.02,251.72,99.16
2024-08-01,Taylor,TANF Basic,64,138,110,27,13188.4,204.64,95.65
2024-08-01,Terrell,TANF Basic,0,0,0,0,0.0,0.0,0.0
2024-08-01,Terry,TANF Basic,3,9,7,2,928.86,283.46,105.26
2024-08-01,Throckmorton,TANF Basic,0,0,0,0,0.0,0.0,0.0
2024-08-01,Titus,TANF Basic,5,10,8,2,1025.17,187.71,103.26
2024-08-01,Tom Green,TANF Basic,34,78,62,16,7777.8,229.7,99.31
2024-08-01,Travis,TANF Basic,216,474,364,111,48108.25,222.44,101.42
2024-08-01,Trinity,TANF Basic,4,7,5,1,748.68,171.35,113.12
2024-08-01,Tyler,TANF Basic,8,10,9,1,1153.57,150.87,116.2
2024-08-01,Upshur,TANF Basic,10,18,16,1,1789.38,182.02,101.39
2024-08-01,Upton,TANF Basic,1,1,1,0,125.3,114.71,113.59
2024-08-01,Uvalde,TANF Basic,15,32,24,8,2697.53,176.4,84.33
2024-08-01,Val Verde,TANF Basic,28,77,61,16,6956.63,244.95,90.09
2024-08-01,Van Zandt,TANF Basic,14,32,26,6,3142.81,221.33,98.25
2024-08-01,Victoria,TANF Basic,23,56,46,10,5508.97,240.16,97.93
2024-08-01,Walker,TANF Basic,19,43,36,7,3978.47,214.25,92.48
2024-08-01,Waller,TANF Basic,4,11,9,2,1027.24,235.11,93.12
2024-08-01,Ward,TANF Basic,2,2,2,0,269.24,123.24,122.04
2024-08-01,Washington,TANF Basic,8,25,20,6,2459.36,321.65,96.94
2024-08-01,Webb,TANF Basic,118,321,295,24,25824.86,218.91,80.45
2024-08-01,Wharton,TANF Basic,7,17,13,3,1691.01,258.02,102.2
2024-08-01,Wheeler,TANF Basic,0,0,0,0,0.0,0.0,0.0
2024-08-01,Wichita,TANF Basic,54,119,92,27,11797.69,220.42,99.03
2024-08-01,Wilbarger,TANF Basic,1,2,1,1,315.83,289.14,143.16
2024-08-01,Willacy,TANF Basic,10,34,28,6,3075.5,312.85,89.94
2024-08-01,Williamson,TANF Basic,66,165,126,40,16537.27,252.33,99.95
2024-08-01,Wilson,TANF Basic,8,15,11,5,1788.35,233.89,115.8
2024-08-01,Winkler,TANF Basic,1,2,1,1,315.83,289.14,143.16
2024-08-01,Wise,TANF Basic,13,32,25,7,2881.86,219.86,90.09
2024-08-01,Wood,TANF Basic,9,23,19,5,2223.26,254.42,95.98
2024-08-01,Yoakum,TANF Basic,0,0,0,0,0.0,0.0,0.0
2024-08-01,Young,TANF Basic,3,6,5,0,428.71,130.83,77.73
2024-08-01,Zapata,TANF Basic,5,17,14,2,1728.28,316.45,104.45
2024-08-01,Zavala,TANF Basic,10,25,21,5,2201.52,223.94,86.77
2024-08-01,Anderson,TANF State Program,0,0,0,0,0.0,0.0,0.0
2024-08-01,Andrews,TANF State Program,1,6,3,2,528.91,470.81,92.93
2024-08-01,Angelina,TANF State Program,0,0,0,0,0.0,0.0,0.0
2024-08-01,Aransas,TANF State Program,0,0,0,0,0.0,0.0,0.0
2024-08-01,Archer,TANF State Program,0,0,0,0,0.0,0.0,0.0
2024-08-01,Armstrong,TANF State Program,0,0,0,0,0.0,0.0,0.0
2024-08-01,Atascosa,TANF State Program,2,7,5,2,766.55,341.17,112.24
2024-08-01,Austin,TANF State Program,0,0,0,0,0.0,0.0,0.0
2024-08-01,Bailey,TANF State Program,0,0,0,0,0.0,0.0,0.0
2024-08-01,Bandera,TANF State Program,0,0,0,0,0.0,0.0,0.0
2024-08-01,Bastrop,TANF State Program,1,6,3,2,623.55,555.05,109.56
2024-08-01,Baylor,TANF State Program,0,0,0,0,0.0,0.0,0.0
2024-08-01,Bee,TANF State Program,1,7,5,2,580.44,516.67,84.99
2024-08-01,Bell,TANF State Program,11,46,26,20,4358.53,387.97,95.73
2024-08-01,Bexar,TANF State Program,29,92,45,47,9226.0,315.87,100.06
2024-08-01,Blanco,TANF State Program,0,0,0,0,0.0,0.0,0.0
2024-08-01,Borden,TANF State Program,0,0,0,0,0.0,0.0,0.0
2024-08-01,Bosque,TANF State Program,0,0,0,0,0.0,0.0,0.0
2024-08-01,Bowie,TANF State Program,1,3,1,2,405.89,361.3,118.86
2024-08-01,Brazoria,TANF State Program,1,7,5,2,580.44,516.67,84.99
2024-08-01,Brazos,TANF State Program,0,0,0,0,0.0,0.0,0.0
2024-08-01,Brewster,TANF State Program,0,0,0,0,0.0,0.0,0.0
2024-08-01,Briscoe,TANF State Program,0,0,0,0,0.0,0.0,0.0
2024-08-01,Brooks,TANF State Program,0,0,0,0,0.0,0.0,0.0
2024-08-01,Brown,TANF State Program,0,0,0,0,0.0,0.0,0.0
2024-08-01,Burleson,TANF State Program,0,0,0,0,0.0,0.0,0.0
2024-08-01,Burnet,TANF State Program,1,1,1,0,158.78,141.34,139.49
2024-08-01,Caldwell,TANF State Program,1,3,2,1,371.19,330.41,108.7
2024-08-01,Calhoun,TANF State Program,0,0,0,0,0.0,0.0,0.0
2024-08-01,Callahan,TANF State Program,0,0,0,0,0.0,0.0,0.0
2024-08-01,Cameron,TANF State Program,8,24,10,14,2516.28,319.98,105.27
2024-08-01,Camp,TANF State Program,0,0,0,0,0.0,0.0,0.0
2024-08-01,Carson,TANF State Program,0,0,0,0,0.0,0.0,0.0
2024-08-01,Cass,TANF State Program,0,0,0,0,0.0,0.0,0.0
2024-08-01,Castro,TANF State Program,0,0,0,0,0.0,0.0,0.0
2024-08-01,Chambers,TANF State Program,0,0,0,0,0.0,0.0,0.0
2024-08-01,Cherokee,TANF State Program,2,7,3,3,777.07,345.85,113.78
2024-08-01,Childress,TANF State Program,0,0,0,0,0.0,0.0,0.0
2024-08-01,Clay,TANF State Program,0,0,0,0,0.0,0.0,0.0
2024-08-01,Cochran,TANF State Program,0,0,0,0,0.0,0.0,0.0
2024-08-01,Coke,TANF State Program,0,0,0,0,0.0,0.0,0.0
2024-08-01,Coleman,TANF State Program,0,0,0,0,0.0,0.0,0.0
2024-08-01,Collin,TANF State Program,7,22,17,5,1950.56,289.38,90.19
2024-08-01,Collingsworth,TANF State Program,0,0,0,0,0.0,0.0,0.0
2024-08-01,Colorado,TANF State Program,0,0,0,0,0.0,0.0,0.0
2024-08-01,Comal,TANF State Program,0,0,0,0,0.0,0.0,0.0
2024-08-01,Comanche,TANF State Program,0,0,0,0,0.0,0.0,0.0
2024-08-01,Concho,TANF State Program,0,0,0,0,0.0,0.0,0.0
2024-08-01,Cooke,TANF State Program,0,0,0,0,0.0,0.0,0.0
2024-08-01,Coryell,TANF State Program,2,8,3,5,879.07,391.25,110.33
2024-08-01,Cottle,TANF State Program,0,0,0,0,0.0,0.0,0.0
2024-08-01,Crane,TANF State Program,0,0,0,0,0.0,0.0,0.0
2024-08-01,Crockett,TANF State Program,0,0,0,0,0.0,0.0,0.0
2024-08-01,Crosby,TANF State Program,0,0,0,0,0.0,0.0,0.0
2024-08-01,Culberson,TANF State Program,0,0,0,0,0.0,0.0,0.0
2024-08-01,Dallam,TANF State Program,0,0,0,0,0.0,0.0,0.0
2024-08-01,Dallas,TANF State Program,19,72,36,36,6721.29,351.94,93.73
2024-08-01,Dawson,TANF State Program,0,0,0,0,0.0,0.0,0.0
2024-08-01,Deaf Smith,TANF State Program,0,0,0,0,0.0,0.0,0.0
2024-08-01,Delta,TANF State Program,0,0,0,0,0.0,0.0,0.0
2024-08-01,Denton,TANF State Program,6,18,10,8,1916.91,341.27,105.25
2024-08-01,Dewitt,TANF State Program,1,6,3,2,517.35,460.51,90.9
2024-08-01,Dickens,TANF State Program,0,0,0,0,0.0,0.0,0.0
2024-08-01,Dimmit,TANF State Program,0,0,0,0,0.0,0.0,0.0
2024-08-01,Donley,TANF State Program,1,3,1,2,405.89,361.3,118.86
2024-08-01,Duval,TANF State Program,1,3,2,1,371.19,330.41,108.7
2024-08-01,Eastland,TANF State Program,1,3,1,2,404.83,360.36,118.55
2024-08-01,Ector,TANF State Program,2,8,3,5,391.16,174.1,49.09
2024-08-01,Edwards,TANF State Program,0,0,0,0,0.0,0.0,0.0
2024-08-01,El Paso,TANF State Program,15,63,35,28,5510.99,377.35,88.03
2024-08-01,Ellis,TANF State Program,2,7,2,5,558.35,248.51,81.75
2024-08-01,Erath,TANF State Program,0,0,0,0,0.0,0.0,0.0
2024-08-01,Falls,TANF State Program,0,0,0,0,0.0,0.0,0.0
2024-08-01,Fannin,TANF State Program,0,0,0,0,0.0,0.0,0.0
2024-08-01,Fayette,TANF State Program,0,0,0,0,0.0,0.0,0.0
2024-08-01,Fisher,TANF State Program,0,0,0,0,0.0,0.0,0.0
2024-08-01,Floyd,TANF State Program,0,0,0,0,0.0,0.0,0.0
2024-08-01,Foard,TANF State Program,0,0,0,0,0.0,0.0,0.0
2024-08-01,Fort Bend,TANF State Program,4,14,9,5,1291.26,287.35,94.53
2024-08-01,Franklin,TANF State Program,0,0,0,0,0.0,0.0,0.0
2024-08-01,Freestone,TANF State Program,0,0,0,0,0.0,0.0,0.0
2024-08-01,Frio,TANF State Program,0,0,0,0,0.0,0.0,0.0
2024-08-01,Gaines,TANF State Program,0,0,0,0,0.0,0.0,0.0
2024-08-01,Galveston,TANF State Program,0,0,0,0,0.0,0.0,0.0
2024-08-01,Garza,TANF State Program,0,0,0,0,0.0,0.0,0.0
2024-08-01,Gillespie,TANF State Program,0,0,0,0,0.0,0.0,0.0
2024-08-01,Glasscock,TANF State Program,0,0,0,0,0.0,0.0,0.0
2024-08-01,Goliad,TANF State Program,0,0,0,0,0.0,0.0,0.0
2024-08-01,Gonzales,TANF State Program,0,0,0,0,0.0,0.0,0.0
2024-08-01,Gray,TANF State Program,0,0,0,0,0.0,0.0,0.0
2024-08-01,Grayson,TANF State Program,1,3,2,1,371.19,330.41,108.7
2024-08-01,Gregg,TANF State Program,3,10,7,3,842.26,249.91,82.22
2024-08-01,Grimes,TANF State Program,0,0,0,0,0.0,0.0,0.0
2024-08-01,Guadalupe,TANF State Program,4,11,8,3,1109.35,246.87,97.46
2024-08-01,Hale,TANF State Program,1,3,2,1,371.19,330.41,108.7
2024-08-01,Hall,TANF State Program,0,0,0,0,0.0,0.0,0.0
2024-08-01,Hamilton,TANF State Program,0,0,0,0,0.0,0.0,0.0
2024-08-01,Hansford,TANF State Program,0,0,0,0,0.0,0.0,0.0
2024-08-01,Hardeman,TANF State Program,0,0,0,0,0.0,0.0,0.0
2024-08-01,Hardin,TANF State Program,1,2,2,0,182.96,162.86,80.37
2024-08-01,Harris,TANF State Program,21,88,55,32,7647.67,358.29,87.26
2024-08-01,Harrison,TANF State Program,1,5,2,2,456.36,406.23,100.23
2024-08-01,Hartley,TANF State Program,0,0,0,0,0.0,0.0,0.0
2024-08-01,Haskell,TANF State Program,0,0,0,0,0.0,0.0,0.0
2024-08-01,Hays,TANF State Program,3,15,8,7,1474.22,437.43,99.63
2024-08-01,Hemphill,TANF State Program,0,0,0,0,0.0,0.0,0.0
2024-08-01,Henderson,TANF State Program,0,0,0,0,0.0,0.0,0.0
2024-08-01,Hidalgo,TANF State Program,13,56,35,21,4847.49,359.58,86.91
2024-08-01,Hill,TANF State Program,0,0,0,0,0.0,0.0,0.0
2024-08-01,Hockley,TANF State Program,0,0,0,0,0.0,0.0,0.0
2024-08-01,Hood,TANF State Program,0,0,0,0,0.0,0.0,0.0
2024-08-01,Hopkins,TANF State Program,0,0,0,0,0.0,0.0,0.0
2024-08-01,Houston,TANF State Program,0,0,0,0,0.0,0.0,0.0
2024-08-01,Howard,TANF State Program,1,5,2,2,300.73,267.7,66.05
2024-08-01,Hudspeth,TANF State Program,0,0,0,0,0.0,0.0,0.0
2024-08-01,Hunt,TANF State Program,1,6,3,2,528.91,470.81,92.93
2024-08-01,Hutchinson,TANF State Program,0,0,0,0,0.0,0.0,0.0
2024-08-01,Irion,TANF State Program,0,0,0,0,0.0,0.0,0.0
2024-08-01,Jack,TANF State Program,0,0,0,0,0.0,0.0,0.0
2024-08-01,Jackson,TANF State Program,0,0,0,0,0.0,0.0,0.0
2024-08-01,Jasper,TANF State Program,0,0,0,0,0.0,0.0,0.0
2024-08-01,Jeff Davis,TANF State Program,0,0,0,0,0.0,0.0,0.0
2024-08-01,Jefferson,TANF State Program,4,17,11,6,1610.92,358.49,94.35
2024-08-01,Jim Hogg,TANF State Program,0,0,0,0,0.0,0.0,0.0
2024-08-01,Jim Wells,TANF State Program,0,0,0,0,0.0,0.0,0.0
2024-08-01,Johnson,TANF State Program,0,0,0,0,0.0,0.0,0.0
2024-08-01,Jones,TANF State Program,0,0,0,0,0.0,0.0,0.0
2024-08-01,Karnes,TANF State Program,0,0,0,0,0.0,0.0,0.0
2024-08-01,Kaufman,TANF State Program,1,5,2,2,456.36,406.23,100.23
2024-08-01,Kendall,TANF State Program,0,0,0,0,0.0,0.0,0.0
2024-08-01,Kenedy,TANF State Program,0,0,0,0,0.0,0.0,0.0
2024-08-01,Kent,TANF State Program,0,0,0,0,0.0,0.0,0.0
2024-08-01,Kerr,TANF State Program,0,0,0,0,0.0,0.0,0.0
2024-08-01,Kimble,TANF State Program,0,0,0,0,0.0,0.0,0.0
2024-08-01,King,TANF State Program,0,0,0,0,0.0,0.0,0.0
2024-08-01,Kinney,TANF State Program,0,0,0,0,0.0,0.0,0.0
2024-08-01,Kleberg,TANF State Program,1,3,2,1,371.19,330.41,108.7
2024-08-01,Knox,TANF State Program,0,0,0,0,0.0,0.0,0.0
2024-08-01,La Salle,TANF State Program,0,0,0,0,0.0,0.0,0.0
2024-08-01,Lamar,TANF State Program,1,5,2,2,456.36,406.23,100.23
2024-08-01,Lamb,TANF State Program,0,0,0,0,0.0,0.0,0.0
2024-08-01,Lampasas,TANF State Program,0,0,0,0,0.0,0.0,0.0
2024-08-01,Lavaca,TANF State Program,0,0,0,0,0.0,0.0,0.0
2024-08-01,Lee,TANF State Program,0,0,0,0,0.0,0.0,0.0
2024-08-01,Leon,TANF State Program,0,0,0,0,0.0,0.0,0.0
2024-08-01,Liberty,TANF State Program,1,5,3,1,401.68,357.55,88.22
2024-08-01,Limestone,TANF State Program,0,0,0,0,0.0,0.0,0.0
2024-08-01,Lipscomb,TANF State Program,0,0,0,0,0.0,0.0,0.0
2024-08-01,Live Oak,TANF State Program,1,3,1,2,193.48,172.22,56.66
2024-08-01,Llano,TANF State Program,0,0,0,0,0.0,0.0,0.0
2024-08-01,Loving,TANF State Program,0,0,0,0,0.0,0.0,0.0
2024-08-01,Lubbock,TANF State Program,1,9,7,2,701.36,624.31,77.02
2024-08-01,Lynn,TANF State Program,0,0,0,0,0.0,0.0,0.0
2024-08-01,Madison,TANF State Program,0,0,0,0,0.0,0.0,0.0
2024-08-01,Marion,TANF State Program,1,5,2,2,456.36,406.23,100.23
2024-08-01,Martin,TANF State Program,0,0,0,0,0.0,0.0,0.0
2024-08-01,Mason,TANF State Program,0,0,0,0,0.0,0.0,0.0
2024-08-01,Matagorda,TANF State Program,0,0,0,0,0.0,0.0,0.0
2024-08-01,Maverick,TANF State Program,1,5,2,2,456.36,406.23,100.23
2024-08-01,Mcculloch,TANF State Program,0,0,0,0,0.0,0.0,0.0
2024-08-01,Mclennan,TANF State Program,2,8,3,5,893.79,397.8,112.17
2024-08-01,Mcmullen,TANF State Program,0,0,0,0,0.0,0.0,0.0
2024-08-01,Medina,TANF State Program,0,0,0,0,0.0,0.0,0.0
2024-08-01,Menard,TANF State Program,0,0,0,0,0.0,0.0,0.0
2024-08-01,Midland,TANF State Program,1,5,2,2,395.37,351.94,86.84
2024-08-01,Milam,TANF State Program,0,0,0,0,0.0,0.0,0.0
2024-08-01,Mills,TANF State Program,0,0,0,0,0.0,0.0,0.0
2024-08-01,Mitchell,TANF State Program,0,0,0,0,0.0,0.0,0.0
2024-08-01,Montague,TANF State Program,0,0,0,0,0.0,0.0,0.0
2024-08-01,Montgomery,TANF State Program,3,14,9,5,1241.84,368.47,90.92
2024-08-01,Moore,TANF State Program,1,3,1,2,396.42,352.87,116.09
2024-08-01,Morris,TANF State Program,0,0,0,0,0.0,0.0,0.0
2024-08-01,Motley,TANF State Program,0,0,0,0,0.0,0.0,0.0
2024-08-01,Nacogdoches,TANF State Program,0,0,0,0,0.0,0.0,0.0
2024-08-01,Navarro,TANF State Program,1,5,2,2,456.36,406.23,100.23
2024-08-01,Newton,TANF State Program,0,0,0,0,0.0,0.0,0.0
2024-08-01,Nolan,TANF State Program,0,0,0,0,0.0,0.0,0.0
2024-08-01,Nueces,TANF State Program,8,25,15,10,2656.13,337.76,106.07
2024-08-01,Ochiltree,TANF State Program,0,0,0,0,0.0,0.0,0.0
2024-08-01,Oldham,TANF State Program,0,0,0,0,0.0,0.0,0.0
2024-08-01,Orange,TANF State Program,0,0,0,0,0.0,0.0,0.0
2024-08-01,Palo Pinto,TANF State Program,0,0,0,0,0.0,0.0,0.0
2024-08-01,Panola,TANF State Program,0,0,0,0,0.0,0.0,0.0
2024-08-01,Parker,TANF State Program,3,14,7,7,1391.16,412.78,101.85
2024-08-01,Parmer,TANF State Program,0,0,0,0,0.0,0.0,0.0
2024-08-01,Pecos,TANF State Program,0,0,0,0,0.0,0.0,0.0
2024-08-01,Polk,TANF State Program,0,0,0,0,0.0,0.0,0.0
2024-08-01,Potter,TANF State Program,2,10,7,3,999.99,445.07,97.61
2024-08-01,Presidio,TANF State Program,0,0,0,0,0.0,0.0,0.0
2024-08-01,Rains,TANF State Program,0,0,0,0,0.0,0.0,0.0
2024-08-01,Randall,TANF State Program,0,0,0,0,0.0,0.0,0.0
2024-08-01,Reagan,TANF State Program,0,0,0,0,0.0,0.0,0.0
2024-08-01,Real,TANF State Program,0,0,0,0,0.0,0.0,0.0
2024-08-01,Red River,TANF State Program,2,8,3,5,862.24,383.76,108.21
2024-08-01,Reeves,TANF State Program,0,0,0,0,0.0,0.0,0.0
2024-08-01,Refugio,TANF State Program,0,0,0,0,0.0,0.0,0.0
2024-08-01,Roberts,TANF State Program,0,0,0,0,0.0,0.0,0.0
2024-08-01,Robertson,TANF State Program,0,0,0,0,0.0,0.0,0.0
2024-08-01,Rockwall,TANF State Program,1,3,1,2,246.05,219.02,72.05
2024-08-01,Runnels,TANF State Program,0,0,0,0,0.0,0.0,0.0
2024-08-01,Rusk,TANF State Program,1,3,1,2,405.89,361.3,118.86
2024-08-01,Sabine,TANF State Program,0,0,0,0,0.0,0.0,0.0
2024-08-01,San Jacinto,TANF State Program,0,0,0,0,0.0,0.0,0.0
2024-08-01,San Juneine,TANF State Program,0,0,0,0,0.0,0.0,0.0
2024-08-01,San Patricio,TANF State Program,1,3,2,1,371.19,330.41,108.7
2024-08-01,San Saba,TANF State Program,0,0,0,0,0.0,0.0,0.0
2024-08-01,Schleicher,TANF State Program,0,0,0,0,0.0,0.0,0.0
2024-08-01,Scurry,TANF State Program,0,0,0,0,0.0,0.0,0.0
2024-08-01,Shackelford,TANF State Program,0,0,0,0,0.0,0.0,0.0
2024-08-01,Shelby,TANF State Program,0,0,0,0,0.0,0.0,0.0
2024-08-01,Sherman,TANF State Program,0,0,0,0,0.0,0.0,0.0
2024-08-01,Smith,TANF State Program,1,3,1,2,405.89,361.3,118.86
2024-08-01,Somervell,TANF State Program,1,2,1,1,320.71,285.48,140.88
2024-08-01,Starr,TANF State Program,0,0,0,0,0.0,0.0,0.0
2024-08-01,Stephens,TANF State Program,0,0,0,0,0.0,0.0,0.0
2024-08-01,Sterling,TANF State Program,0,0,0,0,0.0,0.0,0.0
2024-08-01,Stonewall,TANF State Program,0,0,0,0,0.0,0.0,0.0
2024-08-01,Sutton,TANF State Program,0,0,0,0,0.0,0.0,0.0
2024-08-01,Swisher,TANF State Program,0,0,0,0,0.0,0.0,0.0
2024-08-01,Tarrant,TANF State Program,16,59,29,30,6208.15,394.73,104.88
2024-08-01,Taylor,TANF State Program,2,11,7,5,1057.82,470.81,92.93
2024-08-01,Terrell,TANF State Program,0,0,0,0,0.0,0.0,0.0
2024-08-01,Terry,TANF State Program,0,0,0,0,0.0,0.0,0.0
2024-08-01,Throckmorton,TANF State Program,0,0,0,0,0.0,0.0,0.0
2024-08-01,Titus,TANF State Program,0,0,0,0,0.0,0.0,0.0
2024-08-01,Tom Green,TANF State Program,2,11,7,5,1214.5,540.54,106.7
2024-08-01,Travis,TANF State Program,17,58,24,34,6087.22,361.23,104.86
2024-08-01,Trinity,TANF State Program,0,0,0,0,0.0,0.0,0.0
2024-08-01,Tyler,TANF State Program,0,0,0,0,0.0,0.0,0.0
2024-08-01,Upshur,TANF State Program,0,0,0,0,0.0,0.0,0.0
2024-08-01,Upton,TANF State Program,0,0,0,0,0.0,0.0,0.0
2024-08-01,Uvalde,TANF State Program,0,0,0,0,0.0,0.0,0.0
2024-08-01,Val Verde,TANF State Program,0,0,0,0,0.0,0.0,0.0
2024-08-01,Van Zandt,TANF State Program,0,0,0,0,0.0,0.0,0.0
2024-08-01,Victoria,TANF State Program,0,0,0,0,0.0,0.0,0.0
2024-08-01,Walker,TANF State Program,0,0,0,0,0.0,0.0,0.0
2024-08-01,Waller,TANF State Program,0,0,0,0,0.0,0.0,0.0
2024-08-01,Ward,TANF State Program,0,0,0,0,0.0,0.0,0.0
2024-08-01,Washington,TANF State Program,0,0,0,0,0.0,0.0,0.0
2024-08-01,Webb,TANF State Program,1,3,1,2,124.08,110.45,36.34
2024-08-01,Wharton,TANF State Program,0,0,0,0,0.0,0.0,0.0
2024-08-01,Wheeler,TANF State Program,1,3,1,2,165.09,146.95,48.34
2024-08-01,Wichita,TANF State Program,1,7,5,2,143.01,127.3,20.94
2024-08-01,Wilbarger,TANF State Program,0,0,0,0,0.0,0.0,0.0
2024-08-01,Willacy,TANF State Program,1,6,3,2,528.91,470.81,92.93
2024-08-01,Williamson,TANF State Program,4,15,8,7,1299.67,289.23,87.83
2024-08-01,Wilson,TANF State Program,0,0,0,0,0.0,0.0,0.0
2024-08-01,Winkler,TANF State Program,0,0,0,0,0.0,0.0,0.0
2024-08-01,Wise,TANF State Program,1,7,5,2,580.44,516.67,84.99
2024-08-01,Wood,TANF State Program,1,5,3,1,445.84,396.87,97.92
2024-08-01,Yoakum,TANF State Program,0,0,0,0,0.0,0.0,0.0
2024-08-01,Young,TANF State Program,0,0,0,0,0.0,0.0,0.0
2024-08-01,Zapata,TANF State Program,0,0,0,0,0.0,0.0,0.0
2024-08-01,Zavala,TANF State Program,0,0,0,0,0.0,0.0,0.0
2024-09-01,Anderson,TANF Basic,15,33,23,10,3704.81,243.53,112.19
2024-09-01,Andrews,TANF Basic,2,7,5,1,310.71,142.97,47.05
2024-09-01,Angelina,TANF Basic,32,77,63,14,7261.81,230.44,94.25
2024-09-01,Aransas,TANF Basic,15,34,26,8,3763.06,247.36,110.28
2024-09-01,Archer,TANF Basic,1,1,1,0,130.54,120.13,118.6
2024-09-01,Armstrong,TANF Basic,0,0,0,0,0.0,0.0,0.0
2024-09-01,Atascosa,TANF Basic,29,79,63,16,7542.31,257.07,95.17
2024-09-01,Austin,TANF Basic,4,7,3,3,904.08,208.0,136.89
2024-09-01,Bailey,TANF Basic,0,0,0,0,0.0,0.0,0.0
2024-09-01,Bandera,TANF Basic,0,0,0,0,0.0,0.0,0.0
2024-09-01,Bastrop,TANF Basic,27,56,40,16,6560.55,241.5,116.87
2024-09-01,Baylor,TANF Basic,7,17,14,2,1590.24,243.91,96.32
2024-09-01,Bee,TANF Basic,16,43,34,9,4155.77,254.96,96.81
2024-09-01,Bell,TANF Basic,231,572,416,159,59604.85,257.52,104.14
2024-09-01,Bexar,TANF Basic,627,1566,1199,371,159244.04,253.98,101.67
2024-09-01,Blanco,TANF Basic,0,0,0,0,0.0,0.0,0.0
2024-09-01,Borden,TANF Basic,0,0,0,0,0.0,0.0,0.0
2024-09-01,Bosque,TANF Basic,2,2,1,1,289.13,133.04,131.34
2024-09-01,Bowie,TANF Basic,42,88,75,13,8415.11,198.57,95.56
2024-09-01,Brazoria,TANF Basic,45,83,68,15,8472.29,190.17,102.63
2024-09-01,Brazos,TANF Basic,60,147,118,30,14856.98,248.59,100.73
2024-09-01,Brewster,TANF Basic,0,0,0,0,0.0,0.0,0.0
2024-09-01,Briscoe,TANF Basic,0,0,0,0,0.0,0.0,0.0
2024-09-01,Brooks,TANF Basic,7,11,8,3,1386.34,212.63,125.95
2024-09-01,Brown,TANF Basic,16,32,22,10,3498.74,214.65,109.61
2024-09-01,Burleson,TANF Basic,3,6,4,1,534.04,163.82,97.03
2024-09-01,Burnet,TANF Basic,8,14,11,3,1044.34,137.3,72.98
2024-09-01,Caldwell,TANF Basic,5,8,5,2,936.45,172.36,121.54
2024-09-01,Calhoun,TANF Basic,3,8,8,0,631.13,193.6,81.91
2024-09-01,Callahan,TANF Basic,1,1,1,0,130.54,120.13,118.6
2024-09-01,Cameron,TANF Basic,406,986,886,96,86652.95,213.22,87.86
2024-09-01,Camp,TANF Basic,4,8,5,2,976.37,224.63,126.72
2024-09-01,Carson,TANF Basic,2,4,3,1,516.77,237.79,117.37
2024-09-01,Cass,TANF Basic,9,22,17,5,1921.45,221.03,87.28
2024-09-01,Castro,TANF Basic,3,9,8,1,628.98,192.94,71.43
2024-09-01,Chambers,TANF Basic,7,9,7,2,1127.41,172.92,128.03
2024-09-01,Cherokee,TANF Basic,17,42,34,8,4166.56,239.65,99.61
2024-09-01,Childress,TANF Basic,2,3,2,1,459.59,211.48,139.18
2024-09-01,Clay,TANF Basic,0,0,0,0,0.0,0.0,0.0
2024-09-01,Cochran,TANF Basic,0,0,0,0,0.0,0.0,0.0
2024-09-01,Coke,TANF Basic,0,0,0,0,0.0,0.0,0.0
2024-09-01,Coleman,TANF Basic,3,10,8,2,1021.68,313.41,103.13
2024-09-01,Collin,TANF Basic,143,349,264,86,36503.23,254.49,104.62
2024-09-01,Collingsworth,TANF Basic,0,0,0,0,0.0,0.0,0.0
2024-09-01,Colorado,TANF Basic,1,1,0,1,110.04,101.27,99.97
2024-09-01,Comal,TANF Basic,18,42,33,9,4353.2,235.65,104.08
2024-09-01,Comanche,TANF Basic,3,7,5,1,718.52,220.41,108.8
2024-09-01,Concho,TANF Basic,0,0,0,0,0.0,0.0,0.0
2024-09-01,Cooke,TANF Basic,13,34,25,9,3278.66,251.44,96.09
2024-09-01,Coryell,TANF Basic,21,43,31,13,4941.18,239.33,115.1
2024-09-01,Cottle,TANF Basic,0,0,0,0,0.0,0.0,0.0
2024-09-01,Crane,TANF Basic,0,0,0,0,0.0,0.0,0.0
2024-09-01,Crockett,TANF Basic,1,3,2,1,239.51,220.41,72.53
2024-09-01,Crosby,TANF Basic,1,4,4,0,312.87,287.92,71.06
2024-09-01,Culberson,TANF Basic,1,1,1,0,130.54,120.13,118.6
2024-09-01,Dallam,TANF Basic,0,0,0,0,0.0,0.0,0.0
2024-09-01,Dallas,TANF Basic,896,2303,1745,563,232333.57,259.16,100.9
2024-09-01,Dawson,TANF Basic,8,24,19,6,2148.01,282.39,88.7
2024-09-01,Deaf Smith,TANF Basic,9,20,16,3,2032.57,233.81,102.59
2024-09-01,Delta,TANF Basic,2,8,7,1,695.86,320.19,90.31
2024-09-01,Denton,TANF Basic,111,299,232,67,29607.15,267.12,98.89
2024-09-01,Dewitt,TANF Basic,4,9,9,0,730.39,168.04,82.94
2024-09-01,Dickens,TANF Basic,0,0,0,0,0.0,0.0,0.0
2024-09-01,Dimmit,TANF Basic,3,7,5,1,555.61,170.44,84.13
2024-09-01,Donley,TANF Basic,1,3,3,0,262.16,241.26,79.39
2024-09-01,Duval,TANF Basic,5,15,10,6,1877.22,345.51,121.82
2024-09-01,Eastland,TANF Basic,5,11,10,1,1097.2,201.94,99.68
2024-09-01,Ector,TANF Basic,50,120,94,26,12637.77,252.83,105.33
2024-09-01,Edwards,TANF Basic,0,0,0,0,0.0,0.0,0.0
2024-09-01,El Paso,TANF Basic,375,963,753,212,92979.39,248.02,96.54
2024-09-01,Ellis,TANF Basic,32,87,70,17,8299.67,263.38,95.45
2024-09-01,Erath,TANF Basic,12,24,21,3,2516.98,210.57,103.94
2024-09-01,Falls,TANF Basic,4,12,8,5,1196.46,275.27,98.82
2024-09-01,Fannin,TANF Basic,14,29,20,9,3514.93,248.82,122.82
2024-09-01,Fayette,TANF Basic,2,3,2,1,367.89,169.28,111.41
2024-09-01,Fisher,TANF Basic,1,1,1,0,130.54,120.13,118.6
2024-09-01,Floyd,TANF Basic,0,0,0,0,0.0,0.0,0.0
2024-09-01,Foard,TANF Basic,0,0,0,0,0.0,0.0,0.0
2024-09-01,Fort Bend,TANF Basic,65,149,116,33,15114.83,231.83,101.72
2024-09-01,Franklin,TANF Basic,1,2,1,1,329.05,302.82,149.47
2024-09-01,Freestone,TANF Basic,7,18,13,5,1923.61,295.04,109.22
2024-09-01,Frio,TANF Basic,10,20,15,5,2237.56,228.8,112.93
2024-09-01,Gaines,TANF Basic,3,8,8,0,599.85,184.01,77.85
2024-09-01,Galveston,TANF Basic,64,131,110,21,13180.43,205.59,100.63
2024-09-01,Garza,TANF Basic,0,0,0,0,0.0,0.0,0.0
2024-09-01,Gillespie,TANF Basic,3,7,5,1,548.06,168.12,82.99
2024-09-01,Glasscock,TANF Basic,0,0,0,0,0.0,0.0,0.0
2024-09-01,Goliad,TANF Basic,5,11,8,3,1161.93,213.86,105.56
2024-09-01,Gonzales,TANF Basic,3,7,4,2,840.43,257.81,127.26
2024-09-01,Gray,TANF Basic,5,12,10,2,1127.41,207.5,93.11
2024-09-01,Grayson,TANF Basic,34,69,53,16,7051.43,209.33,101.69
2024-09-01,Gregg,TANF Basic,36,70,52,18,7846.55,218.82,111.38
2024-09-01,Grimes,TANF Basic,8,19,12,7,1552.48,204.1,82.97
2024-09-01,Guadalupe,TANF Basic,32,83,60,23,8560.75,271.66,103.7
2024-09-01,Hale,TANF Basic,9,24,16,8,2698.23,310.39,111.42
2024-09-01,Hall,TANF Basic,1,2,2,0,187.72,172.75,85.27
2024-09-01,Hamilton,TANF Basic,1,3,2,1,380.84,350.47,115.33
2024-09-01,Hansford,TANF Basic,0,0,0,0,0.0,0.0,0.0
2024-09-01,Hardeman,TANF Basic,3,6,5,0,505.99,155.21,91.94
2024-09-01,Hardin,TANF Basic,11,21,16,5,2227.85,205.02,106.53
2024-09-01,Harris,TANF Basic,1045,2444,1953,492,243303.41,232.75,99.57
2024-09-01,Harrison,TANF Basic,17,51,41,9,4782.59,275.08,94.46
2024-09-01,Hartley,TANF Basic,0,0,0,0,0.0,0.0,0.0
2024-09-01,Haskell,TANF Basic,3,7,5,1,537.27,164.81,81.35
2024-09-01,Hays,TANF Basic,28,77,52,25,7994.35,282.96,103.75
2024-09-01,Hemphill,TANF Basic,1,1,1,0,130.54,120.13,118.6
2024-09-01,Henderson,TANF Basic,26,58,44,15,6632.83,254.33,113.7
2024-09-01,Hidalgo,TANF Basic,1174,3298,3073,205,268696.54,228.96,81.48
2024-09-01,Hill,TANF Basic,10,20,15,5,1994.81,203.97,100.68
2024-09-01,Hockley,TANF Basic,8,19,15,3,1909.58,251.05,102.05
2024-09-01,Hood,TANF Basic,9,15,14,1,1542.77,177.47,100.11
2024-09-01,Hopkins,TANF Basic,13,39,32,7,3818.09,292.81,99.11
2024-09-01,Houston,TANF Basic,9,21,19,2,1602.11,184.3,76.61
2024-09-01,Howard,TANF Basic,4,13,11,2,1281.69,294.87,97.03
2024-09-01,Hudspeth,TANF Basic,1,2,1,1,329.05,302.82,149.47
2024-09-01,Hunt,TANF Basic,28,77,60,17,6910.1,244.58,89.68
2024-09-01,Hutchinson,TANF Basic,8,18,15,2,1599.95,210.34,90.85
2024-09-01,Irion,TANF Basic,1,2,2,0,187.72,172.75,85.27
2024-09-01,Jack,TANF Basic,1,3,2,1,380.84,350.47,115.33
2024-09-01,Jackson,TANF Basic,2,2,2,0,261.08,120.13,118.6
2024-09-01,Jasper,TANF Basic,15,33,26,7,3490.11,229.42,105.69
2024-09-01,Jeff Davis,TANF Basic,0,0,0,0,0.0,0.0,0.0
2024-09-01,Jefferson,TANF Basic,138,347,266,81,33443.58,242.34,96.46
2024-09-01,Jim Hogg,TANF Basic,1,1,1,0,130.54,120.13,118.6
2024-09-01,Jim Wells,TANF Basic,17,50,39,10,4486.98,258.08,90.59
2024-09-01,Johnson,TANF Basic,34,73,60,13,6629.59,196.81,91.26
2024-09-01,Jones,TANF Basic,2,9,7,2,914.87,420.97,103.89
2024-09-01,Karnes,TANF Basic,5,14,14,0,1064.83,195.99,74.42
2024-09-01,Kaufman,TANF Basic,61,166,136,30,16275.68,267.46,97.92
2024-09-01,Kendall,TANF Basic,5,13,10,3,1479.12,272.24,111.98
2024-09-01,Kenedy,TANF Basic,0,0,0,0,0.0,0.0,0.0
2024-09-01,Kent,TANF Basic,0,0,0,0,0.0,0.0,0.0
2024-09-01,Kerr,TANF Basic,4,8,5,2,976.37,224.63,126.72
2024-09-01,Kimble,TANF Basic,0,0,0,0,0.0,0.0,0.0
2024-09-01,King,TANF Basic,0,0,0,0,0.0,0.0,0.0
2024-09-01,Kinney,TANF Basic,0,0,0,0,0.0,0.0,0.0
2024-09-01,Kleberg,TANF Basic,14,34,26,8,3561.32,252.11,104.37
2024-09-01,Knox,TANF Basic,0,0,0,0,0.0,0.0,0.0
2024-09-01,La Salle,TANF Basic,0,0,0,0,0.0,0.0,0.0
2024-09-01,Lamar,TANF Basic,39,78,62,16,7720.32,197.36,98.79
2024-09-01,Lamb,TANF Basic,4,10,9,1,829.64,190.87,83.75
2024-09-01,Lampasas,TANF Basic,9,20,14,6,1910.66,219.79,96.44
2024-09-01,Lavaca,TANF Basic,2,3,3,0,318.26,146.44,96.38
2024-09-01,Lee,TANF Basic,2,3,3,0,318.26,146.44,96.38
2024-09-01,Leon,TANF Basic,9,28,24,3,2525.61,290.53,91.78
2024-09-01,Liberty,TANF Basic,23,42,37,5,3615.26,158.43,86.43
2024-09-01,Limestone,TANF Basic,16,32,25,7,3167.53,194.33,99.23
2024-09-01,Lipscomb,TANF Basic,1,2,1,1,329.05,302.82,149.47
2024-09-01,Live Oak,TANF Basic,1,1,1,0,130.54,120.13,118.6
2024-09-01,Llano,TANF Basic,2,7,4,2,194.19,89.36,29.4
2024-09-01,Loving,TANF Basic,0,0,0,0,0.0,0.0,0.0
2024-09-01,Lubbock,TANF Basic,96,215,161,54,22657.14,236.94,105.56
2024-09-01,Lynn,TANF Basic,0,0,0,0,0.0,0.0,0.0
2024-09-01,Madison,TANF Basic,5,8,7,1,908.4,167.19,117.9
2024-09-01,Marion,TANF Basic,2,2,2,0,261.08,120.13,118.6
2024-09-01,Martin,TANF Basic,2,4,3,1,511.38,235.3,116.15
2024-09-01,Mason,TANF Basic,0,0,0,0,0.0,0.0,0.0
2024-09-01,Matagorda,TANF Basic,10,24,20,5,2496.48,255.27,103.09
2024-09-01,Maverick,TANF Basic,18,64,51,13,5944.52,321.8,93.11
2024-09-01,Mcculloch,TANF Basic,2,2,1,1,289.13,133.04,131.34
2024-09-01,Mclennan,TANF Basic,87,205,156,49,20590.04,236.86,100.57
2024-09-01,Mcmullen,TANF Basic,0,0,0,0,0.0,0.0,0.0
2024-09-01,Medina,TANF Basic,12,25,21,5,2706.86,226.46,106.92
2024-09-01,Menard,TANF Basic,0,0,0,0,0.0,0.0,0.0
2024-09-01,Midland,TANF Basic,41,81,69,13,7514.26,181.98,92.25
2024-09-01,Milam,TANF Basic,5,12,11,1,1142.51,210.28,94.36
2024-09-01,Mills,TANF Basic,1,1,1,0,117.6,108.22,106.84
2024-09-01,Mitchell,TANF Basic,1,2,2,0,187.72,172.75,85.27
2024-09-01,Montague,TANF Basic,3,6,4,1,614.95,188.64,111.74
2024-09-01,Montgomery,TANF Basic,58,108,88,19,10099.21,175.36,93.62
2024-09-01,Moore,TANF Basic,10,22,19,3,2054.15,210.04,93.31
2024-09-01,Morris,TANF Basic,16,30,25,5,3279.73,201.22,110.36
2024-09-01,Motley,TANF Basic,0,0,0,0,0.0,0.0,0.0
2024-09-01,Nacogdoches,TANF Basic,24,51,39,11,5160.19,215.85,101.91
2024-09-01,Navarro,TANF Basic,18,39,29,9,4142.82,224.27,107.54
2024-09-01,Newton,TANF Basic,3,9,8,1,745.49,228.68,84.66
2024-09-01,Nolan,TANF Basic,4,10,9,1,991.47,228.11,100.08
2024-09-01,Nueces,TANF Basic,153,367,283,85,37698.6,246.05,102.85
2024-09-01,Ochiltree,TANF Basic,2,4,4,0,286.98,132.05,65.18
2024-09-01,Oldham,TANF Basic,0,0,0,0,0.0,0.0,0.0
2024-09-01,Orange,TANF Basic,34,79,62,17,8197.18,243.34,103.43
2024-09-01,Palo Pinto,TANF Basic,9,21,19,2,1886.93,217.06,90.22
2024-09-01,Panola,TANF Basic,9,23,17,6,2292.58,263.72,99.18
2024-09-01,Parker,TANF Basic,22,47,38,9,4517.19,207.85,95.44
2024-09-01,Parmer,TANF Basic,1,2,1,1,329.05,302.82,149.47
2024-09-01,Pecos,TANF Basic,0,0,0,0,0.0,0.0,0.0
2024-09-01,Polk,TANF Basic,22,40,33,7,4103.98,188.84,103.57
2024-09-01,Potter,TANF Basic,49,105,76,29,10594.4,216.66,101.32
2024-09-01,Presidio,TANF Basic,5,12,12,0,949.4,174.74,78.41
2024-09-01,Rains,TANF Basic,4,8,5,2,976.37,224.63,126.72
2024-09-01,Randall,TANF Basic,22,47,35,13,5384.59,247.76,113.76
2024-09-01,Reagan,TANF Basic,0,0,0,0,0.0,0.0,0.0
2024-09-01,Real,TANF Basic,0,0,0,0,0.0,0.0,0.0
2024-09-01,Red River,TANF Basic,11,28,22,6,2535.32,233.32,92.13
2024-09-01,Reeves,TANF Basic,7,18,13,5,1756.38,269.39,99.73
2024-09-01,Refugio,TANF Basic,1,2,2,0,139.17,128.08,63.22
2024-09-01,Roberts,TANF Basic,0,0,0,0,0.0,0.0,0.0
2024-09-01,Robertson,TANF Basic,10,28,20,8,3075.83,314.51,111.78
2024-09-01,Rockwall,TANF Basic,16,61,51,9,5323.09,326.58,87.93
2024-09-01,Runnels,TANF Basic,2,4,3,1,498.43,229.35,113.21
2024-09-01,Rusk,TANF Basic,7,11,9,2,1281.69,196.58,116.44
2024-09-01,Sabine,TANF Basic,2,4,3,1,319.34,146.94,72.53
2024-09-01,San Jacinto,TANF Basic,11,18,14,3,2070.33,190.53,117.56
2024-09-01,San Juneine,TANF Basic,1,1,1,0,130.54,120.13,118.6
2024-09-01,San Patricio,TANF Basic,22,51,34,17,5770.82,265.54,113.97
2024-09-01,San Saba,TANF Basic,1,4,3,1,457.44,420.97,103.89
2024-09-01,Schleicher,TANF Basic,1,2,1,1,329.05,302.82,149.47
2024-09-01,Scurry,TANF Basic,3,4,3,1,590.14,181.03,134.03
2024-09-01,Shackelford,TANF Basic,0,0,0,0,0.0,0.0,0.0
2024-09-01,Shelby,TANF Basic,12,23,20,3,2483.54,207.77,107.44
2024-09-01,Sherman,TANF Basic,0,0,0,0,0.0,0.0,0.0
2024-09-01,Smith,TANF Basic,38,90,69,22,9610.48,252.69,106.48
2024-09-01,Somervell,TANF Basic,0,0,0,0,0.0,0.0,0.0
2024-09-01,Starr,TANF Basic,64,177,157,19,15657.49,244.22,88.35
2024-09-01,Stephens,TANF Basic,2,6,3,2,194.19,89.36,0.0
2024-09-01,Sterling,TANF Basic,0,0,0,0,0.0,0.0,0.0
2024-09-01,Stonewall,TANF Basic,0,0,0,0,0.0,0.0,0.0
2024-09-01,Sutton,TANF Basic,0,0,0,0,0.0,0.0,0.0
2024-09-01,Swisher,TANF Basic,0,0,0,0,0.0,0.0,0.0
2024-09-01,Tarrant,TANF Basic,529,1363,1033,333,138114.57,260.99,101.35
2024-09-01,Taylor,TANF Basic,67,150,116,34,14432.99,214.23,96.41
2024-09-01,Terrell,TANF Basic,0,0,0,0,0.0,0.0,0.0
2024-09-01,Terry,TANF Basic,4,11,8,3,1296.79,298.35,117.81
2024-09-01,Throckmorton,TANF Basic,0,0,0,0,0.0,0.0,0.0
2024-09-01,Titus,TANF Basic,5,10,8,2,1158.7,213.26,116.96
2024-09-01,Tom Green,TANF Basic,27,58,47,11,6241.2,229.74,106.98
2024-09-01,Travis,TANF Basic,247,560,424,137,58655.46,237.79,104.69
2024-09-01,Trinity,TANF Basic,4,10,8,2,1104.75,254.17,111.52
2024-09-01,Tyler,TANF Basic,8,10,9,1,1169.48,153.75,118.05
2024-09-01,Upshur,TANF Basic,9,15,13,2,1538.45,176.97,99.83
2024-09-01,Upton,TANF Basic,0,0,0,0,0.0,0.0,0.0
2024-09-01,Uvalde,TANF Basic,14,32,25,7,2857.9,202.31,89.53
2024-09-01,Val Verde,TANF Basic,30,78,62,16,7559.57,248.46,96.73
2024-09-01,Van Zandt,TANF Basic,16,36,31,6,3396.25,208.36,93.5
2024-09-01,Victoria,TANF Basic,29,68,55,14,6445.11,219.68,94.44
2024-09-01,Walker,TANF Basic,21,46,38,8,4714.62,228.35,101.98
2024-09-01,Waller,TANF Basic,4,10,8,2,1104.75,254.17,111.52
2024-09-01,Ward,TANF Basic,2,2,2,0,248.14,114.18,112.72
2024-09-01,Washington,TANF Basic,9,32,25,7,3005.7,345.76,94.16
2024-09-01,Webb,TANF Basic,121,338,309,27,28392.36,235.39,84.02
2024-09-01,Wharton,TANF Basic,4,10,8,2,1102.59,253.67,111.3
2024-09-01,Wheeler,TANF Basic,0,0,0,0,0.0,0.0,0.0
2024-09-01,Wichita,TANF Basic,57,123,94,30,13452.3,238.07,109.12
2024-09-01,Wilbarger,TANF Basic,1,2,1,1,329.05,302.82,149.47
2024-09-01,Willacy,TANF Basic,10,34,28,6,3204.21,327.64,93.9
2024-09-01,Williamson,TANF Basic,76,186,137,49,18935.07,248.93,101.79
2024-09-01,Wilson,TANF Basic,9,18,12,6,2192.24,252.18,124.48
2024-09-01,Winkler,TANF Basic,0,0,0,0,0.0,0.0,0.0
2024-09-01,Wise,TANF Basic,14,31,24,7,3099.56,219.42,100.57
2024-09-01,Wood,TANF Basic,10,25,21,5,2389.67,244.35,94.39
2024-09-01,Yoakum,TANF Basic,0,0,0,0,0.0,0.0,0.0
2024-09-01,Young,TANF Basic,4,8,7,1,801.59,184.42,104.04
2024-09-01,Zapata,TANF Basic,5,17,14,2,1591.32,292.89,96.38
2024-09-01,Zavala,TANF Basic,11,26,22,5,2424.2,223.09,91.77
2024-09-01,Anderson,TANF State Program,1,3,1,2,239.85,214.63,70.86
2024-09-01,Andrews,TANF State Program,0,0,0,0,0.0,0.0,0.0
2024-09-01,Angelina,TANF State Program,0,0,0,0,0.0,0.0,0.0
2024-09-01,Aransas,TANF State Program,0,0,0,0,0.0,0.0,0.0
2024-09-01,Archer,TANF State Program,0,0,0,0,0.0,0.0,0.0
2024-09-01,Armstrong,TANF State Program,0,0,0,0,0.0,0.0,0.0
2024-09-01,Atascosa,TANF State Program,2,8,4,3,716.28,320.48,90.7
2024-09-01,Austin,TANF State Program,0,0,0,0,0.0,0.0,0.0
2024-09-01,Bailey,TANF State Program,0,0,0,0,0.0,0.0,0.0
2024-09-01,Bandera,TANF State Program,0,0,0,0,0.0,0.0,0.0
2024-09-01,Bastrop,TANF State Program,2,9,4,5,813.31,363.9,90.11
2024-09-01,Baylor,TANF State Program,0,0,0,0,0.0,0.0,0.0
2024-09-01,Bee,TANF State Program,1,7,4,2,601.8,538.53,88.9
2024-09-01,Bell,TANF State Program,13,53,29,24,4752.28,354.39,89.62
2024-09-01,Bexar,TANF State Program,34,123,68,55,11228.2,334.92,91.3
2024-09-01,Blanco,TANF State Program,0,0,0,0,0.0,0.0,0.0
2024-09-01,Borden,TANF State Program,0,0,0,0,0.0,0.0,0.0
2024-09-01,Bosque,TANF State Program,0,0,0,0,0.0,0.0,0.0
2024-09-01,Bowie,TANF State Program,1,3,1,2,420.83,376.58,124.33
2024-09-01,Brazoria,TANF State Program,2,11,7,5,662.85,296.58,58.75
2024-09-01,Brazos,TANF State Program,0,0,0,0,0.0,0.0,0.0
2024-09-01,Brewster,TANF State Program,0,0,0,0,0.0,0.0,0.0
2024-09-01,Briscoe,TANF State Program,0,0,0,0,0.0,0.0,0.0
2024-09-01,Brooks,TANF State Program,0,0,0,0,0.0,0.0,0.0
2024-09-01,Brown,TANF State Program,0,0,0,0,0.0,0.0,0.0
2024-09-01,Burleson,TANF State Program,0,0,0,0,0.0,0.0,0.0
2024-09-01,Burnet,TANF State Program,1,1,1,0,131.92,118.05,116.92
2024-09-01,Caldwell,TANF State Program,0,0,0,0,0.0,0.0,0.0
2024-09-01,Calhoun,TANF State Program,0,0,0,0,0.0,0.0,0.0
2024-09-01,Callahan,TANF State Program,0,0,0,0,0.0,0.0,0.0
2024-09-01,Cameron,TANF State Program,9,28,12,16,2987.21,334.14,105.91
2024-09-01,Camp,TANF State Program,0,0,0,0,0.0,0.0,0.0
2024-09-01,Carson,TANF State Program,0,0,0,0,0.0,0.0,0.0
2024-09-01,Cass,TANF State Program,0,0,0,0,0.0,0.0,0.0
2024-09-01,Castro,TANF State Program,0,0,0,0,0.0,0.0,0.0
2024-09-01,Chambers,TANF State Program,0,0,0,0,0.0,0.0,0.0
2024-09-01,Cherokee,TANF State Program,1,2,1,1,332.52,297.56,147.36
2024-09-01,Childress,TANF State Program,0,0,0,0,0.0,0.0,0.0
2024-09-01,Clay,TANF State Program,0,0,0,0,0.0,0.0,0.0
2024-09-01,Cochran,TANF State Program,0,0,0,0,0.0,0.0,0.0
2024-09-01,Coke,TANF State Program,0,0,0,0,0.0,0.0,0.0
2024-09-01,Coleman,TANF State Program,0,0,0,0,0.0,0.0,0.0
2024-09-01,Collin,TANF State Program,8,24,17,7,2153.19,275.26,90.88
2024-09-01,Collingsworth,TANF State Program,0,0,0,0,0.0,0.0,0.0
2024-09-01,Colorado,TANF State Program,0,0,0,0,0.0,0.0,0.0
2024-09-01,Comal,TANF State Program,0,0,0,0,0.0,0.0,0.0
2024-09-01,Comanche,TANF State Program,0,0,0,0,0.0,0.0,0.0
2024-09-01,Concho,TANF State Program,0,0,0,0,0.0,0.0,0.0
2024-09-01,Cooke,TANF State Program,0,0,0,0,0.0,0.0,0.0
2024-09-01,Coryell,TANF State Program,2,8,3,5,893.98,400.0,113.2
2024-09-01,Cottle,TANF State Program,0,0,0,0,0.0,0.0,0.0
2024-09-01,Crane,TANF State Program,0,0,0,0,0.0,0.0,0.0
2024-09-01,Crockett,TANF State Program,0,0,0,0,0.0,0.0,0.0
2024-09-01,Crosby,TANF State Program,0,0,0,0,0.0,0.0,0.0
2024-09-01,Culberson,TANF State Program,0,0,0,0,0.0,0.0,0.0
2024-09-01,Dallam,TANF State Program,0,0,0,0,0.0,0.0,0.0
2024-09-01,Dallas,TANF State Program,27,109,58,51,9602.67,358.04,87.75
2024-09-01,Dawson,TANF State Program,0,0,0,0,0.0,0.0,0.0
2024-09-01,Deaf Smith,TANF State Program,1,8,6,2,404.47,361.95,51.21
2024-09-01,Delta,TANF State Program,0,0,0,0,0.0,0.0,0.0
2024-09-01,Denton,TANF State Program,7,20,9,11,2475.89,369.26,121.92
2024-09-01,Dewitt,TANF State Program,1,6,3,2,548.38,490.73,97.21
2024-09-01,Dickens,TANF State Program,0,0,0,0,0.0,0.0,0.0
2024-09-01,Dimmit,TANF State Program,0,0,0,0,0.0,0.0,0.0
2024-09-01,Donley,TANF State Program,0,0,0,0,0.0,0.0,0.0
2024-09-01,Duval,TANF State Program,1,3,2,1,384.85,344.39,113.7
2024-09-01,Eastland,TANF State Program,0,0,0,0,0.0,0.0,0.0
2024-09-01,Ector,TANF State Program,3,11,4,7,964.85,287.8,85.52
2024-09-01,Edwards,TANF State Program,0,0,0,0,0.0,0.0,0.0
2024-09-01,El Paso,TANF State Program,17,68,36,32,6377.8,380.48,94.22
2024-09-01,Ellis,TANF State Program,2,7,2,5,841.65,376.58,124.33
2024-09-01,Erath,TANF State Program,0,0,0,0,0.0,0.0,0.0
2024-09-01,Falls,TANF State Program,0,0,0,0,0.0,0.0,0.0
2024-09-01,Fannin,TANF State Program,2,8,4,3,770.79,344.87,97.6
2024-09-01,Fayette,TANF State Program,0,0,0,0,0.0,0.0,0.0
2024-09-01,Fisher,TANF State Program,0,0,0,0,0.0,0.0,0.0
2024-09-01,Floyd,TANF State Program,0,0,0,0,0.0,0.0,0.0
2024-09-01,Foard,TANF State Program,0,0,0,0,0.0,0.0,0.0
2024-09-01,Fort Bend,TANF State Program,4,14,9,5,1338.79,299.51,98.89
2024-09-01,Franklin,TANF State Program,0,0,0,0,0.0,0.0,0.0
2024-09-01,Freestone,TANF State Program,0,0,0,0,0.0,0.0,0.0
2024-09-01,Frio,TANF State Program,1,5,2,2,188.61,168.78,41.79
2024-09-01,Gaines,TANF State Program,0,0,0,0,0.0,0.0,0.0
2024-09-01,Galveston,TANF State Program,0,0,0,0,0.0,0.0,0.0
2024-09-01,Garza,TANF State Program,0,0,0,0,0.0,0.0,0.0
2024-09-01,Gillespie,TANF State Program,0,0,0,0,0.0,0.0,0.0
2024-09-01,Glasscock,TANF State Program,0,0,0,0,0.0,0.0,0.0
2024-09-01,Goliad,TANF State Program,0,0,0,0,0.0,0.0,0.0
2024-09-01,Gonzales,TANF State Program,0,0,0,0,0.0,0.0,0.0
2024-09-01,Gray,TANF State Program,0,0,0,0,0.0,0.0,0.0
2024-09-01,Grayson,TANF State Program,1,3,2,1,384.85,344.39,113.7
2024-09-01,Gregg,TANF State Program,4,16,10,6,1559.02,348.78,98.7
2024-09-01,Grimes,TANF State Program,0,0,0,0,0.0,0.0,0.0
2024-09-01,Guadalupe,TANF State Program,3,10,7,3,1047.7,312.52,103.18
2024-09-01,Hale,TANF State Program,3,11,6,6,1121.84,334.63,99.43
2024-09-01,Hall,TANF State Program,0,0,0,0,0.0,0.0,0.0
2024-09-01,Hamilton,TANF State Program,0,0,0,0,0.0,0.0,0.0
2024-09-01,Hansford,TANF State Program,0,0,0,0,0.0,0.0,0.0
2024-09-01,Hardeman,TANF State Program,0,0,0,0,0.0,0.0,0.0
2024-09-01,Hardin,TANF State Program,1,2,2,0,189.7,169.75,84.07
2024-09-01,Harris,TANF State Program,22,94,62,32,8199.56,366.87,87.56
2024-09-01,Harrison,TANF State Program,1,5,2,2,473.16,423.41,104.85
2024-09-01,Hartley,TANF State Program,0,0,0,0,0.0,0.0,0.0
2024-09-01,Haskell,TANF State Program,0,0,0,0,0.0,0.0,0.0
2024-09-01,Hays,TANF State Program,3,15,8,7,1495.78,446.17,101.98
2024-09-01,Hemphill,TANF State Program,0,0,0,0,0.0,0.0,0.0
2024-09-01,Henderson,TANF State Program,0,0,0,0,0.0,0.0,0.0
2024-09-01,Hidalgo,TANF State Program,20,83,50,33,7317.57,363.79,87.65
2024-09-01,Hill,TANF State Program,0,0,0,0,0.0,0.0,0.0
2024-09-01,Hockley,TANF State Program,0,0,0,0,0.0,0.0,0.0
2024-09-01,Hood,TANF State Program,0,0,0,0,0.0,0.0,0.0
2024-09-01,Hopkins,TANF State Program,1,3,1,2,420.83,376.58,124.33
2024-09-01,Houston,TANF State Program,0,0,0,0,0.0,0.0,0.0
2024-09-01,Howard,TANF State Program,1,5,2,2,311.8,279.02,69.09
2024-09-01,Hudspeth,TANF State Program,0,0,0,0,0.0,0.0,0.0
2024-09-01,Hunt,TANF State Program,0,0,0,0,0.0,0.0,0.0
2024-09-01,Hutchinson,TANF State Program,0,0,0,0,0.0,0.0,0.0
2024-09-01,Irion,TANF State Program,0,0,0,0,0.0,0.0,0.0
2024-09-01,Jack,TANF State Program,0,0,0,0,0.0,0.0,0.0
2024-09-01,Jackson,TANF State Program,0,0,0,0,0.0,0.0,0.0
2024-09-01,Jasper,TANF State Program,0,0,0,0,0.0,0.0,0.0
2024-09-01,Jeff Davis,TANF State Program,0,0,0,0,0.0,0.0,0.0
2024-09-01,Jefferson,TANF State Program,6,21,13,8,1979.84,354.34,92.36
2024-09-01,Jim Hogg,TANF State Program,0,0,0,0,0.0,0.0,0.0
2024-09-01,Jim Wells,TANF State Program,0,0,0,0,0.0,0.0,0.0
2024-09-01,Johnson,TANF State Program,0,0,0,0,0.0,0.0,0.0
2024-09-01,Jones,TANF State Program,0,0,0,0,0.0,0.0,0.0
2024-09-01,Karnes,TANF State Program,0,0,0,0,0.0,0.0,0.0
2024-09-01,Kaufman,TANF State Program,2,10,7,3,934.32,418.04,92.01
2024-09-01,Kendall,TANF State Program,0,0,0,0,0.0,0.0,0.0
2024-09-01,Kenedy,TANF State Program,0,0,0,0,0.0,0.0,0.0
2024-09-01,Kent,TANF State Program,0,0,0,0,0.0,0.0,0.0
2024-09-01,Kerr,TANF State Program,0,0,0,0,0.0,0.0,0.0
2024-09-01,Kimble,TANF State Program,0,0,0,0,0.0,0.0,0.0
2024-09-01,King,TANF State Program,0,0,0,0,0.0,0.0,0.0
2024-09-01,Kinney,TANF State Program,0,0,0,0,0.0,0.0,0.0
2024-09-01,Kleberg,TANF State Program,1,3,2,1,384.85,344.39,113.7
2024-09-01,Knox,TANF State Program,0,0,0,0,0.0,0.0,0.0
2024-09-01,La Salle,TANF State Program,0,0,0,0,0.0,0.0,0.0
2024-09-01,Lamar,TANF State Program,1,5,2,2,473.16,423.41,104.85
2024-09-01,Lamb,TANF State Program,1,7,4,2,137.37,122.93,20.29
2024-09-01,Lampasas,TANF State Program,0,0,0,0,0.0,0.0,0.0
2024-09-01,Lavaca,TANF State Program,0,0,0,0,0.0,0.0,0.0
2024-09-01,Lee,TANF State Program,0,0,0,0,0.0,0.0,0.0
2024-09-01,Leon,TANF State Program,0,0,0,0,0.0,0.0,0.0
2024-09-01,Liberty,TANF State Program,1,5,3,1,458.98,410.73,101.7
2024-09-01,Limestone,TANF State Program,1,5,2,2,330.34,295.61,73.2
2024-09-01,Lipscomb,TANF State Program,0,0,0,0,0.0,0.0,0.0
2024-09-01,Live Oak,TANF State Program,1,3,1,2,420.83,376.58,124.33
2024-09-01,Llano,TANF State Program,0,0,0,0,0.0,0.0,0.0
2024-09-01,Loving,TANF State Program,0,0,0,0,0.0,0.0,0.0
2024-09-01,Lubbock,TANF State Program,2,12,8,5,1148.0,513.65,92.5
2024-09-01,Lynn,TANF State Program,0,0,0,0,0.0,0.0,0.0
2024-09-01,Madison,TANF State Program,0,0,0,0,0.0,0.0,0.0
2024-09-01,Marion,TANF State Program,1,5,2,2,473.16,423.41,104.85
2024-09-01,Martin,TANF State Program,0,0,0,0,0.0,0.0,0.0
2024-09-01,Mason,TANF State Program,0,0,0,0,0.0,0.0,0.0
2024-09-01,Matagorda,TANF State Program,0,0,0,0,0.0,0.0,0.0
2024-09-01,Maverick,TANF State Program,0,0,0,0,0.0,0.0,0.0
2024-09-01,Mcculloch,TANF State Program,0,0,0,0,0.0,0.0,0.0
2024-09-01,Mclennan,TANF State Program,3,15,8,7,1357.33,404.87,92.54
2024-09-01,Mcmullen,TANF State Program,0,0,0,0,0.0,0.0,0.0
2024-09-01,Medina,TANF State Program,0,0,0,0,0.0,0.0,0.0
2024-09-01,Menard,TANF State Program,0,0,0,0,0.0,0.0,0.0
2024-09-01,Midland,TANF State Program,1,5,2,2,473.16,423.41,104.85
2024-09-01,Milam,TANF State Program,0,0,0,0,0.0,0.0,0.0
2024-09-01,Mills,TANF State Program,0,0,0,0,0.0,0.0,0.0
2024-09-01,Mitchell,TANF State Program,0,0,0,0,0.0,0.0,0.0
2024-09-01,Montague,TANF State Program,0,0,0,0,0.0,0.0,0.0
2024-09-01,Montgomery,TANF State Program,4,16,10,6,1548.12,346.34,98.01
2024-09-01,Moore,TANF State Program,1,3,1,2,420.83,376.58,124.33
2024-09-01,Morris,TANF State Program,0,0,0,0,0.0,0.0,0.0
2024-09-01,Motley,TANF State Program,0,0,0,0,0.0,0.0,0.0
2024-09-01,Nacogdoches,TANF State Program,0,0,0,0,0.0,0.0,0.0
2024-09-01,Navarro,TANF State Program,1,5,2,2,473.16,423.41,104.85
2024-09-01,Newton,TANF State Program,1,2,0,2,255.11,228.29,113.06
2024-09-01,Nolan,TANF State Program,0,0,0,0,0.0,0.0,0.0
2024-09-01,Nueces,TANF State Program,9,28,16,12,2858.56,319.75,101.35
2024-09-01,Ochiltree,TANF State Program,0,0,0,0,0.0,0.0,0.0
2024-09-01,Oldham,TANF State Program,0,0,0,0,0.0,0.0,0.0
2024-09-01,Orange,TANF State Program,0,0,0,0,0.0,0.0,0.0
2024-09-01,Palo Pinto,TANF State Program,0,0,0,0,0.0,0.0,0.0
2024-09-01,Panola,TANF State Program,0,0,0,0,0.0,0.0,0.0
2024-09-01,Parker,TANF State Program,3,14,7,7,1442.36,430.24,106.54
2024-09-01,Parmer,TANF State Program,0,0,0,0,0.0,0.0,0.0
2024-09-01,Pecos,TANF State Program,0,0,0,0,0.0,0.0,0.0
2024-09-01,Polk,TANF State Program,1,3,1,2,264.92,237.07,78.27
2024-09-01,Potter,TANF State Program,3,15,9,6,1024.81,305.69,69.87
2024-09-01,Presidio,TANF State Program,0,0,0,0,0.0,0.0,0.0
2024-09-01,Rains,TANF State Program,0,0,0,0,0.0,0.0,0.0
2024-09-01,Randall,TANF State Program,2,6,1,5,173.35,77.56,30.73
2024-09-01,Reagan,TANF State Program,0,0,0,0,0.0,0.0,0.0
2024-09-01,Real,TANF State Program,0,0,0,0,0.0,0.0,0.0
2024-09-01,Red River,TANF State Program,2,8,3,5,893.98,400.0,113.2
2024-09-01,Reeves,TANF State Program,0,0,0,0,0.0,0.0,0.0
2024-09-01,Refugio,TANF State Program,0,0,0,0,0.0,0.0,0.0
2024-09-01,Roberts,TANF State Program,0,0,0,0,0.0,0.0,0.0
2024-09-01,Robertson,TANF State Program,0,0,0,0,0.0,0.0,0.0
2024-09-01,Rockwall,TANF State Program,2,7,2,5,618.16,276.58,91.32
2024-09-01,Runnels,TANF State Program,0,0,0,0,0.0,0.0,0.0
2024-09-01,Rusk,TANF State Program,1,3,1,2,420.83,376.58,124.33
2024-09-01,Sabine,TANF State Program,0,0,0,0,0.0,0.0,0.0
2024-09-01,San Jacinto,TANF State Program,0,0,0,0,0.0,0.0,0.0
2024-09-01,San Juneine,TANF State Program,0,0,0,0,0.0,0.0,0.0
2024-09-01,San Patricio,TANF State Program,1,3,2,1,384.85,344.39,113.7
2024-09-01,San Saba,TANF State Program,0,0,0,0,0.0,0.0,0.0
2024-09-01,Schleicher,TANF State Program,0,0,0,0,0.0,0.0,0.0
2024-09-01,Scurry,TANF State Program,0,0,0,0,0.0,0.0,0.0
2024-09-01,Shackelford,TANF State Program,0,0,0,0,0.0,0.0,0.0
2024-09-01,Shelby,TANF State Program,0,0,0,0,0.0,0.0,0.0
2024-09-01,Sherman,TANF State Program,0,0,0,0,0.0,0.0,0.0
2024-09-01,Smith,TANF State Program,2,7,3,3,805.67,360.48,119.02
2024-09-01,Somervell,TANF State Program,1,2,1,1,332.52,297.56,147.36
2024-09-01,Starr,TANF State Program,0,0,0,0,0.0,0.0,0.0
2024-09-01,Stephens,TANF State Program,0,0,0,0,0.0,0.0,0.0
2024-09-01,Sterling,TANF State Program,0,0,0,0,0.0,0.0,0.0
2024-09-01,Stonewall,TANF State Program,0,0,0,0,0.0,0.0,0.0
2024-09-01,Sutton,TANF State Program,0,0,0,0,0.0,0.0,0.0
2024-09-01,Swisher,TANF State Program,0,0,0,0,0.0,0.0,0.0
2024-09-01,Tarrant,TANF State Program,17,62,30,32,6075.81,362.47,97.91
2024-09-01,Taylor,TANF State Program,2,9,4,5,969.21,433.65,107.38
2024-09-01,Terrell,TANF State Program,0,0,0,0,0.0,0.0,0.0
2024-09-01,Terry,TANF State Program,0,0,0,0,0.0,0.0,0.0
2024-09-01,Throckmorton,TANF State Program,0,0,0,0,0.0,0.0,0.0
2024-09-01,Titus,TANF State Program,0,0,0,0,0.0,0.0,0.0
2024-09-01,Tom Green,TANF State Program,2,11,7,5,1095.67,490.24,97.11
2024-09-01,Travis,TANF State Program,21,72,30,42,8069.82,380.07,111.76
2024-09-01,Trinity,TANF State Program,0,0,0,0,0.0,0.0,0.0
2024-09-01,Tyler,TANF State Program,0,0,0,0,0.0,0.0,0.0
2024-09-01,Upshur,TANF State Program,0,0,0,0,0.0,0.0,0.0
2024-09-01,Upton,TANF State Program,0,0,0,0,0.0,0.0,0.0
2024-09-01,Uvalde,TANF State Program,0,0,0,0,0.0,0.0,0.0
2024-09-01,Val Verde,TANF State Program,1,8,6,2,674.85,603.9,85.45
2024-09-01,Van Zandt,TANF State Program,0,0,0,0,0.0,0.0,0.0
2024-09-01,Victoria,TANF State Program,1,7,6,1,589.81,527.8,87.13
2024-09-01,Walker,TANF State Program,1,2,0,2,83.95,75.12,37.2
2024-09-01,Waller,TANF State Program,0,0,0,0,0.0,0.0,0.0
2024-09-01,Ward,TANF State Program,0,0,0,0,0.0,0.0,0.0
2024-09-01,Washington,TANF State Program,0,0,0,0,0.0,0.0,0.0
2024-09-01,Webb,TANF State Program,1,3,1,2,420.83,376.58,124.33
2024-09-01,Wharton,TANF State Program,0,0,0,0,0.0,0.0,0.0
2024-09-01,Wheeler,TANF State Program,1,3,1,2,420.83,376.58,124.33
2024-09-01,Wichita,TANF State Program,1,7,4,2,601.8,538.53,88.9
2024-09-01,Wilbarger,TANF State Program,1,3,1,2,420.83,376.58,124.33
2024-09-01,Willacy,TANF State Program,0,0,0,0,0.0,0.0,0.0
2024-09-01,Williamson,TANF State Program,8,26,12,14,2287.29,292.4,88.15
2024-09-01,Wilson,TANF State Program,0,0,0,0,0.0,0.0,0.0
2024-09-01,Winkler,TANF State Program,0,0,0,0,0.0,0.0,0.0
2024-09-01,Wise,TANF State Program,1,7,4,2,601.8,538.53,88.9
2024-09-01,Wood,TANF State Program,1,5,3,1,462.25,413.65,102.43
2024-09-01,Yoakum,TANF State Program,0,0,0,0,0.0,0.0,0.0
2024-09-01,Young,TANF State Program,1,5,2,2,297.63,266.34,65.95
2024-09-01,Zapata,TANF State Program,0,0,0,0,0.0,0.0,0.0
2024-09-01,Zavala,TANF State Program,0,0,0,0,0.0,0.0,0.0
2024-10-01,Anderson,TANF Basic,22,52,37,15,5573.52,256.5,107.95
2024-10-01,Andrews,TANF Basic,2,8,5,2,585.78,269.58,76.18
2024-10-01,Angelina,TANF Basic,30,81,66,15,7721.73,253.83,94.99
2024-10-01,Aransas,TANF Basic,13,32,24,8,3590.05,275.36,112.69
2024-10-01,Archer,TANF Basic,1,1,1,0,135.68,124.88,123.51
2024-10-01,Armstrong,TANF Basic,0,0,0,0,0.0,0.0,0.0
2024-10-01,Atascosa,TANF Basic,26,70,58,13,6967.97,267.22,99.11
2024-10-01,Austin,TANF Basic,4,7,3,3,990.66,227.95,150.3
2024-10-01,Bailey,TANF Basic,1,1,1,0,135.68,124.88,123.51
2024-10-01,Bandera,TANF Basic,1,3,2,1,398.42,366.71,120.9
2024-10-01,Bastrop,TANF Basic,27,56,42,14,6227.13,229.26,111.15
2024-10-01,Baylor,TANF Basic,5,14,13,1,1306.16,240.44,91.46
2024-10-01,Bee,TANF Basic,15,36,28,8,3431.76,225.62,94.67
2024-10-01,Bell,TANF Basic,233,581,417,166,65085.0,279.93,112.0
2024-10-01,Bexar,TANF Basic,657,1663,1283,382,175307.3,266.7,105.41
2024-10-01,Blanco,TANF Basic,1,5,4,1,52.76,48.56,9.61
2024-10-01,Borden,TANF Basic,0,0,0,0,0.0,0.0,0.0
2024-10-01,Bosque,TANF Basic,2,2,1,1,301.5,138.75,137.23
2024-10-01,Bowie,TANF Basic,46,103,85,18,10014.24,219.46,96.98
2024-10-01,Brazoria,TANF Basic,46,92,77,15,9971.17,218.51,108.06
2024-10-01,Brazos,TANF Basic,66,174,135,39,17644.44,266.23,101.66
2024-10-01,Brewster,TANF Basic,1,3,2,1,51.69,47.57,15.68
2024-10-01,Briscoe,TANF Basic,0,0,0,0,0.0,0.0,0.0
2024-10-01,Brooks,TANF Basic,7,11,8,3,1448.3,222.17,131.84
2024-10-01,Brown,TANF Basic,13,23,16,7,2549.86,195.58,110.53
2024-10-01,Burleson,TANF Basic,4,13,11,2,885.13,203.67,67.15
2024-10-01,Burnet,TANF Basic,10,23,17,6,2052.38,209.89,88.97
2024-10-01,Caldwell,TANF Basic,9,18,14,3,1306.16,150.27,74.32
2024-10-01,Calhoun,TANF Basic,2,7,7,0,523.32,240.84,79.4
2024-10-01,Callahan,TANF Basic,0,0,0,0,0.0,0.0,0.0
2024-10-01,Cameron,TANF Basic,424,1040,930,106,95898.7,226.32,92.19
2024-10-01,Camp,TANF Basic,4,8,5,2,1020.81,234.89,132.75
2024-10-01,Carson,TANF Basic,2,4,3,1,456.56,210.11,103.91
2024-10-01,Cass,TANF Basic,7,15,13,2,1610.89,247.11,104.75
2024-10-01,Castro,TANF Basic,3,9,8,1,861.44,264.29,98.02
2024-10-01,Chambers,TANF Basic,8,11,9,2,1250.16,164.38,113.81
2024-10-01,Cherokee,TANF Basic,17,42,34,8,4165.06,239.6,99.78
2024-10-01,Childress,TANF Basic,2,3,2,1,480.25,221.01,145.73
2024-10-01,Clay,TANF Basic,3,5,4,1,562.09,172.45,102.34
2024-10-01,Cochran,TANF Basic,0,0,0,0,0.0,0.0,0.0
2024-10-01,Coke,TANF Basic,0,0,0,0,0.0,0.0,0.0
2024-10-01,Coleman,TANF Basic,2,5,4,1,619.16,284.94,112.73
2024-10-01,Collin,TANF Basic,163,416,316,101,44090.64,270.54,105.9
2024-10-01,Collingsworth,TANF Basic,0,0,0,0,0.0,0.0,0.0
2024-10-01,Colorado,TANF Basic,2,3,1,2,244.43,112.49,74.17
2024-10-01,Comal,TANF Basic,21,48,37,11,5333.39,258.36,110.34
2024-10-01,Comanche,TANF Basic,5,13,10,3,1397.69,257.29,106.03
2024-10-01,Concho,TANF Basic,0,0,0,0,0.0,0.0,0.0
2024-10-01,Cooke,TANF Basic,13,34,25,9,4001.39,306.91,117.5
2024-10-01,Coryell,TANF Basic,20,43,31,13,5275.24,269.74,123.13
2024-10-01,Cottle,TANF Basic,0,0,0,0,0.0,0.0,0.0
2024-10-01,Crane,TANF Basic,0,0,0,0,0.0,0.0,0.0
2024-10-01,Crockett,TANF Basic,1,3,2,1,398.42,366.71,120.9
2024-10-01,Crosby,TANF Basic,0,0,0,0,0.0,0.0,0.0
2024-10-01,Culberson,TANF Basic,1,1,1,0,135.68,124.88,123.51
2024-10-01,Dallam,TANF Basic,0,0,0,0,0.0,0.0,0.0
2024-10-01,Dallas,TANF Basic,945,2406,1820,590,256392.47,271.25,106.58
2024-10-01,Dawson,TANF Basic,8,24,19,6,2665.08,350.42,110.28
2024-10-01,Deaf Smith,TANF Basic,7,16,13,3,1823.02,279.65,110.64
2024-10-01,Delta,TANF Basic,2,8,7,1,727.92,334.99,94.66
2024-10-01,Denton,TANF Basic,130,341,261,80,34342.37,263.41,100.85
2024-10-01,Dewitt,TANF Basic,4,9,9,0,762.37,175.42,86.75
2024-10-01,Dickens,TANF Basic,1,2,1,1,344.58,317.15,156.84
2024-10-01,Dimmit,TANF Basic,2,4,4,0,410.26,188.8,93.37
2024-10-01,Donley,TANF Basic,2,7,5,1,286.43,131.82,43.46
2024-10-01,Duval,TANF Basic,4,11,8,3,1276.01,293.61,116.16
2024-10-01,Eastland,TANF Basic,7,13,11,2,1397.69,214.41,106.03
2024-10-01,Ector,TANF Basic,52,123,95,28,13706.58,262.83,111.41
2024-10-01,Edwards,TANF Basic,0,0,0,0,0.0,0.0,0.0
2024-10-01,El Paso,TANF Basic,389,988,770,218,102740.69,264.14,104.04
2024-10-01,Ellis,TANF Basic,30,80,63,17,8084.61,265.76,100.82
2024-10-01,Erath,TANF Basic,11,23,17,6,2316.2,213.18,100.41
2024-10-01,Falls,TANF Basic,5,14,10,5,1463.37,269.38,102.47
2024-10-01,Fannin,TANF Basic,16,34,23,11,4460.1,273.67,130.97
2024-10-01,Fayette,TANF Basic,2,3,2,1,388.72,178.89,117.96
2024-10-01,Fisher,TANF Basic,1,1,1,0,135.68,124.88,123.51
2024-10-01,Floyd,TANF Basic,0,0,0,0,0.0,0.0,0.0
2024-10-01,Foard,TANF Basic,0,0,0,0,0.0,0.0,0.0
2024-10-01,Fort Bend,TANF Basic,75,180,141,40,17557.22,234.2,97.46
2024-10-01,Franklin,TANF Basic,1,2,1,1,344.58,317.15,156.84
2024-10-01,Freestone,TANF Basic,9,24,19,6,2570.32,295.72,106.36
2024-10-01,Frio,TANF Basic,11,23,17,6,2753.38,253.42,119.36
2024-10-01,Gaines,TANF Basic,4,10,9,1,971.27,223.49,98.24
2024-10-01,Galveston,TANF Basic,68,153,125,27,15183.95,221.83,99.44
2024-10-01,Garza,TANF Basic,0,0,0,0,0.0,0.0,0.0
2024-10-01,Gillespie,TANF Basic,3,7,5,1,619.16,189.96,93.94
2024-10-01,Glasscock,TANF Basic,0,0,0,0,0.0,0.0,0.0
2024-10-01,Goliad,TANF Basic,5,11,8,3,1200.63,221.01,109.3
2024-10-01,Gonzales,TANF Basic,2,3,2,1,480.25,221.01,145.73
2024-10-01,Gray,TANF Basic,7,13,11,2,1440.76,221.01,109.3
2024-10-01,Grayson,TANF Basic,38,83,62,22,9246.48,243.16,110.76
2024-10-01,Gregg,TANF Basic,37,74,56,18,8443.19,228.56,114.72
2024-10-01,Grimes,TANF Basic,9,16,10,7,2107.3,242.45,127.89
2024-10-01,Guadalupe,TANF Basic,37,88,64,24,9560.9,258.82,108.8
2024-10-01,Hale,TANF Basic,10,25,17,8,3035.5,310.43,120.14
2024-10-01,Hall,TANF Basic,1,2,2,0,195.98,180.38,89.2
2024-10-01,Hamilton,TANF Basic,1,3,2,1,398.42,366.71,120.9
2024-10-01,Hansford,TANF Basic,1,2,1,1,161.52,148.66,73.52
2024-10-01,Hardeman,TANF Basic,3,5,5,0,527.63,161.88,96.06
2024-10-01,Hardin,TANF Basic,12,23,19,5,2654.31,222.1,115.06
2024-10-01,Harris,TANF Basic,1115,2596,2060,537,268187.73,240.59,103.32
2024-10-01,Harrison,TANF Basic,20,63,52,10,6179.75,315.99,98.7
2024-10-01,Hartley,TANF Basic,0,0,0,0,0.0,0.0,0.0
2024-10-01,Haskell,TANF Basic,2,4,3,1,445.8,205.16,101.46
2024-10-01,Hays,TANF Basic,32,92,65,27,10056.23,319.17,108.98
2024-10-01,Hemphill,TANF Basic,1,1,1,0,135.68,124.88,123.51
2024-10-01,Henderson,TANF Basic,27,60,45,16,7172.56,264.07,118.72
2024-10-01,Hidalgo,TANF Basic,1179,3309,3081,209,280223.12,237.71,84.69
2024-10-01,Hill,TANF Basic,9,14,11,3,1666.89,191.78,116.72
2024-10-01,Hockley,TANF Basic,8,19,15,3,2016.85,265.19,108.0
2024-10-01,Hood,TANF Basic,10,14,12,2,1364.31,139.52,95.54
2024-10-01,Hopkins,TANF Basic,11,34,29,5,3306.85,304.37,97.11
2024-10-01,Houston,TANF Basic,8,20,17,2,1901.63,250.04,96.17
2024-10-01,Howard,TANF Basic,5,15,12,3,1685.19,310.21,109.58
2024-10-01,Hudspeth,TANF Basic,1,2,1,1,344.58,317.15,156.84
2024-10-01,Hunt,TANF Basic,28,81,62,19,8529.33,301.94,104.93
2024-10-01,Hutchinson,TANF Basic,8,13,11,2,1234.01,162.26,93.61
2024-10-01,Irion,TANF Basic,1,2,2,0,195.98,180.38,89.2
2024-10-01,Jack,TANF Basic,1,3,2,1,398.42,366.71,120.9
2024-10-01,Jackson,TANF Basic,2,2,2,0,271.35,124.88,123.51
2024-10-01,Jasper,TANF Basic,17,34,29,5,3583.59,206.15,105.23
2024-10-01,Jeff Davis,TANF Basic,0,0,0,0,0.0,0.0,0.0
2024-10-01,Jefferson,TANF Basic,150,383,298,85,39250.43,261.79,102.38
2024-10-01,Jim Hogg,TANF Basic,1,1,1,0,135.68,124.88,123.51
2024-10-01,Jim Wells,TANF Basic,18,51,38,13,5432.45,294.12,107.51
2024-10-01,Johnson,TANF Basic,38,80,64,16,7154.26,188.14,89.22
2024-10-01,Jones,TANF Basic,4,15,11,5,1499.98,345.15,97.53
2024-10-01,Karnes,TANF Basic,7,19,17,1,1689.5,259.17,90.47
2024-10-01,Kaufman,TANF Basic,72,200,159,41,19889.57,277.37,99.48
2024-10-01,Kendall,TANF Basic,5,11,8,3,1333.08,245.4,121.35
2024-10-01,Kenedy,TANF Basic,0,0,0,0,0.0,0.0,0.0
2024-10-01,Kent,TANF Basic,0,0,0,0,0.0,0.0,0.0
2024-10-01,Kerr,TANF Basic,3,5,4,1,676.23,207.47,123.12
2024-10-01,Kimble,TANF Basic,0,0,0,0,0.0,0.0,0.0
2024-10-01,King,TANF Basic,0,0,0,0,0.0,0.0,0.0
2024-10-01,Kinney,TANF Basic,0,0,0,0,0.0,0.0,0.0
2024-10-01,Kleberg,TANF Basic,16,43,32,11,4081.07,250.42,95.26
2024-10-01,Knox,TANF Basic,0,0,0,0,0.0,0.0,0.0
2024-10-01,La Salle,TANF Basic,0,0,0,0,0.0,0.0,0.0
2024-10-01,Lamar,TANF Basic,42,85,66,18,9432.77,222.62,111.52
2024-10-01,Lamb,TANF Basic,4,13,12,1,615.93,141.73,46.73
2024-10-01,Lampasas,TANF Basic,8,10,7,3,1379.38,181.37,139.52
2024-10-01,Lavaca,TANF Basic,3,5,5,0,396.26,121.57,72.15
2024-10-01,Lee,TANF Basic,4,5,5,0,562.09,129.34,102.34
2024-10-01,Leon,TANF Basic,7,16,14,2,1614.12,247.61,97.96
2024-10-01,Liberty,TANF Basic,33,60,52,8,5749.03,176.38,95.16
2024-10-01,Limestone,TANF Basic,15,27,22,6,3309.01,217.55,120.49
2024-10-01,Lipscomb,TANF Basic,1,4,3,1,479.18,441.04,109.05
2024-10-01,Live Oak,TANF Basic,0,0,0,0,0.0,0.0,0.0
2024-10-01,Llano,TANF Basic,3,9,5,3,884.05,271.23,100.6
2024-10-01,Loving,TANF Basic,0,0,0,0,0.0,0.0,0.0
2024-10-01,Lubbock,TANF Basic,118,299,221,78,31312.26,264.4,104.8
2024-10-01,Lynn,TANF Basic,0,0,0,0,0.0,0.0,0.0
2024-10-01,Madison,TANF Basic,5,9,8,1,1007.88,185.53,114.69
2024-10-01,Marion,TANF Basic,2,2,2,0,271.35,124.88,123.51
2024-10-01,Martin,TANF Basic,3,7,4,2,740.84,227.29,112.4
2024-10-01,Mason,TANF Basic,0,0,0,0,0.0,0.0,0.0
2024-10-01,Matagorda,TANF Basic,10,26,23,3,2616.62,267.6,99.25
2024-10-01,Maverick,TANF Basic,22,69,53,16,6018.23,276.96,86.96
2024-10-01,Mcculloch,TANF Basic,1,1,0,1,165.83,152.63,150.96
2024-10-01,Mclennan,TANF Basic,93,219,169,50,23139.35,247.65,105.85
2024-10-01,Mcmullen,TANF Basic,0,0,0,0,0.0,0.0,0.0
2024-10-01,Medina,TANF Basic,8,14,12,2,1620.58,213.09,113.48
2024-10-01,Menard,TANF Basic,0,0,0,0,0.0,0.0,0.0
2024-10-01,Midland,TANF Basic,46,86,71,15,9067.73,198.71,105.83
2024-10-01,Milam,TANF Basic,4,11,10,1,1057.42,243.31,96.26
2024-10-01,Mills,TANF Basic,1,1,1,0,122.76,112.98,111.75
2024-10-01,Mitchell,TANF Basic,0,0,0,0,0.0,0.0,0.0
2024-10-01,Montague,TANF Basic,3,5,4,1,641.77,196.9,116.85
2024-10-01,Montgomery,TANF Basic,66,131,110,20,13619.36,205.5,104.19
2024-10-01,Moore,TANF Basic,10,23,19,5,2368.96,242.27,102.69
2024-10-01,Morris,TANF Basic,14,27,24,3,2731.84,193.42,99.48
2024-10-01,Motley,TANF Basic,0,0,0,0,0.0,0.0,0.0
2024-10-01,Nacogdoches,TANF Basic,25,58,45,14,6009.62,240.49,103.22
2024-10-01,Navarro,TANF Basic,21,43,34,9,4033.69,195.4,94.15
2024-10-01,Newton,TANF Basic,3,9,8,1,782.83,240.18,89.08
2024-10-01,Nolan,TANF Basic,3,8,8,0,692.38,212.42,90.04
2024-10-01,Nueces,TANF Basic,163,392,300,93,43595.31,267.5,111.17
2024-10-01,Ochiltree,TANF Basic,2,4,4,0,410.26,188.8,93.37
2024-10-01,Oldham,TANF Basic,0,0,0,0,0.0,0.0,0.0
2024-10-01,Orange,TANF Basic,33,79,61,18,8219.21,252.17,103.92
2024-10-01,Palo Pinto,TANF Basic,10,24,21,3,2087.91,213.53,86.4
2024-10-01,Panola,TANF Basic,11,29,21,8,3349.92,308.33,117.29
2024-10-01,Parker,TANF Basic,18,38,29,9,4004.62,216.82,104.16
2024-10-01,Parmer,TANF Basic,1,2,1,1,344.58,317.15,156.84
2024-10-01,Pecos,TANF Basic,0,0,0,0,0.0,0.0,0.0
2024-10-01,Polk,TANF Basic,21,35,29,6,4121.99,199.68,117.26
2024-10-01,Potter,TANF Basic,54,116,87,30,12828.99,236.16,110.18
2024-10-01,Presidio,TANF Basic,5,12,12,0,996.04,183.35,82.43
2024-10-01,Rains,TANF Basic,3,5,4,1,660.08,202.51,120.18
2024-10-01,Randall,TANF Basic,20,40,28,11,4882.21,249.65,123.46
2024-10-01,Reagan,TANF Basic,0,0,0,0,0.0,0.0,0.0
2024-10-01,Real,TANF Basic,0,0,0,0,0.0,0.0,0.0
2024-10-01,Red River,TANF Basic,8,16,13,3,1842.4,242.25,111.81
2024-10-01,Reeves,TANF Basic,7,18,13,5,2029.77,311.37,115.49
2024-10-01,Refugio,TANF Basic,1,2,2,0,147.52,135.78,67.15
2024-10-01,Roberts,TANF Basic,0,0,0,0,0.0,0.0,0.0
2024-10-01,Robertson,TANF Basic,15,41,28,13,4591.47,301.86,112.97
2024-10-01,Rockwall,TANF Basic,16,58,49,9,5274.16,323.63,90.59
2024-10-01,Runnels,TANF Basic,2,4,3,1,521.17,239.85,118.61
2024-10-01,Rusk,TANF Basic,7,12,9,3,1329.85,204.0,110.06
2024-10-01,Sabine,TANF Basic,4,8,7,1,872.21,200.7,113.43
2024-10-01,San Jacinto,TANF Basic,12,21,16,5,2447.57,204.8,117.27
2024-10-01,San Juneine,TANF Basic,1,1,1,0,135.68,124.88,123.51
2024-10-01,San Patricio,TANF Basic,28,71,49,23,7912.32,280.1,110.81
2024-10-01,San Saba,TANF Basic,1,4,3,1,479.18,441.04,109.05
2024-10-01,Schleicher,TANF Basic,1,2,1,1,344.58,317.15,156.84
2024-10-01,Scurry,TANF Basic,5,9,7,2,747.3,137.56,85.04
2024-10-01,Shackelford,TANF Basic,0,0,0,0,0.0,0.0,0.0
2024-10-01,Shelby,TANF Basic,11,20,16,3,2321.58,213.68,117.41
2024-10-01,Sherman,TANF Basic,0,0,0,0,0.0,0.0,0.0
2024-10-01,Smith,TANF Basic,41,104,80,25,10267.29,248.69,98.39
2024-10-01,Somervell,TANF Basic,0,0,0,0,0.0,0.0,0.0
2024-10-01,Starr,TANF Basic,62,171,151,19,15623.29,252.28,91.17
2024-10-01,Stephens,TANF Basic,3,7,4,2,721.46,221.34,0.0
2024-10-01,Sterling,TANF Basic,0,0,0,0,0.0,0.0,26.47
2024-10-01,Stonewall,TANF Basic,1,2,2,0,58.15,53.52,26.47
2024-10-01,Sutton,TANF Basic,0,0,0,0,0.0,0.0,0.0
2024-10-01,Swisher,TANF Basic,0,0,0,0,0.0,0.0,0.0
2024-10-01,Tarrant,TANF Basic,537,1392,1056,339,145230.13,270.59,104.35
2024-10-01,Taylor,TANF Basic,75,170,132,39,18089.16,241.3,106.24
2024-10-01,Terrell,TANF Basic,0,0,0,0,0.0,0.0,0.0
2024-10-01,Terry,TANF Basic,4,11,8,3,1332.0,306.5,121.26
2024-10-01,Throckmorton,TANF Basic,0,0,0,0,0.0,0.0,0.0
2024-10-01,Titus,TANF Basic,5,11,8,3,1419.22,261.25,129.2
2024-10-01,Tom Green,TANF Basic,26,56,45,11,6335.89,242.98,113.09
2024-10-01,Travis,TANF Basic,269,599,452,148,65782.77,244.14,109.88
2024-10-01,Trinity,TANF Basic,4,10,8,2,1155.41,265.86,116.87
2024-10-01,Tyler,TANF Basic,3,4,3,1,610.55,187.32,138.95
2024-10-01,Upshur,TANF Basic,10,20,15,5,1951.16,199.54,98.68
2024-10-01,Upton,TANF Basic,0,0,0,0,0.0,0.0,0.0
2024-10-01,Uvalde,TANF Basic,13,30,23,7,3262.7,250.25,110.01
2024-10-01,Val Verde,TANF Basic,34,88,69,19,8349.5,247.9,95.01
2024-10-01,Van Zandt,TANF Basic,15,29,24,5,2921.36,192.06,102.29
2024-10-01,Victoria,TANF Basic,30,76,60,16,7691.58,252.84,101.48
2024-10-01,Walker,TANF Basic,23,52,42,9,5649.97,247.63,109.43
2024-10-01,Waller,TANF Basic,3,9,7,2,1019.73,312.86,116.04
2024-10-01,Ward,TANF Basic,2,7,5,1,549.17,252.73,83.32
2024-10-01,Washington,TANF Basic,11,38,29,9,3682.65,338.95,95.78
2024-10-01,Webb,TANF Basic,123,331,303,26,29544.15,240.64,89.35
2024-10-01,Wharton,TANF Basic,2,4,2,2,516.86,237.86,117.63
2024-10-01,Wheeler,TANF Basic,0,0,0,0,0.0,0.0,0.0
2024-10-01,Wichita,TANF Basic,61,138,103,35,14800.61,243.26,106.93
2024-10-01,Wilbarger,TANF Basic,1,2,1,1,328.42,302.28,149.49
2024-10-01,Willacy,TANF Basic,9,33,27,6,3203.48,368.56,97.21
2024-10-01,Williamson,TANF Basic,78,188,138,50,20406.43,260.86,108.64
2024-10-01,Wilson,TANF Basic,8,16,11,6,2132.06,280.34,129.39
2024-10-01,Winkler,TANF Basic,0,0,0,0,0.0,0.0,0.0
2024-10-01,Wise,TANF Basic,13,31,23,8,3383.3,259.5,110.0
2024-10-01,Wood,TANF Basic,8,19,16,2,1894.09,249.05,101.43
2024-10-01,Yoakum,TANF Basic,0,0,0,0,0.0,0.0,0.0
2024-10-01,Young,TANF Basic,4,8,5,2,768.83,176.91,99.99
2024-10-01,Zapata,TANF Basic,5,16,14,2,1665.81,306.64,101.1
2024-10-01,Zavala,TANF Basic,12,32,26,6,2559.55,214.17,80.35
2024-10-01,Anderson,TANF State Program,0,0,0,0,0.0,0.0,0.0
2024-10-01,Andrews,TANF State Program,0,0,0,0,0.0,0.0,0.0
2024-10-01,Angelina,TANF State Program,0,0,0,0,0.0,0.0,0.0
2024-10-01,Aransas,TANF State Program,0,0,0,0,0.0,0.0,0.0
2024-10-01,Archer,TANF State Program,0,0,0,0,0.0,0.0,0.0
2024-10-01,Armstrong,TANF State Program,0,0,0,0,0.0,0.0,0.0
2024-10-01,Atascosa,TANF State Program,2,8,4,3,925.74,413.6,117.33
2024-10-01,Austin,TANF State Program,0,0,0,0,0.0,0.0,0.0
2024-10-01,Bailey,TANF State Program,0,0,0,0,0.0,0.0,0.0
2024-10-01,Bandera,TANF State Program,0,0,0,0,0.0,0.0,0.0
2024-10-01,Bastrop,TANF State Program,3,10,4,6,1212.85,361.25,119.56
2024-10-01,Baylor,TANF State Program,0,0,0,0,0.0,0.0,0.0
2024-10-01,Bee,TANF State Program,1,7,4,2,630.99,563.82,93.3
2024-10-01,Bell,TANF State Program,11,43,24,19,4325.2,386.48,100.98
2024-10-01,Bexar,TANF State Program,39,140,74,66,14408.96,367.86,103.09
2024-10-01,Blanco,TANF State Program,0,0,0,0,0.0,0.0,0.0
2024-10-01,Borden,TANF State Program,0,0,0,0,0.0,0.0,0.0
2024-10-01,Bosque,TANF State Program,0,0,0,0,0.0,0.0,0.0
2024-10-01,Bowie,TANF State Program,1,3,1,2,442.13,395.06,130.75
2024-10-01,Brazoria,TANF State Program,2,11,7,5,1127.7,503.83,100.05
2024-10-01,Brazos,TANF State Program,0,0,0,0,0.0,0.0,0.0
2024-10-01,Brewster,TANF State Program,0,0,0,0,0.0,0.0,0.0
2024-10-01,Briscoe,TANF State Program,0,0,0,0,0.0,0.0,0.0
2024-10-01,Brooks,TANF State Program,0,0,0,0,0.0,0.0,0.0
2024-10-01,Brown,TANF State Program,0,0,0,0,0.0,0.0,0.0
2024-10-01,Burleson,TANF State Program,0,0,0,0,0.0,0.0,0.0
2024-10-01,Burnet,TANF State Program,1,1,1,0,137.55,122.91,122.03
2024-10-01,Caldwell,TANF State Program,0,0,0,0,0.0,0.0,0.0
2024-10-01,Calhoun,TANF State Program,0,0,0,0,0.0,0.0,0.0
2024-10-01,Callahan,TANF State Program,0,0,0,0,0.0,0.0,0.0
2024-10-01,Cameron,TANF State Program,10,28,11,17,2992.27,297.08,106.19
2024-10-01,Camp,TANF State Program,0,0,0,0,0.0,0.0,0.0
2024-10-01,Carson,TANF State Program,0,0,0,0,0.0,0.0,0.0
2024-10-01,Cass,TANF State Program,1,2,1,1,349.33,312.15,154.96
2024-10-01,Castro,TANF State Program,0,0,0,0,0.0,0.0,0.0
2024-10-01,Chambers,TANF State Program,0,0,0,0,0.0,0.0,0.0
2024-10-01,Cherokee,TANF State Program,0,0,0,0,0.0,0.0,0.0
2024-10-01,Childress,TANF State Program,0,0,0,0,0.0,0.0,0.0
2024-10-01,Clay,TANF State Program,0,0,0,0,0.0,0.0,0.0
2024-10-01,Cochran,TANF State Program,0,0,0,0,0.0,0.0,0.0
2024-10-01,Coke,TANF State Program,0,0,0,0,0.0,0.0,0.0
2024-10-01,Coleman,TANF State Program,0,0,0,0,0.0,0.0,0.0
2024-10-01,Collin,TANF State Program,7,19,12,7,1938.81,288.74,101.18
2024-10-01,Collingsworth,TANF State Program,0,0,0,0,0.0,0.0,0.0
2024-10-01,Colorado,TANF State Program,0,0,0,0,0.0,0.0,0.0
2024-10-01,Comal,TANF State Program,0,0,0,0,0.0,0.0,0.0
2024-10-01,Comanche,TANF State Program,0,0,0,0,0.0,0.0,0.0
2024-10-01,Concho,TANF State Program,0,0,0,0,0.0,0.0,0.0
2024-10-01,Cooke,TANF State Program,0,0,0,0,0.0,0.0,0.0
2024-10-01,Coryell,TANF State Program,2,8,3,5,938.84,419.45,118.99
2024-10-01,Cottle,TANF State Program,0,0,0,0,0.0,0.0,0.0
2024-10-01,Crane,TANF State Program,0,0,0,0,0.0,0.0,0.0
2024-10-01,Crockett,TANF State Program,0,0,0,0,0.0,0.0,0.0
2024-10-01,Crosby,TANF State Program,0,0,0,0,0.0,0.0,0.0
2024-10-01,Culberson,TANF State Program,0,0,0,0,0.0,0.0,0.0
2024-10-01,Dallam,TANF State Program,0,0,0,0,0.0,0.0,0.0
2024-10-01,Dallas,TANF State Program,28,108,56,52,11262.76,402.56,104.09
2024-10-01,Dawson,TANF State Program,0,0,0,0,0.0,0.0,0.0
2024-10-01,Deaf Smith,TANF State Program,1,8,6,2,708.49,633.08,89.8
2024-10-01,Delta,TANF State Program,0,0,0,0,0.0,0.0,0.0
2024-10-01,Denton,TANF State Program,7,20,9,11,2601.45,387.42,128.22
2024-10-01,Dewitt,TANF State Program,0,0,0,0,0.0,0.0,0.0
2024-10-01,Dickens,TANF State Program,0,0,0,0,0.0,0.0,0.0
2024-10-01,Dimmit,TANF State Program,0,0,0,0,0.0,0.0,0.0
2024-10-01,Donley,TANF State Program,0,0,0,0,0.0,0.0,0.0
2024-10-01,Duval,TANF State Program,1,3,2,1,403.92,360.92,119.45
2024-10-01,Eastland,TANF State Program,0,0,0,0,0.0,0.0,0.0
2024-10-01,Ector,TANF State Program,4,12,6,7,1184.46,264.6,95.53
2024-10-01,Edwards,TANF State Program,0,0,0,0,0.0,0.0,0.0
2024-10-01,El Paso,TANF State Program,17,61,31,30,6475.79,385.76,106.39
2024-10-01,Ellis,TANF State Program,2,7,2,5,884.25,395.06,130.75
2024-10-01,Erath,TANF State Program,0,0,0,0,0.0,0.0,0.0
2024-10-01,Falls,TANF State Program,0,0,0,0,0.0,0.0,0.0
2024-10-01,Fannin,TANF State Program,2,8,4,3,925.74,413.6,117.33
2024-10-01,Fayette,TANF State Program,0,0,0,0,0.0,0.0,0.0
2024-10-01,Fisher,TANF State Program,0,0,0,0,0.0,0.0,0.0
2024-10-01,Floyd,TANF State Program,0,0,0,0,0.0,0.0,0.0
2024-10-01,Foard,TANF State Program,0,0,0,0,0.0,0.0,0.0
2024-10-01,Fort Bend,TANF State Program,3,8,6,2,793.64,236.39,100.59
2024-10-01,Franklin,TANF State Program,0,0,0,0,0.0,0.0,0.0
2024-10-01,Freestone,TANF State Program,0,0,0,0,0.0,0.0,0.0
2024-10-01,Frio,TANF State Program,1,5,2,2,496.71,443.84,110.17
2024-10-01,Gaines,TANF State Program,0,0,0,0,0.0,0.0,0.0
2024-10-01,Galveston,TANF State Program,1,3,1,2,397.37,355.07,117.51
2024-10-01,Garza,TANF State Program,0,0,0,0,0.0,0.0,0.0
2024-10-01,Gillespie,TANF State Program,0,0,0,0,0.0,0.0,0.0
2024-10-01,Glasscock,TANF State Program,0,0,0,0,0.0,0.0,0.0
2024-10-01,Goliad,TANF State Program,0,0,0,0,0.0,0.0,0.0
2024-10-01,Gonzales,TANF State Program,0,0,0,0,0.0,0.0,0.0
2024-10-01,Gray,TANF State Program,0,0,0,0,0.0,0.0,0.0
2024-10-01,Grayson,TANF State Program,1,3,2,1,403.92,360.92,119.45
2024-10-01,Gregg,TANF State Program,4,16,10,6,1695.36,378.72,107.44
2024-10-01,Grimes,TANF State Program,0,0,0,0,0.0,0.0,0.0
2024-10-01,Guadalupe,TANF State Program,4,14,8,6,1112.41,248.5,82.24
2024-10-01,Hale,TANF State Program,4,15,7,8,1784.88,398.72,121.81
2024-10-01,Hall,TANF State Program,0,0,0,0,0.0,0.0,0.0
2024-10-01,Hamilton,TANF State Program,0,0,0,0,0.0,0.0,0.0
2024-10-01,Hansford,TANF State Program,0,0,0,0,0.0,0.0,0.0
2024-10-01,Hardeman,TANF State Program,0,0,0,0,0.0,0.0,0.0
2024-10-01,Hardin,TANF State Program,0,0,0,0,0.0,0.0,0.0
2024-10-01,Harris,TANF State Program,27,105,67,37,9970.23,371.21,95.11
2024-10-01,Harrison,TANF State Program,0,0,0,0,0.0,0.0,0.0
2024-10-01,Hartley,TANF State Program,0,0,0,0,0.0,0.0,0.0
2024-10-01,Haskell,TANF State Program,0,0,0,0,0.0,0.0,0.0
2024-10-01,Hays,TANF State Program,3,15,8,7,1541.44,459.12,105.2
2024-10-01,Hemphill,TANF State Program,0,0,0,0,0.0,0.0,0.0
2024-10-01,Henderson,TANF State Program,0,0,0,0,0.0,0.0,0.0
2024-10-01,Hidalgo,TANF State Program,22,88,48,40,8398.22,375.21,95.52
2024-10-01,Hill,TANF State Program,0,0,0,0,0.0,0.0,0.0
2024-10-01,Hockley,TANF State Program,0,0,0,0,0.0,0.0,0.0
2024-10-01,Hood,TANF State Program,0,0,0,0,0.0,0.0,0.0
2024-10-01,Hopkins,TANF State Program,1,3,1,2,442.13,395.06,130.75
2024-10-01,Houston,TANF State Program,0,0,0,0,0.0,0.0,0.0
2024-10-01,Howard,TANF State Program,1,5,2,2,335.14,299.47,74.33
2024-10-01,Hudspeth,TANF State Program,0,0,0,0,0.0,0.0,0.0
2024-10-01,Hunt,TANF State Program,0,0,0,0,0.0,0.0,0.0
2024-10-01,Hutchinson,TANF State Program,1,2,1,1,184.49,164.85,81.84
2024-10-01,Irion,TANF State Program,0,0,0,0,0.0,0.0,0.0
2024-10-01,Jack,TANF State Program,0,0,0,0,0.0,0.0,0.0
2024-10-01,Jackson,TANF State Program,0,0,0,0,0.0,0.0,0.0
2024-10-01,Jasper,TANF State Program,0,0,0,0,0.0,0.0,0.0
2024-10-01,Jeff Davis,TANF State Program,0,0,0,0,0.0,0.0,0.0
2024-10-01,Jefferson,TANF State Program,4,16,10,6,1523.97,340.44,96.57
2024-10-01,Jim Hogg,TANF State Program,0,0,0,0,0.0,0.0,0.0
2024-10-01,Jim Wells,TANF State Program,0,0,0,0,0.0,0.0,0.0
2024-10-01,Johnson,TANF State Program,0,0,0,0,0.0,0.0,0.0
2024-10-01,Jones,TANF State Program,0,0,0,0,0.0,0.0,0.0
2024-10-01,Karnes,TANF State Program,0,0,0,0,0.0,0.0,0.0
2024-10-01,Kaufman,TANF State Program,2,10,7,3,1036.0,462.86,102.12
2024-10-01,Kendall,TANF State Program,0,0,0,0,0.0,0.0,0.0
2024-10-01,Kenedy,TANF State Program,0,0,0,0,0.0,0.0,0.0
2024-10-01,Kent,TANF State Program,0,0,0,0,0.0,0.0,0.0
2024-10-01,Kerr,TANF State Program,0,0,0,0,0.0,0.0,0.0
2024-10-01,Kimble,TANF State Program,0,0,0,0,0.0,0.0,0.0
2024-10-01,King,TANF State Program,0,0,0,0,0.0,0.0,0.0
2024-10-01,Kinney,TANF State Program,0,0,0,0,0.0,0.0,0.0
2024-10-01,Kleberg,TANF State Program,1,3,2,1,403.92,360.92,119.45
2024-10-01,Knox,TANF State Program,0,0,0,0,0.0,0.0,0.0
2024-10-01,La Salle,TANF State Program,0,0,0,0,0.0,0.0,0.0
2024-10-01,Lamar,TANF State Program,1,5,2,2,496.71,443.84,110.17
2024-10-01,Lamb,TANF State Program,1,7,4,2,630.99,563.82,93.3
2024-10-01,Lampasas,TANF State Program,0,0,0,0,0.0,0.0,0.0
2024-10-01,Lavaca,TANF State Program,0,0,0,0,0.0,0.0,0.0
2024-10-01,Lee,TANF State Program,0,0,0,0,0.0,0.0,0.0
2024-10-01,Leon,TANF State Program,0,0,0,0,0.0,0.0,0.0
2024-10-01,Liberty,TANF State Program,1,5,3,1,485.79,434.08,107.75
2024-10-01,Limestone,TANF State Program,1,5,2,2,496.71,443.84,110.17
2024-10-01,Lipscomb,TANF State Program,0,0,0,0,0.0,0.0,0.0
2024-10-01,Live Oak,TANF State Program,1,3,1,2,442.13,395.06,130.75
2024-10-01,Llano,TANF State Program,0,0,0,0,0.0,0.0,0.0
2024-10-01,Loving,TANF State Program,0,0,0,0,0.0,0.0,0.0
2024-10-01,Lubbock,TANF State Program,2,8,3,5,938.84,419.45,118.99
2024-10-01,Lynn,TANF State Program,0,0,0,0,0.0,0.0,0.0
2024-10-01,Madison,TANF State Program,0,0,0,0,0.0,0.0,0.0
2024-10-01,Marion,TANF State Program,1,5,2,2,496.71,443.84,110.17
2024-10-01,Martin,TANF State Program,0,0,0,0,0.0,0.0,0.0
2024-10-01,Mason,TANF State Program,0,0,0,0,0.0,0.0,0.0
2024-10-01,Matagorda,TANF State Program,0,0,0,0,0.0,0.0,0.0
2024-10-01,Maverick,TANF State Program,0,0,0,0,0.0,0.0,0.0
2024-10-01,Mcculloch,TANF State Program,0,0,0,0,0.0,0.0,0.0
2024-10-01,Mclennan,TANF State Program,2,11,7,5,1127.7,503.83,100.05
2024-10-01,Mcmullen,TANF State Program,0,0,0,0,0.0,0.0,0.0
2024-10-01,Medina,TANF State Program,0,0,0,0,0.0,0.0,0.0
2024-10-01,Menard,TANF State Program,0,0,0,0,0.0,0.0,0.0
2024-10-01,Midland,TANF State Program,2,12,8,5,730.33,326.29,58.9
2024-10-01,Milam,TANF State Program,0,0,0,0,0.0,0.0,0.0
2024-10-01,Mills,TANF State Program,0,0,0,0,0.0,0.0,0.0
2024-10-01,Mitchell,TANF State Program,0,0,0,0,0.0,0.0,0.0
2024-10-01,Montague,TANF State Program,0,0,0,0,0.0,0.0,0.0
2024-10-01,Montgomery,TANF State Program,4,16,10,6,1700.82,379.94,107.78
2024-10-01,Moore,TANF State Program,2,7,2,5,561.12,250.69,82.97
2024-10-01,Morris,TANF State Program,0,0,0,0,0.0,0.0,0.0
2024-10-01,Motley,TANF State Program,0,0,0,0,0.0,0.0,0.0
2024-10-01,Nacogdoches,TANF State Program,1,5,2,2,496.71,443.84,110.17
2024-10-01,Navarro,TANF State Program,1,5,2,2,496.71,443.84,110.17
2024-10-01,Newton,TANF State Program,2,8,3,5,439.94,196.56,55.76
2024-10-01,Nolan,TANF State Program,0,0,0,0,0.0,0.0,0.0
2024-10-01,Nueces,TANF State Program,8,27,15,12,3019.56,385.45,111.62
2024-10-01,Ochiltree,TANF State Program,0,0,0,0,0.0,0.0,0.0
2024-10-01,Oldham,TANF State Program,0,0,0,0,0.0,0.0,0.0
2024-10-01,Orange,TANF State Program,0,0,0,0,0.0,0.0,0.0
2024-10-01,Palo Pinto,TANF State Program,0,0,0,0,0.0,0.0,0.0
2024-10-01,Panola,TANF State Program,0,0,0,0,0.0,0.0,0.0
2024-10-01,Parker,TANF State Program,3,14,7,7,1515.24,451.32,112.02
2024-10-01,Parmer,TANF State Program,0,0,0,0,0.0,0.0,0.0
2024-10-01,Pecos,TANF State Program,0,0,0,0,0.0,0.0,0.0
2024-10-01,Polk,TANF State Program,1,3,1,2,442.13,395.06,130.75
2024-10-01,Potter,TANF State Program,6,19,9,10,1526.16,272.74,79.65
2024-10-01,Presidio,TANF State Program,0,0,0,0,0.0,0.0,0.0
2024-10-01,Rains,TANF State Program,0,0,0,0,0.0,0.0,0.0
2024-10-01,Randall,TANF State Program,2,6,1,5,709.59,317.03,125.91
2024-10-01,Reagan,TANF State Program,0,0,0,0,0.0,0.0,0.0
2024-10-01,Real,TANF State Program,0,0,0,0,0.0,0.0,0.0
2024-10-01,Red River,TANF State Program,2,8,3,5,938.84,419.45,118.99
2024-10-01,Reeves,TANF State Program,0,0,0,0,0.0,0.0,0.0
2024-10-01,Refugio,TANF State Program,0,0,0,0,0.0,0.0,0.0
2024-10-01,Roberts,TANF State Program,0,0,0,0,0.0,0.0,0.0
2024-10-01,Robertson,TANF State Program,0,0,0,0,0.0,0.0,0.0
2024-10-01,Rockwall,TANF State Program,2,7,2,5,884.25,395.06,130.75
2024-10-01,Runnels,TANF State Program,0,0,0,0,0.0,0.0,0.0
2024-10-01,Rusk,TANF State Program,2,7,2,5,884.25,395.06,130.75
2024-10-01,Sabine,TANF State Program,0,0,0,0,0.0,0.0,0.0
2024-10-01,San Jacinto,TANF State Program,0,0,0,0,0.0,0.0,0.0
2024-10-01,San Juneine,TANF State Program,0,0,0,0,0.0,0.0,0.0
2024-10-01,San Patricio,TANF State Program,1,3,2,1,403.92,360.92,119.45
2024-10-01,San Saba,TANF State Program,0,0,0,0,0.0,0.0,0.0
2024-10-01,Schleicher,TANF State Program,0,0,0,0,0.0,0.0,0.0
2024-10-01,Scurry,TANF State Program,0,0,0,0,0.0,0.0,0.0
2024-10-01,Shackelford,TANF State Program,0,0,0,0,0.0,0.0,0.0
2024-10-01,Shelby,TANF State Program,0,0,0,0,0.0,0.0,0.0
2024-10-01,Sherman,TANF State Program,0,0,0,0,0.0,0.0,0.0
2024-10-01,Smith,TANF State Program,3,14,8,6,1436.64,427.9,106.21
2024-10-01,Somervell,TANF State Program,0,0,0,0,0.0,0.0,0.0
2024-10-01,Starr,TANF State Program,0,0,0,0,0.0,0.0,0.0
2024-10-01,Stephens,TANF State Program,0,0,0,0,0.0,0.0,0.0
2024-10-01,Sterling,TANF State Program,0,0,0,0,0.0,0.0,0.0
2024-10-01,Stonewall,TANF State Program,0,0,0,0,0.0,0.0,0.0
2024-10-01,Sutton,TANF State Program,0,0,0,0,0.0,0.0,0.0
2024-10-01,Swisher,TANF State Program,0,0,0,0,0.0,0.0,0.0
2024-10-01,Tarrant,TANF State Program,18,69,35,34,7146.08,399.09,103.93
2024-10-01,Taylor,TANF State Program,2,9,4,5,1018.53,455.06,112.95
2024-10-01,Terrell,TANF State Program,0,0,0,0,0.0,0.0,0.0
2024-10-01,Terry,TANF State Program,0,0,0,0,0.0,0.0,0.0
2024-10-01,Throckmorton,TANF State Program,0,0,0,0,0.0,0.0,0.0
2024-10-01,Titus,TANF State Program,0,0,0,0,0.0,0.0,0.0
2024-10-01,Tom Green,TANF State Program,2,11,7,5,1150.62,514.07,102.08
2024-10-01,Travis,TANF State Program,22,77,32,44,7964.83,355.85,103.92
2024-10-01,Trinity,TANF State Program,0,0,0,0,0.0,0.0,0.0
2024-10-01,Tyler,TANF State Program,0,0,0,0,0.0,0.0,0.0
2024-10-01,Upshur,TANF State Program,0,0,0,0,0.0,0.0,0.0
2024-10-01,Upton,TANF State Program,0,0,0,0,0.0,0.0,0.0
2024-10-01,Uvalde,TANF State Program,0,0,0,0,0.0,0.0,0.0
2024-10-01,Val Verde,TANF State Program,1,8,6,2,708.49,633.08,89.8
2024-10-01,Van Zandt,TANF State Program,0,0,0,0,0.0,0.0,0.0
2024-10-01,Victoria,TANF State Program,1,7,6,1,620.07,554.06,91.69
2024-10-01,Walker,TANF State Program,1,2,0,2,267.46,238.99,118.64
2024-10-01,Waller,TANF State Program,0,0,0,0,0.0,0.0,0.0
2024-10-01,Ward,TANF State Program,0,0,0,0,0.0,0.0,0.0
2024-10-01,Washington,TANF State Program,0,0,0,0,0.0,0.0,0.0
2024-10-01,Webb,TANF State Program,2,7,2,5,455.23,203.38,67.31
2024-10-01,Wharton,TANF State Program,0,0,0,0,0.0,0.0,0.0
2024-10-01,Wheeler,TANF State Program,0,0,0,0,0.0,0.0,0.0
2024-10-01,Wichita,TANF State Program,1,7,4,2,630.99,563.82,93.3
2024-10-01,Wilbarger,TANF State Program,1,3,1,2,442.13,395.06,130.75
2024-10-01,Willacy,TANF State Program,0,0,0,0,0.0,0.0,0.0
2024-10-01,Williamson,TANF State Program,11,38,18,20,4431.09,395.94,115.62
2024-10-01,Wilson,TANF State Program,0,0,0,0,0.0,0.0,0.0
2024-10-01,Winkler,TANF State Program,0,0,0,0,0.0,0.0,0.0
2024-10-01,Wise,TANF State Program,1,7,4,2,630.99,563.82,93.3
2024-10-01,Wood,TANF State Program,1,5,3,1,485.79,434.08,107.75
2024-10-01,Yoakum,TANF State Program,0,0,0,0,0.0,0.0,0.0
2024-10-01,Young,TANF State Program,1,5,2,2,496.71,443.84,110.17
2024-10-01,Zapata,TANF State Program,0,0,0,0,0.0,0.0,0.0
2024-10-01,Zavala,TANF State Program,0,0,0,0,0.0,0.0,0.0
2024-11-01,Anderson,TANF Basic,20,46,34,12,5331.93,273.28,115.75
2024-11-01,Andrews,TANF Basic,2,8,5,2,875.94,404.05,114.09
2024-11-01,Angelina,TANF Basic,35,87,69,18,8774.42,252.97,101.27
2024-11-01,Aransas,TANF Basic,14,31,23,8,3374.78,239.49,109.89
2024-11-01,Archer,TANF Basic,1,1,1,0,135.42,124.93,123.47
2024-11-01,Armstrong,TANF Basic,0,0,0,0,0.0,0.0,0.0
2024-11-01,Atascosa,TANF Basic,23,61,50,11,5712.4,250.95,93.0
2024-11-01,Austin,TANF Basic,3,4,2,2,553.51,170.21,126.16
2024-11-01,Bailey,TANF Basic,1,1,1,0,135.42,124.93,123.47
2024-11-01,Bandera,TANF Basic,1,3,2,1,397.66,366.87,120.86
2024-11-01,Bastrop,TANF Basic,28,57,45,12,5904.78,209.52,103.53
2024-11-01,Baylor,TANF Basic,5,14,13,1,1303.7,240.55,91.43
2024-11-01,Bee,TANF Basic,15,39,32,8,3862.72,254.54,97.83
2024-11-01,Bell,TANF Basic,247,625,443,185,69761.15,282.28,111.59
2024-11-01,Bexar,TANF Basic,710,1775,1358,419,184223.04,259.48,103.81
2024-11-01,Blanco,TANF Basic,1,5,4,1,530.94,489.82,96.82
2024-11-01,Borden,TANF Basic,0,0,0,0,0.0,0.0,0.0
2024-11-01,Bosque,TANF Basic,2,2,1,1,300.94,138.82,137.19
2024-11-01,Bowie,TANF Basic,57,134,104,29,13860.23,241.26,103.58
2024-11-01,Brazoria,TANF Basic,47,94,78,16,9230.12,198.03,97.85
2024-11-01,Brazos,TANF Basic,72,189,150,39,19057.82,266.39,101.02
2024-11-01,Brewster,TANF Basic,1,3,2,1,397.66,366.87,120.86
2024-11-01,Briscoe,TANF Basic,0,0,0,0,0.0,0.0,0.0
2024-11-01,Brooks,TANF Basic,5,9,7,2,1113.46,205.45,126.9
2024-11-01,Brown,TANF Basic,12,23,15,8,2779.35,233.1,120.67
2024-11-01,Burleson,TANF Basic,4,15,12,3,1630.43,376.04,106.18
2024-11-01,Burnet,TANF Basic,12,33,26,7,3376.93,283.22,102.63
2024-11-01,Caldwell,TANF Basic,9,18,13,5,2049.59,236.36,116.79
2024-11-01,Calhoun,TANF Basic,1,2,2,0,195.61,180.46,89.17
2024-11-01,Callahan,TANF Basic,0,0,0,0,0.0,0.0,0.0
2024-11-01,Cameron,TANF Basic,424,1066,960,102,97082.87,229.07,91.06
2024-11-01,Camp,TANF Basic,5,10,7,3,1362.81,251.45,138.06
2024-11-01,Carson,TANF Basic,2,4,3,1,455.7,210.21,103.87
2024-11-01,Cass,TANF Basic,4,10,9,1,997.39,230.04,101.04
2024-11-01,Castro,TANF Basic,2,5,5,0,462.15,213.18,84.27
2024-11-01,Chambers,TANF Basic,10,15,12,3,1925.99,197.43,125.43
2024-11-01,Cherokee,TANF Basic,16,39,32,8,4381.84,269.5,110.97
2024-11-01,Childress,TANF Basic,2,4,2,2,687.85,317.29,156.79
2024-11-01,Clay,TANF Basic,3,5,4,1,674.96,207.56,123.08
2024-11-01,Cochran,TANF Basic,0,0,0,0,0.0,0.0,0.0
2024-11-01,Coke,TANF Basic,0,0,0,0,0.0,0.0,0.0
2024-11-01,Coleman,TANF Basic,2,5,4,1,617.99,285.07,112.69
2024-11-01,Collin,TANF Basic,175,441,329,113,47647.76,273.03,108.07
2024-11-01,Collingsworth,TANF Basic,0,0,0,0,0.0,0.0,0.0
2024-11-01,Colorado,TANF Basic,2,3,1,2,509.44,234.99,154.83
2024-11-01,Comal,TANF Basic,21,43,32,11,5164.27,250.75,120.73
2024-11-01,Comanche,TANF Basic,4,12,9,3,1310.14,302.17,108.59
2024-11-01,Concho,TANF Basic,0,0,0,0,0.0,0.0,0.0
2024-11-01,Cooke,TANF Basic,10,22,16,6,2640.71,270.69,120.38
2024-11-01,Coryell,TANF Basic,18,42,32,10,4320.57,234.47,103.66
2024-11-01,Cottle,TANF Basic,0,0,0,0,0.0,0.0,0.0
2024-11-01,Crane,TANF Basic,0,0,0,0,0.0,0.0,0.0
2024-11-01,Crockett,TANF Basic,1,3,2,1,397.66,366.87,120.86
2024-11-01,Crosby,TANF Basic,0,0,0,0,0.0,0.0,0.0
2024-11-01,Culberson,TANF Basic,1,1,1,0,135.42,124.93,123.47
2024-11-01,Dallam,TANF Basic,0,0,0,0,0.0,0.0,0.0
2024-11-01,Dallas,TANF Basic,976,2459,1839,626,265439.09,272.09,107.94
2024-11-01,Dawson,TANF Basic,5,13,10,3,1571.31,289.93,119.39
2024-11-01,Deaf Smith,TANF Basic,8,19,15,3,2015.19,265.59,108.08
2024-11-01,Delta,TANF Basic,1,2,2,0,195.61,180.46,89.17
2024-11-01,Denton,TANF Basic,129,331,254,78,35592.07,275.93,107.45
2024-11-01,Dewitt,TANF Basic,4,9,9,0,772.76,178.23,88.07
2024-11-01,Dickens,TANF Basic,1,2,1,1,343.93,317.29,156.79
2024-11-01,Dimmit,TANF Basic,3,9,8,1,710.42,218.47,80.96
2024-11-01,Donley,TANF Basic,1,3,2,1,397.66,366.87,120.86
2024-11-01,Duval,TANF Basic,5,18,13,5,1237.06,228.25,70.49
2024-11-01,Eastland,TANF Basic,5,11,9,2,1292.95,238.56,117.88
2024-11-01,Ector,TANF Basic,55,135,107,28,14024.67,253.7,103.96
2024-11-01,Edwards,TANF Basic,0,0,0,0,0.0,0.0,0.0
2024-11-01,El Paso,TANF Basic,388,981,754,228,103215.51,265.98,105.26
2024-11-01,Ellis,TANF Basic,38,102,81,22,10798.21,284.63,105.86
2024-11-01,Erath,TANF Basic,12,25,18,7,2847.06,238.78,112.86
2024-11-01,Falls,TANF Basic,7,19,13,6,1801.31,276.97,96.61
2024-11-01,Fannin,TANF Basic,17,38,26,12,4864.41,280.48,126.72
2024-11-01,Fayette,TANF Basic,2,3,2,1,387.99,178.97,117.92
2024-11-01,Fisher,TANF Basic,0,0,0,0,0.0,0.0,0.0
2024-11-01,Floyd,TANF Basic,0,0,0,0,0.0,0.0,0.0
2024-11-01,Foard,TANF Basic,0,0,0,0,0.0,0.0,0.0
2024-11-01,Fort Bend,TANF Basic,77,180,138,42,19708.05,256.08,109.56
2024-11-01,Franklin,TANF Basic,1,2,1,1,343.93,317.29,156.79
2024-11-01,Freestone,TANF Basic,9,24,18,6,2654.68,306.14,110.02
2024-11-01,Frio,TANF Basic,11,23,17,6,2748.19,253.54,119.32
2024-11-01,Gaines,TANF Basic,4,10,9,1,969.44,223.59,98.21
2024-11-01,Galveston,TANF Basic,73,167,136,31,16265.56,223.97,97.57
2024-11-01,Garza,TANF Basic,0,0,0,0,0.0,0.0,0.0
2024-11-01,Gillespie,TANF Basic,3,7,5,1,617.99,190.04,93.91
2024-11-01,Glasscock,TANF Basic,1,2,2,0,110.7,102.13,50.47
2024-11-01,Goliad,TANF Basic,3,8,5,2,844.77,259.78,110.03
2024-11-01,Gonzales,TANF Basic,1,1,1,0,135.42,124.93,123.47
2024-11-01,Gray,TANF Basic,5,10,9,1,1077.99,198.9,109.21
2024-11-01,Grayson,TANF Basic,43,90,67,23,10059.84,232.02,111.85
2024-11-01,Gregg,TANF Basic,47,92,65,27,9323.63,200.04,101.2
2024-11-01,Grimes,TANF Basic,9,15,9,7,2166.74,249.87,141.11
2024-11-01,Guadalupe,TANF Basic,38,97,71,26,10991.67,289.73,113.88
2024-11-01,Hale,TANF Basic,10,23,16,7,2844.92,291.62,123.52
2024-11-01,Hall,TANF Basic,1,2,2,0,195.61,180.46,89.17
2024-11-01,Hamilton,TANF Basic,1,3,2,1,397.66,366.87,120.86
2024-11-01,Hansford,TANF Basic,3,8,4,3,566.4,174.18,73.77
2024-11-01,Hardeman,TANF Basic,3,9,8,1,700.75,215.49,79.86
2024-11-01,Hardin,TANF Basic,14,29,22,7,2991.08,212.27,104.89
2024-11-01,Harris,TANF Basic,1160,2763,2196,568,278477.12,240.1,100.79
2024-11-01,Harrison,TANF Basic,21,52,40,11,5449.08,264.58,105.71
2024-11-01,Hartley,TANF Basic,0,0,0,0,0.0,0.0,0.0
2024-11-01,Haskell,TANF Basic,2,10,8,2,920.0,424.38,93.2
2024-11-01,Hays,TANF Basic,35,103,73,31,11424.8,329.38,110.81
2024-11-01,Hemphill,TANF Basic,1,1,1,0,135.42,124.93,123.47
2024-11-01,Henderson,TANF Basic,25,54,41,12,6326.09,253.75,117.71
2024-11-01,Hidalgo,TANF Basic,1176,3250,3024,209,278367.49,236.69,85.66
2024-11-01,Hill,TANF Basic,9,14,11,3,1663.74,191.86,116.68
2024-11-01,Hockley,TANF Basic,7,15,12,3,1738.98,267.38,113.25
2024-11-01,Hood,TANF Basic,10,16,13,3,1741.13,178.48,105.83
2024-11-01,Hopkins,TANF Basic,10,36,30,6,2976.04,305.06,82.22
2024-11-01,Houston,TANF Basic,8,19,16,2,1864.73,245.76,100.01
2024-11-01,Howard,TANF Basic,8,21,17,3,2087.2,275.08,100.16
2024-11-01,Hudspeth,TANF Basic,1,2,1,1,343.93,317.29,156.79
2024-11-01,Hunt,TANF Basic,31,89,67,22,8980.78,285.7,101.09
2024-11-01,Hutchinson,TANF Basic,12,26,20,7,2561.18,214.8,97.3
2024-11-01,Irion,TANF Basic,1,2,2,0,195.61,180.46,89.17
2024-11-01,Jack,TANF Basic,1,3,2,1,397.66,366.87,120.86
2024-11-01,Jackson,TANF Basic,3,5,4,1,537.38,165.26,97.99
2024-11-01,Jasper,TANF Basic,20,39,32,8,4356.04,223.26,110.32
2024-11-01,Jeff Davis,TANF Basic,0,0,0,0,0.0,0.0,0.0
2024-11-01,Jefferson,TANF Basic,150,394,304,91,40470.45,270.55,102.78
2024-11-01,Jim Hogg,TANF Basic,1,1,1,0,135.42,124.93,123.47
2024-11-01,Jim Wells,TANF Basic,14,43,34,9,3887.44,275.88,90.88
2024-11-01,Johnson,TANF Basic,43,92,76,16,9176.38,211.64,99.6
2024-11-01,Jones,TANF Basic,3,11,8,3,1116.69,343.4,101.81
2024-11-01,Karnes,TANF Basic,4,14,13,1,1314.44,303.16,92.19
2024-11-01,Kaufman,TANF Basic,67,190,151,39,19270.62,286.75,101.56
2024-11-01,Kendall,TANF Basic,5,11,8,3,1410.1,260.18,128.56
2024-11-01,Kenedy,TANF Basic,0,0,0,0,0.0,0.0,0.0
2024-11-01,Kent,TANF Basic,1,3,3,0,164.44,151.71,49.98
2024-11-01,Kerr,TANF Basic,5,10,8,2,1129.58,208.42,114.43
2024-11-01,Kimble,TANF Basic,0,0,0,0,0.0,0.0,0.0
2024-11-01,King,TANF Basic,0,0,0,0,0.0,0.0,0.0
2024-11-01,Kinney,TANF Basic,0,0,0,0,0.0,0.0,0.0
2024-11-01,Kleberg,TANF Basic,15,38,29,9,4075.53,268.57,106.17
2024-11-01,Knox,TANF Basic,0,0,0,0,0.0,0.0,0.0
2024-11-01,La Salle,TANF Basic,1,3,2,1,329.95,304.4,100.28
2024-11-01,Lamar,TANF Basic,38,78,63,15,8033.9,211.76,103.17
2024-11-01,Lamb,TANF Basic,4,8,7,1,760.94,175.5,99.11
2024-11-01,Lampasas,TANF Basic,10,12,9,3,1616.45,165.7,133.98
2024-11-01,Lavaca,TANF Basic,3,5,5,0,526.64,161.95,96.03
2024-11-01,Lee,TANF Basic,4,5,5,0,601.87,138.82,109.75
2024-11-01,Leon,TANF Basic,5,13,11,2,1402.57,258.79,106.57
2024-11-01,Liberty,TANF Basic,34,61,53,8,6417.45,190.98,104.48
2024-11-01,Limestone,TANF Basic,14,26,20,7,3152.3,223.71,119.75
2024-11-01,Lipscomb,TANF Basic,1,4,3,1,478.27,441.23,109.01
2024-11-01,Live Oak,TANF Basic,0,0,0,0,0.0,0.0,0.0
2024-11-01,Llano,TANF Basic,4,13,9,5,1118.84,258.05,85.01
2024-11-01,Loving,TANF Basic,0,0,0,0,0.0,0.0,0.0
2024-11-01,Lubbock,TANF Basic,124,307,223,85,33193.19,268.62,108.08
2024-11-01,Lynn,TANF Basic,0,0,0,0,0.0,0.0,0.0
2024-11-01,Madison,TANF Basic,5,9,8,1,1005.98,185.62,114.65
2024-11-01,Marion,TANF Basic,3,5,5,0,544.91,167.57,99.36
2024-11-01,Martin,TANF Basic,1,2,1,1,343.93,317.29,156.79
2024-11-01,Mason,TANF Basic,0,0,0,0,0.0,0.0,0.0
2024-11-01,Matagorda,TANF Basic,9,23,21,2,2216.18,255.57,96.22
2024-11-01,Maverick,TANF Basic,18,53,41,11,5383.52,292.15,102.26
2024-11-01,Mcculloch,TANF Basic,2,2,1,1,300.94,138.82,137.19
2024-11-01,Mclennan,TANF Basic,93,223,171,52,23609.47,253.27,106.04
2024-11-01,Mcmullen,TANF Basic,0,0,0,0,0.0,0.0,0.0
2024-11-01,Medina,TANF Basic,8,13,12,1,1397.2,184.14,106.16
2024-11-01,Menard,TANF Basic,0,0,0,0,0.0,0.0,0.0
2024-11-01,Midland,TANF Basic,47,94,79,15,9698.72,208.08,102.82
2024-11-01,Milam,TANF Basic,1,1,1,0,135.42,124.93,123.47
2024-11-01,Mills,TANF Basic,1,1,1,0,127.9,117.99,116.61
2024-11-01,Mitchell,TANF Basic,0,0,0,0,0.0,0.0,0.0
2024-11-01,Montague,TANF Basic,4,7,5,1,775.98,178.97,117.92
2024-11-01,Montgomery,TANF Basic,72,150,125,25,15063.97,210.57,100.25
2024-11-01,Moore,TANF Basic,11,26,21,6,2858.89,263.75,108.61
2024-11-01,Morris,TANF Basic,16,32,27,5,3491.93,214.77,109.78
2024-11-01,Motley,TANF Basic,0,0,0,0,0.0,0.0,0.0
2024-11-01,Nacogdoches,TANF Basic,23,58,45,14,6045.58,265.59,104.0
2024-11-01,Navarro,TANF Basic,22,43,34,9,4776.28,220.32,111.66
2024-11-01,Newton,TANF Basic,3,8,8,0,657.76,202.27,85.67
2024-11-01,Nolan,TANF Basic,3,8,8,0,595.42,183.1,77.55
2024-11-01,Nueces,TANF Basic,167,395,302,93,43368.03,259.8,109.83
2024-11-01,Ochiltree,TANF Basic,2,4,4,0,409.49,188.89,93.34
2024-11-01,Oldham,TANF Basic,1,2,2,0,195.61,180.46,89.17
2024-11-01,Orange,TANF Basic,35,79,60,19,8574.51,247.2,108.58
2024-11-01,Palo Pinto,TANF Basic,9,20,17,2,1986.17,229.05,100.6
2024-11-01,Panola,TANF Basic,9,20,15,5,2089.35,240.94,105.83
2024-11-01,Parker,TANF Basic,16,37,28,9,3698.28,227.46,99.17
2024-11-01,Parmer,TANF Basic,0,0,0,0,0.0,0.0,0.0
2024-11-01,Pecos,TANF Basic,0,0,0,0,0.0,0.0,0.0
2024-11-01,Polk,TANF Basic,21,37,30,7,4343.14,210.88,116.47
2024-11-01,Potter,TANF Basic,57,128,97,32,13747.38,239.3,107.13
2024-11-01,Presidio,TANF Basic,5,10,10,0,904.96,166.97,91.68
2024-11-01,Rains,TANF Basic,3,5,4,1,658.83,202.6,120.14
2024-11-01,Randall,TANF Basic,18,38,29,9,4290.48,232.84,111.77
2024-11-01,Reagan,TANF Basic,0,0,0,0,0.0,0.0,0.0
2024-11-01,Real,TANF Basic,0,0,0,0,0.0,0.0,0.0
2024-11-01,Red River,TANF Basic,9,16,13,3,1896.97,218.76,115.3
2024-11-01,Reeves,TANF Basic,5,13,10,3,1547.67,285.56,117.59
2024-11-01,Refugio,TANF Basic,1,2,2,0,147.24,135.84,67.12
2024-11-01,Roberts,TANF Basic,0,0,0,0,0.0,0.0,0.0
2024-11-01,Robertson,TANF Basic,18,50,36,15,5414.69,293.85,107.32
2024-11-01,Rockwall,TANF Basic,17,60,49,11,5626.42,324.42,93.27
2024-11-01,Runnels,TANF Basic,2,4,2,2,687.85,317.29,156.79
2024-11-01,Rusk,TANF Basic,8,14,10,5,1682.01,221.68,117.97
2024-11-01,Sabine,TANF Basic,4,8,7,1,870.56,200.79,113.39
2024-11-01,San Jacinto,TANF Basic,12,21,16,5,2568.7,215.43,123.26
2024-11-01,San Juneine,TANF Basic,1,2,2,0,195.61,180.46,89.17
2024-11-01,San Patricio,TANF Basic,29,68,45,24,8211.24,280.57,120.75
2024-11-01,San Saba,TANF Basic,0,0,0,0,0.0,0.0,0.0
2024-11-01,Schleicher,TANF Basic,0,0,0,0,0.0,0.0,0.0
2024-11-01,Scurry,TANF Basic,5,10,8,2,1208.04,222.9,122.38
2024-11-01,Shackelford,TANF Basic,0,0,0,0,0.0,0.0,0.0
2024-11-01,Shelby,TANF Basic,12,24,18,6,2474.12,207.5,102.53
2024-11-01,Sherman,TANF Basic,0,0,0,0,0.0,0.0,0.0
2024-11-01,Smith,TANF Basic,39,95,72,24,10696.11,274.11,112.09
2024-11-01,Somervell,TANF Basic,0,0,0,0,0.0,0.0,0.0
2024-11-01,Starr,TANF Basic,67,181,160,20,16433.23,244.53,90.8
2024-11-01,Stephens,TANF Basic,2,3,2,1,444.95,205.25,0.0
2024-11-01,Sterling,TANF Basic,0,0,0,0,0.0,0.0,80.35
2024-11-01,Stonewall,TANF Basic,1,2,2,0,176.26,162.61,80.35
2024-11-01,Sutton,TANF Basic,0,0,0,0,0.0,0.0,0.0
2024-11-01,Swisher,TANF Basic,0,0,0,0,0.0,0.0,0.0
2024-11-01,Tarrant,TANF Basic,581,1498,1130,371,157258.15,270.67,104.96
2024-11-01,Taylor,TANF Basic,79,177,135,42,18731.09,236.72,106.07
2024-11-01,Terrell,TANF Basic,0,0,0,0,0.0,0.0,0.0
2024-11-01,Terry,TANF Basic,5,13,10,3,1418.7,261.77,107.79
2024-11-01,Throckmorton,TANF Basic,0,0,0,0,0.0,0.0,0.0
2024-11-01,Titus,TANF Basic,7,14,10,5,1513.28,232.68,106.13
2024-11-01,Tom Green,TANF Basic,39,94,67,27,9281.71,237.86,98.4
2024-11-01,Travis,TANF Basic,277,612,462,151,67245.11,242.33,109.87
2024-11-01,Trinity,TANF Basic,1,2,2,0,195.61,180.46,89.17
2024-11-01,Tyler,TANF Basic,2,2,2,0,265.47,122.45,121.02
2024-11-01,Upshur,TANF Basic,10,26,20,7,2992.16,306.72,113.67
2024-11-01,Upton,TANF Basic,0,0,0,0,0.0,0.0,0.0
2024-11-01,Uvalde,TANF Basic,16,41,32,9,4393.66,270.23,108.27
2024-11-01,Val Verde,TANF Basic,30,80,61,19,8031.75,264.63,100.31
2024-11-01,Van Zandt,TANF Basic,14,26,22,5,2813.75,199.68,106.89
2024-11-01,Victoria,TANF Basic,26,66,53,12,6926.89,266.27,105.26
2024-11-01,Walker,TANF Basic,20,44,36,8,4651.6,238.41,106.03
2024-11-01,Waller,TANF Basic,5,14,12,2,933.97,172.33,65.5
2024-11-01,Ward,TANF Basic,2,7,5,1,548.13,252.84,83.29
2024-11-01,Washington,TANF Basic,10,29,21,8,2854.59,292.61,100.1
2024-11-01,Webb,TANF Basic,112,304,281,22,26840.22,240.4,88.34
2024-11-01,Wharton,TANF Basic,5,12,9,3,1203.74,222.1,99.77
2024-11-01,Wheeler,TANF Basic,0,0,0,0,0.0,0.0,0.0
2024-11-01,Wichita,TANF Basic,59,136,102,34,13879.58,237.12,102.05
2024-11-01,Wilbarger,TANF Basic,1,1,1,0,117.15,108.08,106.81
2024-11-01,Willacy,TANF Basic,8,22,17,5,2149.54,283.3,97.99
2024-11-01,Williamson,TANF Basic,86,203,146,58,23255.87,271.58,114.61
2024-11-01,Wilson,TANF Basic,7,13,9,5,1730.38,266.06,131.47
2024-11-01,Winkler,TANF Basic,0,0,0,0,0.0,0.0,0.0
2024-11-01,Wise,TANF Basic,8,20,14,6,2218.32,292.36,112.36
2024-11-01,Wood,TANF Basic,8,13,12,1,1415.47,186.55,107.55
2024-11-01,Yoakum,TANF Basic,0,0,0,0,0.0,0.0,0.0
2024-11-01,Young,TANF Basic,5,12,9,3,1487.48,274.46,123.29
2024-11-01,Zapata,TANF Basic,4,18,15,2,1455.24,335.64,82.92
2024-11-01,Zavala,TANF Basic,9,26,22,5,2531.08,291.88,96.15
2024-11-01,Anderson,TANF State Program,1,3,1,2,273.26,247.64,82.05
2024-11-01,Andrews,TANF State Program,0,0,0,0,0.0,0.0,0.0
2024-11-01,Angelina,TANF State Program,0,0,0,0,0.0,0.0,0.0
2024-11-01,Aransas,TANF State Program,0,0,0,0,0.0,0.0,0.0
2024-11-01,Archer,TANF State Program,0,0,0,0,0.0,0.0,0.0
2024-11-01,Armstrong,TANF State Program,0,0,0,0,0.0,0.0,0.0
2024-11-01,Atascosa,TANF State Program,2,8,4,3,908.72,411.76,116.94
2024-11-01,Austin,TANF State Program,0,0,0,0,0.0,0.0,0.0
2024-11-01,Bailey,TANF State Program,0,0,0,0,0.0,0.0,0.0
2024-11-01,Bandera,TANF State Program,0,0,0,0,0.0,0.0,0.0
2024-11-01,Bastrop,TANF State Program,1,3,1,2,434.0,393.31,130.32
2024-11-01,Baylor,TANF State Program,0,0,0,0,0.0,0.0,0.0
2024-11-01,Bee,TANF State Program,0,0,0,0,0.0,0.0,0.0
2024-11-01,Bell,TANF State Program,13,48,25,22,4886.51,369.03,102.37
2024-11-01,Bexar,TANF State Program,36,129,69,60,13790.47,378.71,107.09
2024-11-01,Blanco,TANF State Program,0,0,0,0,0.0,0.0,0.0
2024-11-01,Borden,TANF State Program,0,0,0,0,0.0,0.0,0.0
2024-11-01,Bosque,TANF State Program,0,0,0,0,0.0,0.0,0.0
2024-11-01,Bowie,TANF State Program,2,8,3,4,774.77,351.07,99.7
2024-11-01,Brazoria,TANF State Program,1,7,4,2,619.39,561.32,92.99
2024-11-01,Brazos,TANF State Program,1,4,2,2,256.11,232.1,57.68
2024-11-01,Brewster,TANF State Program,0,0,0,0,0.0,0.0,0.0
2024-11-01,Briscoe,TANF State Program,0,0,0,0,0.0,0.0,0.0
2024-11-01,Brooks,TANF State Program,0,0,0,0,0.0,0.0,0.0
2024-11-01,Brown,TANF State Program,0,0,0,0,0.0,0.0,0.0
2024-11-01,Burleson,TANF State Program,0,0,0,0,0.0,0.0,0.0
2024-11-01,Burnet,TANF State Program,1,1,1,0,135.02,122.36,121.63
2024-11-01,Caldwell,TANF State Program,0,0,0,0,0.0,0.0,0.0
2024-11-01,Calhoun,TANF State Program,0,0,0,0,0.0,0.0,0.0
2024-11-01,Callahan,TANF State Program,0,0,0,0,0.0,0.0,0.0
2024-11-01,Cameron,TANF State Program,8,23,10,13,2309.31,298.97,99.06
2024-11-01,Camp,TANF State Program,0,0,0,0,0.0,0.0,0.0
2024-11-01,Carson,TANF State Program,0,0,0,0,0.0,0.0,0.0
2024-11-01,Cass,TANF State Program,1,2,1,1,342.91,310.76,154.45
2024-11-01,Castro,TANF State Program,0,0,0,0,0.0,0.0,0.0
2024-11-01,Chambers,TANF State Program,0,0,0,0,0.0,0.0,0.0
2024-11-01,Cherokee,TANF State Program,0,0,0,0,0.0,0.0,0.0
2024-11-01,Childress,TANF State Program,0,0,0,0,0.0,0.0,0.0
2024-11-01,Clay,TANF State Program,0,0,0,0,0.0,0.0,0.0
2024-11-01,Cochran,TANF State Program,0,0,0,0,0.0,0.0,0.0
2024-11-01,Coke,TANF State Program,0,0,0,0,0.0,0.0,0.0
2024-11-01,Coleman,TANF State Program,0,0,0,0,0.0,0.0,0.0
2024-11-01,Collin,TANF State Program,6,17,10,7,1817.44,329.41,109.14
2024-11-01,Collingsworth,TANF State Program,0,0,0,0,0.0,0.0,0.0
2024-11-01,Colorado,TANF State Program,0,0,0,0,0.0,0.0,0.0
2024-11-01,Comal,TANF State Program,0,0,0,0,0.0,0.0,0.0
2024-11-01,Comanche,TANF State Program,0,0,0,0,0.0,0.0,0.0
2024-11-01,Concho,TANF State Program,0,0,0,0,0.0,0.0,0.0
2024-11-01,Cooke,TANF State Program,0,0,0,0,0.0,0.0,0.0
2024-11-01,Coryell,TANF State Program,2,7,3,3,830.49,376.32,124.69
2024-11-01,Cottle,TANF State Program,0,0,0,0,0.0,0.0,0.0
2024-11-01,Crane,TANF State Program,0,0,0,0,0.0,0.0,0.0
2024-11-01,Crockett,TANF State Program,0,0,0,0,0.0,0.0,0.0
2024-11-01,Crosby,TANF State Program,1,3,1,2,333.27,302.02,100.07
2024-11-01,Culberson,TANF State Program,0,0,0,0,0.0,0.0,0.0
2024-11-01,Dallam,TANF State Program,0,0,0,0,0.0,0.0,0.0
2024-11-01,Dallas,TANF State Program,25,97,50,47,10082.72,397.28,104.4
2024-11-01,Dawson,TANF State Program,0,0,0,0,0.0,0.0,0.0
2024-11-01,Deaf Smith,TANF State Program,1,8,6,2,695.47,630.27,89.5
2024-11-01,Delta,TANF State Program,0,0,0,0,0.0,0.0,0.0
2024-11-01,Denton,TANF State Program,4,17,8,9,1530.25,346.7,91.9
2024-11-01,Dewitt,TANF State Program,0,0,0,0,0.0,0.0,0.0
2024-11-01,Dickens,TANF State Program,0,0,0,0,0.0,0.0,0.0
2024-11-01,Dimmit,TANF State Program,0,0,0,0,0.0,0.0,0.0
2024-11-01,Donley,TANF State Program,0,0,0,0,0.0,0.0,0.0
2024-11-01,Duval,TANF State Program,1,3,2,1,396.49,359.32,119.05
2024-11-01,Eastland,TANF State Program,0,0,0,0,0.0,0.0,0.0
2024-11-01,Ector,TANF State Program,6,17,8,9,1796.01,325.53,107.86
2024-11-01,Edwards,TANF State Program,0,0,0,0,0.0,0.0,0.0
2024-11-01,El Paso,TANF State Program,15,56,29,27,6160.65,398.79,110.99
2024-11-01,Ellis,TANF State Program,2,7,2,4,868.0,393.31,130.32
2024-11-01,Erath,TANF State Program,0,0,0,0,0.0,0.0,0.0
2024-11-01,Falls,TANF State Program,0,0,0,0,0.0,0.0,0.0
2024-11-01,Fannin,TANF State Program,2,4,2,2,685.83,310.76,154.45
2024-11-01,Fayette,TANF State Program,0,0,0,0,0.0,0.0,0.0
2024-11-01,Fisher,TANF State Program,0,0,0,0,0.0,0.0,0.0
2024-11-01,Floyd,TANF State Program,0,0,0,0,0.0,0.0,0.0
2024-11-01,Foard,TANF State Program,0,0,0,0,0.0,0.0,0.0
2024-11-01,Fort Bend,TANF State Program,4,11,7,4,1255.92,284.54,113.13
2024-11-01,Franklin,TANF State Program,0,0,0,0,0.0,0.0,0.0
2024-11-01,Freestone,TANF State Program,0,0,0,0,0.0,0.0,0.0
2024-11-01,Frio,TANF State Program,1,4,2,2,487.58,441.87,109.8
2024-11-01,Gaines,TANF State Program,0,0,0,0,0.0,0.0,0.0
2024-11-01,Galveston,TANF State Program,2,7,2,4,333.27,151.01,50.03
2024-11-01,Garza,TANF State Program,0,0,0,0,0.0,0.0,0.0
2024-11-01,Gillespie,TANF State Program,0,0,0,0,0.0,0.0,0.0
2024-11-01,Glasscock,TANF State Program,0,0,0,0,0.0,0.0,0.0
2024-11-01,Goliad,TANF State Program,0,0,0,0,0.0,0.0,0.0
2024-11-01,Gonzales,TANF State Program,0,0,0,0,0.0,0.0,0.0
2024-11-01,Gray,TANF State Program,0,0,0,0,0.0,0.0,0.0
2024-11-01,Grayson,TANF State Program,1,3,2,1,396.49,359.32,119.05
2024-11-01,Gregg,TANF State Program,3,10,6,4,1134.83,342.81,113.58
2024-11-01,Grimes,TANF State Program,0,0,0,0,0.0,0.0,0.0
2024-11-01,Guadalupe,TANF State Program,3,11,6,6,1318.07,398.17,118.73
2024-11-01,Hale,TANF State Program,6,18,8,10,1968.54,356.8,110.83
2024-11-01,Hall,TANF State Program,0,0,0,0,0.0,0.0,0.0
2024-11-01,Hamilton,TANF State Program,0,0,0,0,0.0,0.0,0.0
2024-11-01,Hansford,TANF State Program,0,0,0,0,0.0,0.0,0.0
2024-11-01,Hardeman,TANF State Program,0,0,0,0,0.0,0.0,0.0
2024-11-01,Hardin,TANF State Program,0,0,0,0,0.0,0.0,0.0
2024-11-01,Harris,TANF State Program,29,112,72,40,10357.05,361.0,92.37
2024-11-01,Harrison,TANF State Program,0,0,0,0,0.0,0.0,0.0
2024-11-01,Hartley,TANF State Program,0,0,0,0,0.0,0.0,0.0
2024-11-01,Haskell,TANF State Program,0,0,0,0,0.0,0.0,0.0
2024-11-01,Hays,TANF State Program,3,12,6,7,1409.16,425.68,115.4
2024-11-01,Hemphill,TANF State Program,0,0,0,0,0.0,0.0,0.0
2024-11-01,Henderson,TANF State Program,0,0,0,0,0.0,0.0,0.0
2024-11-01,Hidalgo,TANF State Program,20,75,40,36,7880.57,396.76,104.39
2024-11-01,Hill,TANF State Program,0,0,0,0,0.0,0.0,0.0
2024-11-01,Hockley,TANF State Program,0,0,0,0,0.0,0.0,0.0
2024-11-01,Hood,TANF State Program,0,0,0,0,0.0,0.0,0.0
2024-11-01,Hopkins,TANF State Program,0,0,0,0,0.0,0.0,0.0
2024-11-01,Houston,TANF State Program,0,0,0,0,0.0,0.0,0.0
2024-11-01,Howard,TANF State Program,0,0,0,0,0.0,0.0,0.0
2024-11-01,Hudspeth,TANF State Program,0,0,0,0,0.0,0.0,0.0
2024-11-01,Hunt,TANF State Program,1,4,2,2,403.99,366.12,90.98
2024-11-01,Hutchinson,TANF State Program,1,2,1,1,342.91,310.76,154.45
2024-11-01,Irion,TANF State Program,0,0,0,0,0.0,0.0,0.0
2024-11-01,Jack,TANF State Program,0,0,0,0,0.0,0.0,0.0
2024-11-01,Jackson,TANF State Program,0,0,0,0,0.0,0.0,0.0
2024-11-01,Jasper,TANF State Program,0,0,0,0,0.0,0.0,0.0
2024-11-01,Jeff Davis,TANF State Program,0,0,0,0,0.0,0.0,0.0
2024-11-01,Jefferson,TANF State Program,6,21,13,8,2152.85,390.2,102.07
2024-11-01,Jim Hogg,TANF State Program,0,0,0,0,0.0,0.0,0.0
2024-11-01,Jim Wells,TANF State Program,0,0,0,0,0.0,0.0,0.0
2024-11-01,Johnson,TANF State Program,0,0,0,0,0.0,0.0,0.0
2024-11-01,Jones,TANF State Program,0,0,0,0,0.0,0.0,0.0
2024-11-01,Karnes,TANF State Program,0,0,0,0,0.0,0.0,0.0
2024-11-01,Kaufman,TANF State Program,1,6,4,1,529.37,479.74,95.37
2024-11-01,Kendall,TANF State Program,0,0,0,0,0.0,0.0,0.0
2024-11-01,Kenedy,TANF State Program,0,0,0,0,0.0,0.0,0.0
2024-11-01,Kent,TANF State Program,0,0,0,0,0.0,0.0,0.0
2024-11-01,Kerr,TANF State Program,0,0,0,0,0.0,0.0,0.0
2024-11-01,Kimble,TANF State Program,0,0,0,0,0.0,0.0,0.0
2024-11-01,King,TANF State Program,0,0,0,0,0.0,0.0,0.0
2024-11-01,Kinney,TANF State Program,0,0,0,0,0.0,0.0,0.0
2024-11-01,Kleberg,TANF State Program,1,3,2,1,396.49,359.32,119.05
2024-11-01,Knox,TANF State Program,0,0,0,0,0.0,0.0,0.0
2024-11-01,La Salle,TANF State Program,0,0,0,0,0.0,0.0,0.0
2024-11-01,Lamar,TANF State Program,1,4,2,2,487.58,441.87,109.8
2024-11-01,Lamb,TANF State Program,1,7,4,2,619.39,561.32,92.99
2024-11-01,Lampasas,TANF State Program,0,0,0,0,0.0,0.0,0.0
2024-11-01,Lavaca,TANF State Program,0,0,0,0,0.0,0.0,0.0
2024-11-01,Lee,TANF State Program,0,0,0,0,0.0,0.0,0.0
2024-11-01,Leon,TANF State Program,0,0,0,0,0.0,0.0,0.0
2024-11-01,Liberty,TANF State Program,1,4,3,1,476.86,432.16,107.39
2024-11-01,Limestone,TANF State Program,1,4,2,2,487.58,441.87,109.8
2024-11-01,Lipscomb,TANF State Program,0,0,0,0,0.0,0.0,0.0
2024-11-01,Live Oak,TANF State Program,1,3,1,2,434.0,393.31,130.32
2024-11-01,Llano,TANF State Program,0,0,0,0,0.0,0.0,0.0
2024-11-01,Loving,TANF State Program,0,0,0,0,0.0,0.0,0.0
2024-11-01,Lubbock,TANF State Program,2,8,3,4,921.58,417.59,118.59
2024-11-01,Lynn,TANF State Program,0,0,0,0,0.0,0.0,0.0
2024-11-01,Madison,TANF State Program,0,0,0,0,0.0,0.0,0.0
2024-11-01,Marion,TANF State Program,1,4,2,2,487.58,441.87,109.8
2024-11-01,Martin,TANF State Program,0,0,0,0,0.0,0.0,0.0
2024-11-01,Mason,TANF State Program,0,0,0,0,0.0,0.0,0.0
2024-11-01,Matagorda,TANF State Program,0,0,0,0,0.0,0.0,0.0
2024-11-01,Maverick,TANF State Program,0,0,0,0,0.0,0.0,0.0
2024-11-01,Mcculloch,TANF State Program,0,0,0,0,0.0,0.0,0.0
2024-11-01,Mclennan,TANF State Program,4,22,13,9,1860.3,421.47,83.79
2024-11-01,Mcmullen,TANF State Program,0,0,0,0,0.0,0.0,0.0
2024-11-01,Medina,TANF State Program,1,6,3,2,565.81,512.76,101.94
2024-11-01,Menard,TANF State Program,0,0,0,0,0.0,0.0,0.0
2024-11-01,Midland,TANF State Program,4,20,11,9,2104.63,476.83,105.33
2024-11-01,Milam,TANF State Program,0,0,0,0,0.0,0.0,0.0
2024-11-01,Mills,TANF State Program,0,0,0,0,0.0,0.0,0.0
2024-11-01,Mitchell,TANF State Program,0,0,0,0,0.0,0.0,0.0
2024-11-01,Montague,TANF State Program,0,0,0,0,0.0,0.0,0.0
2024-11-01,Montgomery,TANF State Program,3,12,9,3,1235.56,373.24,101.18
2024-11-01,Moore,TANF State Program,1,3,1,2,434.0,393.31,130.32
2024-11-01,Morris,TANF State Program,0,0,0,0,0.0,0.0,0.0
2024-11-01,Motley,TANF State Program,0,0,0,0,0.0,0.0,0.0
2024-11-01,Nacogdoches,TANF State Program,0,0,0,0,0.0,0.0,0.0
2024-11-01,Navarro,TANF State Program,1,4,2,2,487.58,441.87,109.8
2024-11-01,Newton,TANF State Program,2,8,3,4,828.35,375.34,106.6
2024-11-01,Nolan,TANF State Program,0,0,0,0,0.0,0.0,0.0
2024-11-01,Nueces,TANF State Program,8,27,14,12,3050.86,394.98,114.51
2024-11-01,Ochiltree,TANF State Program,0,0,0,0,0.0,0.0,0.0
2024-11-01,Oldham,TANF State Program,0,0,0,0,0.0,0.0,0.0
2024-11-01,Orange,TANF State Program,0,0,0,0,0.0,0.0,0.0
2024-11-01,Palo Pinto,TANF State Program,0,0,0,0,0.0,0.0,0.0
2024-11-01,Panola,TANF State Program,0,0,0,0,0.0,0.0,0.0
2024-11-01,Parker,TANF State Program,2,10,6,4,1053.39,477.31,105.43
2024-11-01,Parmer,TANF State Program,0,0,0,0,0.0,0.0,0.0
2024-11-01,Pecos,TANF State Program,0,0,0,0,0.0,0.0,0.0
2024-11-01,Polk,TANF State Program,2,7,3,3,830.49,376.32,124.69
2024-11-01,Potter,TANF State Program,4,16,8,8,1778.86,403.02,114.46
2024-11-01,Presidio,TANF State Program,0,0,0,0,0.0,0.0,0.0
2024-11-01,Rains,TANF State Program,0,0,0,0,0.0,0.0,0.0
2024-11-01,Randall,TANF State Program,2,6,1,4,532.59,241.33,95.95
2024-11-01,Reagan,TANF State Program,0,0,0,0,0.0,0.0,0.0
2024-11-01,Real,TANF State Program,0,0,0,0,0.0,0.0,0.0
2024-11-01,Red River,TANF State Program,2,8,3,4,921.58,417.59,118.59
2024-11-01,Reeves,TANF State Program,0,0,0,0,0.0,0.0,0.0
2024-11-01,Refugio,TANF State Program,0,0,0,0,0.0,0.0,0.0
2024-11-01,Roberts,TANF State Program,0,0,0,0,0.0,0.0,0.0
2024-11-01,Robertson,TANF State Program,0,0,0,0,0.0,0.0,0.0
2024-11-01,Rockwall,TANF State Program,1,3,1,2,434.0,393.31,130.32
2024-11-01,Runnels,TANF State Program,0,0,0,0,0.0,0.0,0.0
2024-11-01,Rusk,TANF State Program,2,7,2,4,868.0,393.31,130.32
2024-11-01,Sabine,TANF State Program,0,0,0,0,0.0,0.0,0.0
2024-11-01,San Jacinto,TANF State Program,0,0,0,0,0.0,0.0,0.0
2024-11-01,San Juneine,TANF State Program,0,0,0,0,0.0,0.0,0.0
2024-11-01,San Patricio,TANF State Program,1,3,2,1,396.49,359.32,119.05
2024-11-01,San Saba,TANF State Program,1,2,1,1,308.62,279.69,139.0
2024-11-01,Schleicher,TANF State Program,0,0,0,0,0.0,0.0,0.0
2024-11-01,Scurry,TANF State Program,0,0,0,0,0.0,0.0,0.0
2024-11-01,Shackelford,TANF State Program,0,0,0,0,0.0,0.0,0.0
2024-11-01,Shelby,TANF State Program,0,0,0,0,0.0,0.0,0.0
2024-11-01,Sherman,TANF State Program,0,0,0,0,0.0,0.0,0.0
2024-11-01,Smith,TANF State Program,2,9,6,3,962.3,436.04,108.36
2024-11-01,Somervell,TANF State Program,0,0,0,0,0.0,0.0,0.0
2024-11-01,Starr,TANF State Program,0,0,0,0,0.0,0.0,0.0
2024-11-01,Stephens,TANF State Program,0,0,0,0,0.0,0.0,0.0
2024-11-01,Sterling,TANF State Program,0,0,0,0,0.0,0.0,0.0
2024-11-01,Stonewall,TANF State Program,0,0,0,0,0.0,0.0,0.0
2024-11-01,Sutton,TANF State Program,0,0,0,0,0.0,0.0,0.0
2024-11-01,Swisher,TANF State Program,0,0,0,0,0.0,0.0,0.0
2024-11-01,Tarrant,TANF State Program,19,69,35,33,6537.85,348.52,94.99
2024-11-01,Taylor,TANF State Program,2,11,7,4,1131.61,512.76,101.94
2024-11-01,Terrell,TANF State Program,0,0,0,0,0.0,0.0,0.0
2024-11-01,Terry,TANF State Program,0,0,0,0,0.0,0.0,0.0
2024-11-01,Throckmorton,TANF State Program,0,0,0,0,0.0,0.0,0.0
2024-11-01,Titus,TANF State Program,0,0,0,0,0.0,0.0,0.0
2024-11-01,Tom Green,TANF State Program,1,8,6,2,695.47,630.27,89.5
2024-11-01,Travis,TANF State Program,21,72,30,42,7896.65,376.65,109.44
2024-11-01,Trinity,TANF State Program,0,0,0,0,0.0,0.0,0.0
2024-11-01,Tyler,TANF State Program,0,0,0,0,0.0,0.0,0.0
2024-11-01,Upshur,TANF State Program,0,0,0,0,0.0,0.0,0.0
2024-11-01,Upton,TANF State Program,0,0,0,0,0.0,0.0,0.0
2024-11-01,Uvalde,TANF State Program,0,0,0,0,0.0,0.0,0.0
2024-11-01,Val Verde,TANF State Program,1,8,6,2,695.47,630.27,89.5
2024-11-01,Van Zandt,TANF State Program,0,0,0,0,0.0,0.0,0.0
2024-11-01,Victoria,TANF State Program,2,11,8,3,1096.25,496.74,98.75
2024-11-01,Walker,TANF State Program,1,2,0,2,262.54,237.93,118.25
2024-11-01,Waller,TANF State Program,0,0,0,0,0.0,0.0,0.0
2024-11-01,Ward,TANF State Program,0,0,0,0,0.0,0.0,0.0
2024-11-01,Washington,TANF State Program,0,0,0,0,0.0,0.0,0.0
2024-11-01,Webb,TANF State Program,1,3,1,2,434.0,393.31,130.32
2024-11-01,Wharton,TANF State Program,0,0,0,0,0.0,0.0,0.0
2024-11-01,Wheeler,TANF State Program,0,0,0,0,0.0,0.0,0.0
2024-11-01,Wichita,TANF State Program,1,7,4,2,619.39,561.32,92.99
2024-11-01,Wilbarger,TANF State Program,1,3,1,2,434.0,393.31,130.32
2024-11-01,Willacy,TANF State Program,0,0,0,0,0.0,0.0,0.0
2024-11-01,Williamson,TANF State Program,12,47,23,23,4979.74,410.26,106.8
2024-11-01,Wilson,TANF State Program,0,0,0,0,0.0,0.0,0.0
2024-11-01,Winkler,TANF State Program,0,0,0,0,0.0,0.0,0.0
2024-11-01,Wise,TANF State Program,1,7,4,2,619.39,561.32,92.99
2024-11-01,Wood,TANF State Program,1,4,3,1,476.86,432.16,107.39
2024-11-01,Yoakum,TANF State Program,0,0,0,0,0.0,0.0,0.0
2024-11-01,Young,TANF State Program,1,4,2,2,487.58,441.87,109.8
2024-11-01,Zapata,TANF State Program,0,0,0,0,0.0,0.0,0.0
2024-11-01,Zavala,TANF State Program,0,0,0,0,0.0,0.0,0.0
2024-12-01,Anderson,TANF Basic,21,46,34,13,5453.79,264.27,118.12
2024-12-01,Andrews,TANF Basic,3,9,7,2,995.71,305.57,113.22
2024-12-01,Angelina,TANF Basic,31,78,62,16,8168.3,259.32,104.65
2024-12-01,Aransas,TANF Basic,12,29,21,8,3430.04,287.08,120.0
2024-12-01,Archer,TANF Basic,1,1,1,0,135.78,125.01,123.51
2024-12-01,Armstrong,TANF Basic,0,0,0,0,0.0,0.0,0.0
2024-12-01,Atascosa,TANF Basic,25,66,51,15,6694.13,267.96,101.49
2024-12-01,Austin,TANF Basic,4,8,5,2,829.76,190.98,107.83
2024-12-01,Bailey,TANF Basic,2,5,4,1,386.86,178.09,70.38
2024-12-01,Bandera,TANF Basic,1,2,1,1,299.58,275.81,136.25
2024-12-01,Bastrop,TANF Basic,25,51,39,11,5978.59,239.32,118.23
2024-12-01,Baylor,TANF Basic,5,14,13,1,1320.07,243.07,92.37
2024-12-01,Bee,TANF Basic,20,63,50,13,5216.72,266.83,83.25
2024-12-01,Bell,TANF Basic,244,613,438,177,69334.64,283.71,113.03
2024-12-01,Bexar,TANF Basic,747,1845,1411,437,196670.67,263.18,106.62
2024-12-01,Blanco,TANF Basic,1,5,4,1,532.34,490.11,96.85
2024-12-01,Borden,TANF Basic,0,0,0,0,0.0,0.0,0.0
2024-12-01,Bosque,TANF Basic,2,2,1,1,301.73,138.9,137.23
2024-12-01,Bowie,TANF Basic,55,133,106,27,14047.75,253.59,105.61
2024-12-01,Brazoria,TANF Basic,49,89,72,17,9476.52,193.88,106.42
2024-12-01,Brazos,TANF Basic,61,159,129,31,16098.45,264.67,100.99
2024-12-01,Brewster,TANF Basic,1,3,2,1,398.72,367.09,120.9
2024-12-01,Briscoe,TANF Basic,0,0,0,0,0.0,0.0,0.0
2024-12-01,Brooks,TANF Basic,3,7,4,2,844.85,259.27,128.09
2024-12-01,Brown,TANF Basic,12,22,16,6,2380.45,199.24,108.27
2024-12-01,Burleson,TANF Basic,4,15,12,3,1634.74,376.26,106.22
2024-12-01,Burnet,TANF Basic,11,30,24,6,3171.41,291.98,106.85
2024-12-01,Caldwell,TANF Basic,11,22,16,6,2556.1,235.33,116.26
2024-12-01,Calhoun,TANF Basic,2,3,3,0,236.0,108.64,71.56
2024-12-01,Callahan,TANF Basic,0,0,0,0,0.0,0.0,0.0
2024-12-01,Cameron,TANF Basic,428,1065,954,107,97845.02,228.64,91.85
2024-12-01,Camp,TANF Basic,7,12,8,5,1711.25,262.58,141.51
2024-12-01,Carson,TANF Basic,2,4,3,1,540.96,249.02,123.02
2024-12-01,Cass,TANF Basic,7,14,12,2,1441.84,221.24,100.89
2024-12-01,Castro,TANF Basic,2,5,5,0,463.37,213.31,84.3
2024-12-01,Chambers,TANF Basic,9,13,11,2,1619.65,186.4,122.78
2024-12-01,Cherokee,TANF Basic,16,41,33,8,4184.37,256.83,102.87
2024-12-01,Childress,TANF Basic,3,8,4,3,836.23,256.63,108.67
2024-12-01,Clay,TANF Basic,3,5,4,1,676.74,207.68,123.12
2024-12-01,Cochran,TANF Basic,0,0,0,0,0.0,0.0,0.0
2024-12-01,Coke,TANF Basic,1,2,1,1,147.63,135.92,67.15
2024-12-01,Coleman,TANF Basic,2,5,4,1,619.63,285.24,112.73
2024-12-01,Collin,TANF Basic,181,438,325,114,48649.88,268.21,111.19
2024-12-01,Collingsworth,TANF Basic,0,0,0,0,0.0,0.0,0.0
2024-12-01,Colorado,TANF Basic,3,4,1,3,598.07,183.54,136.01
2024-12-01,Comal,TANF Basic,22,43,31,13,5124.05,235.88,119.51
2024-12-01,Comanche,TANF Basic,5,15,11,5,1826.55,336.33,118.68
2024-12-01,Concho,TANF Basic,0,0,0,0,0.0,0.0,0.0
2024-12-01,Cooke,TANF Basic,9,18,14,3,1990.35,229.06,113.16
2024-12-01,Coryell,TANF Basic,23,53,40,13,5934.41,260.17,112.46
2024-12-01,Cottle,TANF Basic,0,0,0,0,0.0,0.0,0.0
2024-12-01,Crane,TANF Basic,0,0,0,0,0.0,0.0,0.0
2024-12-01,Crockett,TANF Basic,0,0,0,0,0.0,0.0,0.0
2024-12-01,Crosby,TANF Basic,1,2,1,1,310.35,285.73,141.16
2024-12-01,Culberson,TANF Basic,0,0,0,0,0.0,0.0,0.0
2024-12-01,Dallam,TANF Basic,2,2,2,0,216.6,99.71,98.51
2024-12-01,Dallas,TANF Basic,997,2520,1883,643,272501.16,273.29,108.15
2024-12-01,Dawson,TANF Basic,5,8,5,2,1043.13,192.08,135.55
2024-12-01,Deaf Smith,TANF Basic,7,16,14,2,1675.69,257.13,101.62
2024-12-01,Delta,TANF Basic,1,2,2,0,156.25,143.86,71.07
2024-12-01,Denton,TANF Basic,124,312,238,75,32911.35,265.79,105.41
2024-12-01,Dewitt,TANF Basic,4,9,9,0,795.28,183.05,90.43
2024-12-01,Dickens,TANF Basic,0,0,0,0,0.0,0.0,0.0
2024-12-01,Dimmit,TANF Basic,4,12,9,3,1267.27,291.68,104.8
2024-12-01,Donley,TANF Basic,0,0,0,0,0.0,0.0,0.0
2024-12-01,Duval,TANF Basic,5,18,13,5,1748.96,322.04,99.43
2024-12-01,Eastland,TANF Basic,5,11,9,2,1296.37,238.7,117.92
2024-12-01,Ector,TANF Basic,59,145,116,30,15152.3,258.34,104.42
2024-12-01,Edwards,TANF Basic,0,0,0,0,0.0,0.0,0.0
2024-12-01,El Paso,TANF Basic,391,964,739,226,103961.55,265.87,107.83
2024-12-01,Ellis,TANF Basic,31,84,66,17,8682.32,275.64,103.92
2024-12-01,Erath,TANF Basic,12,30,22,8,3155.25,264.09,106.3
2024-12-01,Falls,TANF Basic,4,11,7,5,1449.39,333.6,131.84
2024-12-01,Fannin,TANF Basic,20,45,32,14,5090.64,260.38,112.94
2024-12-01,Fayette,TANF Basic,2,5,4,1,437.51,201.4,79.6
2024-12-01,Fisher,TANF Basic,0,0,0,0,0.0,0.0,0.0
2024-12-01,Floyd,TANF Basic,0,0,0,0,0.0,0.0,0.0
2024-12-01,Foard,TANF Basic,0,0,0,0,0.0,0.0,0.0
2024-12-01,Fort Bend,TANF Basic,89,213,166,48,21808.71,244.86,102.26
2024-12-01,Franklin,TANF Basic,1,2,1,1,344.84,317.48,156.84
2024-12-01,Freestone,TANF Basic,9,22,15,7,2609.98,300.37,118.71
2024-12-01,Frio,TANF Basic,12,32,24,8,2763.0,231.25,86.67
2024-12-01,Gaines,TANF Basic,4,10,9,1,972.01,223.72,98.24
2024-12-01,Galveston,TANF Basic,72,180,145,35,17987.5,250.92,99.77
2024-12-01,Garza,TANF Basic,0,0,0,0,0.0,0.0,0.0
2024-12-01,Gillespie,TANF Basic,3,7,5,1,619.63,190.16,93.94
2024-12-01,Glasscock,TANF Basic,1,2,2,0,196.13,180.57,89.2
2024-12-01,Goliad,TANF Basic,2,4,2,2,689.67,317.48,156.84
2024-12-01,Gonzales,TANF Basic,3,7,5,1,669.2,205.37,101.46
2024-12-01,Gray,TANF Basic,7,13,11,2,1426.76,218.93,108.15
2024-12-01,Grayson,TANF Basic,45,95,72,23,10722.24,240.77,113.41
2024-12-01,Gregg,TANF Basic,49,102,71,32,11629.59,237.93,113.75
2024-12-01,Grimes,TANF Basic,5,10,5,5,1484.95,273.43,150.09
2024-12-01,Guadalupe,TANF Basic,43,112,81,32,12259.99,282.18,109.34
2024-12-01,Hale,TANF Basic,11,24,17,7,2988.22,275.12,123.56
2024-12-01,Hall,TANF Basic,1,2,2,0,196.13,180.57,89.2
2024-12-01,Hamilton,TANF Basic,2,4,3,1,456.91,210.33,103.91
2024-12-01,Hansford,TANF Basic,2,5,3,2,743.55,342.28,135.27
2024-12-01,Hardeman,TANF Basic,2,3,3,0,331.9,152.79,100.64
2024-12-01,Hardin,TANF Basic,9,16,12,5,1940.78,223.35,117.69
2024-12-01,Harris,TANF Basic,1201,2889,2290,599,296445.7,246.77,102.61
2024-12-01,Harrison,TANF Basic,21,62,51,10,6292.18,304.9,102.21
2024-12-01,Hartley,TANF Basic,0,0,0,0,0.0,0.0,0.0
2024-12-01,Haskell,TANF Basic,3,11,9,2,959.07,294.33,87.24
2024-12-01,Hays,TANF Basic,41,118,83,35,13237.39,320.72,112.54
2024-12-01,Hemphill,TANF Basic,1,1,1,0,135.78,125.01,123.51
2024-12-01,Henderson,TANF Basic,27,53,41,11,5983.98,220.37,113.4
2024-12-01,Hidalgo,TANF Basic,1181,3250,3028,202,280811.7,237.84,86.41
2024-12-01,Hill,TANF Basic,11,18,14,3,1905.22,175.41,108.32
2024-12-01,Hockley,TANF Basic,9,20,14,6,2433.25,280.03,122.97
2024-12-01,Hood,TANF Basic,10,18,13,5,1956.94,200.19,111.26
2024-12-01,Hopkins,TANF Basic,10,36,31,6,3659.57,374.36,100.88
2024-12-01,Houston,TANF Basic,9,20,17,2,2005.44,230.79,101.35
2024-12-01,Howard,TANF Basic,8,19,14,5,2167.08,285.02,115.96
2024-12-01,Hudspeth,TANF Basic,2,3,2,1,362.08,166.68,109.79
2024-12-01,Hunt,TANF Basic,29,79,60,19,8182.31,279.01,103.38
2024-12-01,Hutchinson,TANF Basic,11,25,19,7,2760.84,254.18,109.19
2024-12-01,Irion,TANF Basic,1,2,2,0,196.13,180.57,89.2
2024-12-01,Jack,TANF Basic,1,3,2,1,398.72,367.09,120.9
2024-12-01,Jackson,TANF Basic,3,7,4,2,788.81,242.08,119.59
2024-12-01,Jasper,TANF Basic,18,41,33,8,4517.35,244.65,111.06
2024-12-01,Jeff Davis,TANF Basic,0,0,0,0,0.0,0.0,0.0
2024-12-01,Jefferson,TANF Basic,164,419,314,106,44521.54,271.45,106.3
2024-12-01,Jim Hogg,TANF Basic,1,1,1,0,135.78,125.01,123.51
2024-12-01,Jim Wells,TANF Basic,14,43,34,9,4279.2,303.06,99.81
2024-12-01,Johnson,TANF Basic,41,93,76,17,9170.48,222.18,98.14
2024-12-01,Jones,TANF Basic,4,12,9,3,1227.4,282.51,101.5
2024-12-01,Karnes,TANF Basic,4,12,11,1,1183.22,272.34,97.85
2024-12-01,Kaufman,TANF Basic,71,209,167,42,21408.92,303.24,102.5
2024-12-01,Kendall,TANF Basic,8,15,10,6,1930.0,253.84,125.4
2024-12-01,Kenedy,TANF Basic,0,0,0,0,0.0,0.0,0.0
2024-12-01,Kent,TANF Basic,1,3,3,0,274.79,252.99,83.32
2024-12-01,Kerr,TANF Basic,5,10,8,2,1217.7,224.22,123.08
2024-12-01,Kimble,TANF Basic,0,0,0,0,0.0,0.0,0.0
2024-12-01,King,TANF Basic,0,0,0,0,0.0,0.0,0.0
2024-12-01,Kinney,TANF Basic,0,0,0,0,0.0,0.0,0.0
2024-12-01,Kleberg,TANF Basic,16,40,31,9,4277.04,262.52,108.07
2024-12-01,Knox,TANF Basic,0,0,0,0,0.0,0.0,0.0
2024-12-01,La Salle,TANF Basic,1,3,2,1,398.72,367.09,120.9
2024-12-01,Lamar,TANF Basic,38,75,62,13,8123.04,213.68,108.66
2024-12-01,Lamb,TANF Basic,7,12,11,1,1131.49,173.62,93.57
2024-12-01,Lampasas,TANF Basic,10,15,11,5,1788.84,182.99,116.23
2024-12-01,Lavaca,TANF Basic,2,4,4,0,392.25,180.57,89.2
2024-12-01,Lee,TANF Basic,4,5,5,0,603.46,138.9,109.79
2024-12-01,Leon,TANF Basic,5,12,10,2,1307.14,240.69,108.09
2024-12-01,Liberty,TANF Basic,35,60,51,9,6404.25,184.26,105.92
2024-12-01,Limestone,TANF Basic,12,23,17,6,2787.78,233.33,120.76
2024-12-01,Lipscomb,TANF Basic,1,4,3,1,479.54,441.49,109.05
2024-12-01,Live Oak,TANF Basic,0,0,0,0,0.0,0.0,0.0
2024-12-01,Llano,TANF Basic,2,8,5,2,700.45,322.44,91.02
2024-12-01,Loving,TANF Basic,0,0,0,0,0.0,0.0,0.0
2024-12-01,Lubbock,TANF Basic,127,319,234,85,35289.64,277.69,110.69
2024-12-01,Lynn,TANF Basic,0,0,0,0,0.0,0.0,0.0
2024-12-01,Madison,TANF Basic,8,11,10,1,1174.6,154.49,106.85
2024-12-01,Marion,TANF Basic,3,5,5,0,546.35,167.67,99.4
2024-12-01,Martin,TANF Basic,1,2,1,1,344.84,317.48,156.84
2024-12-01,Mason,TANF Basic,0,0,0,0,0.0,0.0,0.0
2024-12-01,Matagorda,TANF Basic,9,23,21,2,2057.16,236.75,89.11
2024-12-01,Maverick,TANF Basic,20,62,49,13,6078.81,310.92,98.74
2024-12-01,Mcculloch,TANF Basic,2,5,5,0,288.8,132.94,52.54
2024-12-01,Mclennan,TANF Basic,100,235,184,51,25067.41,250.86,106.55
2024-12-01,Mcmullen,TANF Basic,0,0,0,0,0.0,0.0,0.0
2024-12-01,Medina,TANF Basic,9,16,14,2,1817.93,209.21,110.25
2024-12-01,Menard,TANF Basic,0,0,0,0,0.0,0.0,0.0
2024-12-01,Midland,TANF Basic,51,112,90,22,11599.42,227.22,103.44
2024-12-01,Milam,TANF Basic,1,1,1,0,135.78,125.01,123.51
2024-12-01,Mills,TANF Basic,1,1,1,0,122.85,113.1,111.75
2024-12-01,Mitchell,TANF Basic,0,0,0,0,0.0,0.0,0.0
2024-12-01,Montague,TANF Basic,5,10,8,2,1176.75,216.68,118.94
2024-12-01,Montgomery,TANF Basic,73,157,129,28,16984.24,233.39,108.04
2024-12-01,Moore,TANF Basic,8,18,14,3,1945.09,255.83,110.58
2024-12-01,Morris,TANF Basic,15,32,26,6,3480.69,228.9,109.18
2024-12-01,Motley,TANF Basic,0,0,0,0,0.0,0.0,0.0
2024-12-01,Nacogdoches,TANF Basic,29,75,59,16,7811.61,266.37,104.5
2024-12-01,Navarro,TANF Basic,25,49,38,11,5587.42,223.66,112.95
2024-12-01,Newton,TANF Basic,3,8,8,0,659.5,202.39,85.7
2024-12-01,Nolan,TANF Basic,4,9,9,0,804.98,185.28,91.53
2024-12-01,Nueces,TANF Basic,173,386,298,89,42019.33,243.31,108.9
2024-12-01,Ochiltree,TANF Basic,2,4,4,0,410.57,189.0,93.37
2024-12-01,Oldham,TANF Basic,1,2,2,0,196.13,180.57,89.2
2024-12-01,Orange,TANF Basic,35,79,60,19,8925.86,256.8,112.77
2024-12-01,Palo Pinto,TANF Basic,12,30,24,6,3092.75,258.85,104.2
2024-12-01,Panola,TANF Basic,9,21,16,5,2205.87,253.86,105.61
2024-12-01,Parker,TANF Basic,15,36,26,10,4073.37,267.87,112.28
2024-12-01,Parmer,TANF Basic,0,0,0,0,0.0,0.0,0.0
2024-12-01,Pecos,TANF Basic,1,2,1,1,206.9,190.49,94.1
2024-12-01,Polk,TANF Basic,23,43,34,9,5015.21,219.87,116.98
2024-12-01,Potter,TANF Basic,65,154,117,38,15506.84,237.94,100.76
2024-12-01,Presidio,TANF Basic,4,8,8,0,742.47,170.89,96.48
2024-12-01,Rains,TANF Basic,2,3,3,0,331.9,152.79,100.64
2024-12-01,Randall,TANF Basic,17,30,23,7,3535.65,203.45,119.12
2024-12-01,Reagan,TANF Basic,0,0,0,0,0.0,0.0,0.0
2024-12-01,Real,TANF Basic,0,0,0,0,0.0,0.0,0.0
2024-12-01,Red River,TANF Basic,10,24,19,6,2313.63,236.68,95.66
2024-12-01,Reeves,TANF Basic,5,13,10,3,1551.76,285.73,117.63
2024-12-01,Refugio,TANF Basic,0,0,0,0,0.0,0.0,0.0
2024-12-01,Roberts,TANF Basic,0,0,0,0,0.0,0.0,0.0
2024-12-01,Robertson,TANF Basic,21,55,38,17,6355.76,307.98,115.63
2024-12-01,Rockwall,TANF Basic,20,68,56,13,6193.04,316.76,90.86
2024-12-01,Runnels,TANF Basic,2,4,2,2,689.67,317.48,156.84
2024-12-01,Rusk,TANF Basic,7,10,7,3,1441.84,221.24,145.73
2024-12-01,Sabine,TANF Basic,5,9,8,1,1008.64,185.73,114.69
2024-12-01,San Jacinto,TANF Basic,12,21,16,5,2575.49,215.56,123.3
2024-12-01,San Juneine,TANF Basic,1,2,2,0,196.13,180.57,89.2
2024-12-01,San Patricio,TANF Basic,27,69,47,23,8147.83,300.06,117.65
2024-12-01,San Saba,TANF Basic,0,0,0,0,0.0,0.0,0.0
2024-12-01,Schleicher,TANF Basic,0,0,0,0,0.0,0.0,0.0
2024-12-01,Scurry,TANF Basic,5,10,8,2,1211.24,223.03,122.42
2024-12-01,Shackelford,TANF Basic,0,0,0,0,0.0,0.0,0.0
2024-12-01,Shelby,TANF Basic,13,24,17,7,2681.1,205.7,110.86
2024-12-01,Sherman,TANF Basic,0,0,0,0,0.0,0.0,0.0
2024-12-01,Smith,TANF Basic,37,92,70,23,10225.46,276.89,110.73
2024-12-01,Somervell,TANF Basic,0,0,0,0,0.0,0.0,0.0
2024-12-01,Starr,TANF Basic,63,169,150,18,15928.18,252.84,94.08
2024-12-01,Stephens,TANF Basic,2,3,2,1,446.13,205.37,0.0
2024-12-01,Sterling,TANF Basic,0,0,0,0,0.0,0.0,80.38
2024-12-01,Stonewall,TANF Basic,1,2,2,0,176.73,162.71,80.38
2024-12-01,Sutton,TANF Basic,1,1,1,0,67.89,62.5,61.76
2024-12-01,Swisher,TANF Basic,2,9,7,2,648.72,298.63,73.76
2024-12-01,Tarrant,TANF Basic,594,1542,1170,375,162582.57,273.65,105.41
2024-12-01,Taylor,TANF Basic,73,165,129,36,18283.84,251.24,110.88
2024-12-01,Terrell,TANF Basic,0,0,0,0,0.0,0.0,0.0
2024-12-01,Terry,TANF Basic,5,13,10,3,1553.92,286.13,117.79
2024-12-01,Throckmorton,TANF Basic,0,0,0,0,0.0,0.0,0.0
2024-12-01,Titus,TANF Basic,7,14,10,5,1794.22,275.31,125.55
2024-12-01,Tom Green,TANF Basic,41,104,76,28,11508.9,278.84,110.2
2024-12-01,Travis,TANF Basic,294,656,497,160,72458.64,246.16,110.4
2024-12-01,Trinity,TANF Basic,3,10,8,2,561.44,172.3,56.75
2024-12-01,Tyler,TANF Basic,2,2,2,0,266.17,122.53,121.06
2024-12-01,Upshur,TANF Basic,9,23,15,8,2662.78,306.44,115.34
2024-12-01,Upton,TANF Basic,1,3,2,1,251.08,231.16,76.13
2024-12-01,Uvalde,TANF Basic,16,37,27,10,4212.39,258.55,112.7
2024-12-01,Val Verde,TANF Basic,28,74,58,16,7586.39,268.64,103.0
2024-12-01,Van Zandt,TANF Basic,16,33,26,7,3487.15,214.03,105.74
2024-12-01,Victoria,TANF Basic,26,66,55,11,6538.95,250.84,99.14
2024-12-01,Walker,TANF Basic,21,43,35,8,4677.91,226.67,109.11
2024-12-01,Waller,TANF Basic,7,19,15,3,1889.05,289.87,101.08
2024-12-01,Ward,TANF Basic,2,10,9,1,580.83,267.38,58.71
2024-12-01,Washington,TANF Basic,9,23,16,7,2446.18,281.52,105.96
2024-12-01,Webb,TANF Basic,105,290,267,22,25303.41,240.17,87.19
2024-12-01,Wharton,TANF Basic,5,14,11,3,1294.21,238.31,90.56
2024-12-01,Wheeler,TANF Basic,0,0,0,0,0.0,0.0,0.0
2024-12-01,Wichita,TANF Basic,58,133,100,33,14434.61,250.75,108.52
2024-12-01,Wilbarger,TANF Basic,1,1,1,0,135.78,125.01,123.51
2024-12-01,Willacy,TANF Basic,7,15,12,3,1740.34,267.05,113.08
2024-12-01,Williamson,TANF Basic,83,191,134,58,22370.15,270.99,116.95
2024-12-01,Wilson,TANF Basic,7,12,8,5,1428.91,219.26,118.16
2024-12-01,Winkler,TANF Basic,0,0,0,0,0.0,0.0,0.0
2024-12-01,Wise,TANF Basic,7,14,10,5,1508.66,231.5,105.56
2024-12-01,Wood,TANF Basic,8,13,12,1,1419.22,186.66,107.58
2024-12-01,Yoakum,TANF Basic,1,4,3,1,205.82,189.5,46.81
2024-12-01,Young,TANF Basic,5,12,8,5,1325.46,244.06,109.61
2024-12-01,Zapata,TANF Basic,5,19,16,2,1702.63,313.51,91.11
2024-12-01,Zavala,TANF Basic,9,22,19,3,2279.15,262.29,103.66
2024-12-01,Anderson,TANF State Program,1,3,1,2,429.18,389.59,129.78
2024-12-01,Andrews,TANF State Program,0,0,0,0,0.0,0.0,0.0
2024-12-01,Angelina,TANF State Program,0,0,0,0,0.0,0.0,0.0
2024-12-01,Aransas,TANF State Program,0,0,0,0,0.0,0.0,0.0
2024-12-01,Archer,TANF State Program,0,0,0,0,0.0,0.0,0.0
2024-12-01,Armstrong,TANF State Program,0,0,0,0,0.0,0.0,0.0
2024-12-01,Atascosa,TANF State Program,3,12,7,5,1091.5,330.27,90.02
2024-12-01,Austin,TANF State Program,0,0,0,0,0.0,0.0,0.0
2024-12-01,Bailey,TANF State Program,0,0,0,0,0.0,0.0,0.0
2024-12-01,Bandera,TANF State Program,0,0,0,0,0.0,0.0,0.0
2024-12-01,Bastrop,TANF State Program,1,3,1,2,429.18,389.59,129.78
2024-12-01,Baylor,TANF State Program,0,0,0,0,0.0,0.0,0.0
2024-12-01,Bee,TANF State Program,0,0,0,0,0.0,0.0,0.0
2024-12-01,Bell,TANF State Program,11,37,20,18,4169.96,378.53,111.26
2024-12-01,Bexar,TANF State Program,36,133,74,59,14105.8,388.01,105.76
2024-12-01,Blanco,TANF State Program,0,0,0,0,0.0,0.0,0.0
2024-12-01,Borden,TANF State Program,0,0,0,0,0.0,0.0,0.0
2024-12-01,Bosque,TANF State Program,0,0,0,0,0.0,0.0,0.0
2024-12-01,Bowie,TANF State Program,2,8,3,4,911.35,413.64,118.11
2024-12-01,Brazoria,TANF State Program,1,7,4,2,612.51,556.0,92.61
2024-12-01,Brazos,TANF State Program,1,4,2,2,253.27,229.91,57.44
2024-12-01,Brewster,TANF State Program,0,0,0,0,0.0,0.0,0.0
2024-12-01,Briscoe,TANF State Program,0,0,0,0,0.0,0.0,0.0
2024-12-01,Brooks,TANF State Program,0,0,0,0,0.0,0.0,0.0
2024-12-01,Brown,TANF State Program,0,0,0,0,0.0,0.0,0.0
2024-12-01,Burleson,TANF State Program,0,0,0,0,0.0,0.0,0.0
2024-12-01,Burnet,TANF State Program,1,1,1,0,133.52,121.21,121.13
2024-12-01,Caldwell,TANF State Program,0,0,0,0,0.0,0.0,0.0
2024-12-01,Calhoun,TANF State Program,0,0,0,0,0.0,0.0,0.0
2024-12-01,Callahan,TANF State Program,0,0,0,0,0.0,0.0,0.0
2024-12-01,Cameron,TANF State Program,12,39,18,21,4246.26,350.41,110.06
2024-12-01,Camp,TANF State Program,0,0,0,0,0.0,0.0,0.0
2024-12-01,Carson,TANF State Program,0,0,0,0,0.0,0.0,0.0
2024-12-01,Cass,TANF State Program,0,0,0,0,0.0,0.0,0.0
2024-12-01,Castro,TANF State Program,0,0,0,0,0.0,0.0,0.0
2024-12-01,Chambers,TANF State Program,0,0,0,0,0.0,0.0,0.0
2024-12-01,Cherokee,TANF State Program,0,0,0,0,0.0,0.0,0.0
2024-12-01,Childress,TANF State Program,0,0,0,0,0.0,0.0,0.0
2024-12-01,Clay,TANF State Program,0,0,0,0,0.0,0.0,0.0
2024-12-01,Cochran,TANF State Program,0,0,0,0,0.0,0.0,0.0
2024-12-01,Coke,TANF State Program,0,0,0,0,0.0,0.0,0.0
2024-12-01,Coleman,TANF State Program,0,0,0,0,0.0,0.0,0.0
2024-12-01,Collin,TANF State Program,4,14,11,3,815.98,185.17,56.94
2024-12-01,Collingsworth,TANF State Program,0,0,0,0,0.0,0.0,0.0
2024-12-01,Colorado,TANF State Program,1,6,3,2,240.55,218.36,43.65
2024-12-01,Comal,TANF State Program,0,0,0,0,0.0,0.0,0.0
2024-12-01,Comanche,TANF State Program,0,0,0,0,0.0,0.0,0.0
2024-12-01,Concho,TANF State Program,0,0,0,0,0.0,0.0,0.0
2024-12-01,Cooke,TANF State Program,0,0,0,0,0.0,0.0,0.0
2024-12-01,Coryell,TANF State Program,2,7,3,3,821.28,372.75,124.17
2024-12-01,Cottle,TANF State Program,0,0,0,0,0.0,0.0,0.0
2024-12-01,Crane,TANF State Program,0,0,0,0,0.0,0.0,0.0
2024-12-01,Crockett,TANF State Program,0,0,0,0,0.0,0.0,0.0
2024-12-01,Crosby,TANF State Program,1,3,1,2,429.18,389.59,129.78
2024-12-01,Culberson,TANF State Program,0,0,0,0,0.0,0.0,0.0
2024-12-01,Dallam,TANF State Program,0,0,0,0,0.0,0.0,0.0
2024-12-01,Dallas,TANF State Program,18,62,29,33,6798.04,385.68,110.13
2024-12-01,Dawson,TANF State Program,0,0,0,0,0.0,0.0,0.0
2024-12-01,Deaf Smith,TANF State Program,1,8,6,2,687.75,624.3,89.13
2024-12-01,Delta,TANF State Program,0,0,0,0,0.0,0.0,0.0
2024-12-01,Denton,TANF State Program,2,10,6,4,1041.7,472.8,105.0
2024-12-01,Dewitt,TANF State Program,0,0,0,0,0.0,0.0,0.0
2024-12-01,Dickens,TANF State Program,0,0,0,0,0.0,0.0,0.0
2024-12-01,Dimmit,TANF State Program,0,0,0,0,0.0,0.0,0.0
2024-12-01,Donley,TANF State Program,0,0,0,0,0.0,0.0,0.0
2024-12-01,Duval,TANF State Program,1,3,2,1,392.09,355.92,118.57
2024-12-01,Eastland,TANF State Program,0,0,0,0,0.0,0.0,0.0
2024-12-01,Ector,TANF State Program,4,14,6,9,1769.72,401.61,123.5
2024-12-01,Edwards,TANF State Program,0,0,0,0,0.0,0.0,0.0
2024-12-01,El Paso,TANF State Program,13,46,24,22,5154.43,389.91,111.33
2024-12-01,Ellis,TANF State Program,2,6,1,4,688.81,312.63,124.97
2024-12-01,Erath,TANF State Program,0,0,0,0,0.0,0.0,0.0
2024-12-01,Falls,TANF State Program,0,0,0,0,0.0,0.0,0.0
2024-12-01,Fannin,TANF State Program,2,4,2,2,678.21,307.82,153.82
2024-12-01,Fayette,TANF State Program,0,0,0,0,0.0,0.0,0.0
2024-12-01,Fisher,TANF State Program,0,0,0,0,0.0,0.0,0.0
2024-12-01,Floyd,TANF State Program,0,0,0,0,0.0,0.0,0.0
2024-12-01,Foard,TANF State Program,0,0,0,0,0.0,0.0,0.0
2024-12-01,Fort Bend,TANF State Program,6,14,8,7,1554.59,282.24,108.48
2024-12-01,Franklin,TANF State Program,0,0,0,0,0.0,0.0,0.0
2024-12-01,Freestone,TANF State Program,0,0,0,0,0.0,0.0,0.0
2024-12-01,Frio,TANF State Program,2,17,12,4,842.47,382.37,50.95
2024-12-01,Gaines,TANF State Program,0,0,0,0,0.0,0.0,0.0
2024-12-01,Galveston,TANF State Program,2,7,2,4,858.37,389.59,129.78
2024-12-01,Garza,TANF State Program,0,0,0,0,0.0,0.0,0.0
2024-12-01,Gillespie,TANF State Program,0,0,0,0,0.0,0.0,0.0
2024-12-01,Glasscock,TANF State Program,0,0,0,0,0.0,0.0,0.0
2024-12-01,Goliad,TANF State Program,0,0,0,0,0.0,0.0,0.0
2024-12-01,Gonzales,TANF State Program,0,0,0,0,0.0,0.0,0.0
2024-12-01,Gray,TANF State Program,0,0,0,0,0.0,0.0,0.0
2024-12-01,Grayson,TANF State Program,1,3,2,1,392.09,355.92,118.57
2024-12-01,Gregg,TANF State Program,4,14,8,7,1570.49,356.4,109.59
2024-12-01,Grimes,TANF State Program,0,0,0,0,0.0,0.0,0.0
2024-12-01,Guadalupe,TANF State Program,4,14,7,8,1560.95,354.24,108.93
2024-12-01,Hale,TANF State Program,4,14,6,9,1769.72,401.61,123.5
2024-12-01,Hall,TANF State Program,0,0,0,0,0.0,0.0,0.0
2024-12-01,Hamilton,TANF State Program,0,0,0,0,0.0,0.0,0.0
2024-12-01,Hansford,TANF State Program,0,0,0,0,0.0,0.0,0.0
2024-12-01,Hardeman,TANF State Program,0,0,0,0,0.0,0.0,0.0
2024-12-01,Hardin,TANF State Program,0,0,0,0,0.0,0.0,0.0
2024-12-01,Harris,TANF State Program,23,93,59,34,9613.69,415.56,103.83
2024-12-01,Harrison,TANF State Program,0,0,0,0,0.0,0.0,0.0
2024-12-01,Hartley,TANF State Program,0,0,0,0,0.0,0.0,0.0
2024-12-01,Haskell,TANF State Program,0,0,0,0,0.0,0.0,0.0
2024-12-01,Hays,TANF State Program,3,13,7,7,1470.88,445.06,111.2
2024-12-01,Hemphill,TANF State Program,0,0,0,0,0.0,0.0,0.0
2024-12-01,Henderson,TANF State Program,0,0,0,0,0.0,0.0,0.0
2024-12-01,Hidalgo,TANF State Program,23,88,48,41,8561.4,370.07,97.08
2024-12-01,Hill,TANF State Program,0,0,0,0,0.0,0.0,0.0
2024-12-01,Hockley,TANF State Program,0,0,0,0,0.0,0.0,0.0
2024-12-01,Hood,TANF State Program,0,0,0,0,0.0,0.0,0.0
2024-12-01,Hopkins,TANF State Program,0,0,0,0,0.0,0.0,0.0
2024-12-01,Houston,TANF State Program,0,0,0,0,0.0,0.0,0.0
2024-12-01,Howard,TANF State Program,0,0,0,0,0.0,0.0,0.0
2024-12-01,Hudspeth,TANF State Program,0,0,0,0,0.0,0.0,0.0
2024-12-01,Hunt,TANF State Program,1,4,2,2,482.17,437.69,109.35
2024-12-01,Hutchinson,TANF State Program,1,2,1,1,339.11,307.82,153.82
2024-12-01,Irion,TANF State Program,0,0,0,0,0.0,0.0,0.0
2024-12-01,Jack,TANF State Program,0,0,0,0,0.0,0.0,0.0
2024-12-01,Jackson,TANF State Program,0,0,0,0,0.0,0.0,0.0
2024-12-01,Jasper,TANF State Program,0,0,0,0,0.0,0.0,0.0
2024-12-01,Jeff Davis,TANF State Program,0,0,0,0,0.0,0.0,0.0
2024-12-01,Jefferson,TANF State Program,6,22,14,8,2123.66,385.55,96.33
2024-12-01,Jim Hogg,TANF State Program,0,0,0,0,0.0,0.0,0.0
2024-12-01,Jim Wells,TANF State Program,0,0,0,0,0.0,0.0,0.0
2024-12-01,Johnson,TANF State Program,0,0,0,0,0.0,0.0,0.0
2024-12-01,Jones,TANF State Program,1,3,1,2,90.08,81.77,27.24
2024-12-01,Karnes,TANF State Program,0,0,0,0,0.0,0.0,0.0
2024-12-01,Kaufman,TANF State Program,1,6,4,1,523.5,475.2,94.98
2024-12-01,Kendall,TANF State Program,0,0,0,0,0.0,0.0,0.0
2024-12-01,Kenedy,TANF State Program,0,0,0,0,0.0,0.0,0.0
2024-12-01,Kent,TANF State Program,0,0,0,0,0.0,0.0,0.0
2024-12-01,Kerr,TANF State Program,0,0,0,0,0.0,0.0,0.0
2024-12-01,Kimble,TANF State Program,0,0,0,0,0.0,0.0,0.0
2024-12-01,King,TANF State Program,0,0,0,0,0.0,0.0,0.0
2024-12-01,Kinney,TANF State Program,0,0,0,0,0.0,0.0,0.0
2024-12-01,Kleberg,TANF State Program,1,3,2,1,392.09,355.92,118.57
2024-12-01,Knox,TANF State Program,0,0,0,0,0.0,0.0,0.0
2024-12-01,La Salle,TANF State Program,1,7,4,2,471.57,428.07,71.3
2024-12-01,Lamar,TANF State Program,0,0,0,0,0.0,0.0,0.0
2024-12-01,Lamb,TANF State Program,1,7,4,2,612.51,556.0,92.61
2024-12-01,Lampasas,TANF State Program,0,0,0,0,0.0,0.0,0.0
2024-12-01,Lavaca,TANF State Program,0,0,0,0,0.0,0.0,0.0
2024-12-01,Lee,TANF State Program,0,0,0,0,0.0,0.0,0.0
2024-12-01,Leon,TANF State Program,0,0,0,0,0.0,0.0,0.0
2024-12-01,Liberty,TANF State Program,0,0,0,0,0.0,0.0,0.0
2024-12-01,Limestone,TANF State Program,0,0,0,0,0.0,0.0,0.0
2024-12-01,Lipscomb,TANF State Program,0,0,0,0,0.0,0.0,0.0
2024-12-01,Live Oak,TANF State Program,0,0,0,0,0.0,0.0,0.0
2024-12-01,Llano,TANF State Program,0,0,0,0,0.0,0.0,0.0
2024-12-01,Loving,TANF State Program,0,0,0,0,0.0,0.0,0.0
2024-12-01,Lubbock,TANF State Program,2,8,3,4,732.26,332.35,94.9
2024-12-01,Lynn,TANF State Program,0,0,0,0,0.0,0.0,0.0
2024-12-01,Madison,TANF State Program,0,0,0,0,0.0,0.0,0.0
2024-12-01,Marion,TANF State Program,1,4,2,2,482.17,437.69,109.35
2024-12-01,Martin,TANF State Program,0,0,0,0,0.0,0.0,0.0
2024-12-01,Mason,TANF State Program,0,0,0,0,0.0,0.0,0.0
2024-12-01,Matagorda,TANF State Program,0,0,0,0,0.0,0.0,0.0
2024-12-01,Maverick,TANF State Program,0,0,0,0,0.0,0.0,0.0
2024-12-01,Mcculloch,TANF State Program,0,0,0,0,0.0,0.0,0.0
2024-12-01,Mclennan,TANF State Program,3,18,11,7,1707.19,516.57,96.8
2024-12-01,Mcmullen,TANF State Program,0,0,0,0,0.0,0.0,0.0
2024-12-01,Medina,TANF State Program,1,6,3,2,559.53,507.91,101.52
2024-12-01,Menard,TANF State Program,0,0,0,0,0.0,0.0,0.0
2024-12-01,Midland,TANF State Program,4,20,11,9,2081.27,472.32,104.89
2024-12-01,Milam,TANF State Program,0,0,0,0,0.0,0.0,0.0
2024-12-01,Mills,TANF State Program,0,0,0,0,0.0,0.0,0.0
2024-12-01,Mitchell,TANF State Program,0,0,0,0,0.0,0.0,0.0
2024-12-01,Montague,TANF State Program,0,0,0,0,0.0,0.0,0.0
2024-12-01,Montgomery,TANF State Program,3,12,9,3,1221.85,369.71,100.77
2024-12-01,Moore,TANF State Program,2,7,2,4,630.53,286.18,95.33
2024-12-01,Morris,TANF State Program,0,0,0,0,0.0,0.0,0.0
2024-12-01,Motley,TANF State Program,0,0,0,0,0.0,0.0,0.0
2024-12-01,Nacogdoches,TANF State Program,0,0,0,0,0.0,0.0,0.0
2024-12-01,Navarro,TANF State Program,0,0,0,0,0.0,0.0,0.0
2024-12-01,Newton,TANF State Program,1,2,0,2,259.63,235.68,117.76
2024-12-01,Nolan,TANF State Program,0,0,0,0,0.0,0.0,0.0
2024-12-01,Nueces,TANF State Program,8,26,14,12,3102.83,402.37,117.28
2024-12-01,Ochiltree,TANF State Program,0,0,0,0,0.0,0.0,0.0
2024-12-01,Oldham,TANF State Program,0,0,0,0,0.0,0.0,0.0
2024-12-01,Orange,TANF State Program,1,4,3,1,188.63,171.23,42.78
2024-12-01,Palo Pinto,TANF State Program,0,0,0,0,0.0,0.0,0.0
2024-12-01,Panola,TANF State Program,0,0,0,0,0.0,0.0,0.0
2024-12-01,Parker,TANF State Program,1,6,3,2,559.53,507.91,101.52
2024-12-01,Parmer,TANF State Program,0,0,0,0,0.0,0.0,0.0
2024-12-01,Pecos,TANF State Program,0,0,0,0,0.0,0.0,0.0
2024-12-01,Polk,TANF State Program,2,7,3,3,821.28,372.75,124.17
2024-12-01,Potter,TANF State Program,4,18,9,9,1478.3,335.48,83.82
2024-12-01,Presidio,TANF State Program,0,0,0,0,0.0,0.0,0.0
2024-12-01,Rains,TANF State Program,0,0,0,0,0.0,0.0,0.0
2024-12-01,Randall,TANF State Program,2,6,1,4,688.81,312.63,124.97
2024-12-01,Reagan,TANF State Program,0,0,0,0,0.0,0.0,0.0
2024-12-01,Real,TANF State Program,0,0,0,0,0.0,0.0,0.0
2024-12-01,Red River,TANF State Program,1,4,2,2,482.17,437.69,109.35
2024-12-01,Reeves,TANF State Program,0,0,0,0,0.0,0.0,0.0
2024-12-01,Refugio,TANF State Program,0,0,0,0,0.0,0.0,0.0
2024-12-01,Roberts,TANF State Program,0,0,0,0,0.0,0.0,0.0
2024-12-01,Robertson,TANF State Program,0,0,0,0,0.0,0.0,0.0
2024-12-01,Rockwall,TANF State Program,1,3,1,2,429.18,389.59,129.78
2024-12-01,Runnels,TANF State Program,0,0,0,0,0.0,0.0,0.0
2024-12-01,Rusk,TANF State Program,2,7,2,4,858.37,389.59,129.78
2024-12-01,Sabine,TANF State Program,0,0,0,0,0.0,0.0,0.0
2024-12-01,San Jacinto,TANF State Program,0,0,0,0,0.0,0.0,0.0
2024-12-01,San Juneine,TANF State Program,0,0,0,0,0.0,0.0,0.0
2024-12-01,San Patricio,TANF State Program,1,3,2,1,392.09,355.92,118.57
2024-12-01,San Saba,TANF State Program,0,0,0,0,0.0,0.0,0.0
2024-12-01,Schleicher,TANF State Program,0,0,0,0,0.0,0.0,0.0
2024-12-01,Scurry,TANF State Program,0,0,0,0,0.0,0.0,0.0
2024-12-01,Shackelford,TANF State Program,0,0,0,0,0.0,0.0,0.0
2024-12-01,Shelby,TANF State Program,0,0,0,0,0.0,0.0,0.0
2024-12-01,Sherman,TANF State Program,0,0,0,0,0.0,0.0,0.0
2024-12-01,Smith,TANF State Program,2,9,6,3,951.62,431.91,107.91
2024-12-01,Somervell,TANF State Program,0,0,0,0,0.0,0.0,0.0
2024-12-01,Starr,TANF State Program,1,4,2,2,303.08,275.12,68.74
2024-12-01,Stephens,TANF State Program,0,0,0,0,0.0,0.0,0.0
2024-12-01,Sterling,TANF State Program,0,0,0,0,0.0,0.0,0.0
2024-12-01,Stonewall,TANF State Program,0,0,0,0,0.0,0.0,0.0
2024-12-01,Sutton,TANF State Program,0,0,0,0,0.0,0.0,0.0
2024-12-01,Swisher,TANF State Program,0,0,0,0,0.0,0.0,0.0
2024-12-01,Tarrant,TANF State Program,24,85,43,42,8899.45,367.2,104.85
2024-12-01,Taylor,TANF State Program,3,14,8,7,1303.44,394.4,90.96
2024-12-01,Terrell,TANF State Program,0,0,0,0,0.0,0.0,0.0
2024-12-01,Terry,TANF State Program,0,0,0,0,0.0,0.0,0.0
2024-12-01,Throckmorton,TANF State Program,0,0,0,0,0.0,0.0,0.0
2024-12-01,Titus,TANF State Program,0,0,0,0,0.0,0.0,0.0
2024-12-01,Tom Green,TANF State Program,1,8,6,2,687.75,624.3,89.13
2024-12-01,Travis,TANF State Program,24,86,39,47,9323.33,384.69,108.43
2024-12-01,Trinity,TANF State Program,0,0,0,0,0.0,0.0,0.0
2024-12-01,Tyler,TANF State Program,0,0,0,0,0.0,0.0,0.0
2024-12-01,Upshur,TANF State Program,0,0,0,0,0.0,0.0,0.0
2024-12-01,Upton,TANF State Program,0,0,0,0,0.0,0.0,0.0
2024-12-01,Uvalde,TANF State Program,0,0,0,0,0.0,0.0,0.0
2024-12-01,Val Verde,TANF State Program,0,0,0,0,0.0,0.0,0.0
2024-12-01,Van Zandt,TANF State Program,0,0,0,0,0.0,0.0,0.0
2024-12-01,Victoria,TANF State Program,2,11,8,3,1084.08,492.04,98.35
2024-12-01,Walker,TANF State Program,1,2,0,2,259.63,235.68,117.76
2024-12-01,Waller,TANF State Program,0,0,0,0,0.0,0.0,0.0
2024-12-01,Ward,TANF State Program,0,0,0,0,0.0,0.0,0.0
2024-12-01,Washington,TANF State Program,0,0,0,0,0.0,0.0,0.0
2024-12-01,Webb,TANF State Program,1,3,1,2,429.18,389.59,129.78
2024-12-01,Wharton,TANF State Program,0,0,0,0,0.0,0.0,0.0
2024-12-01,Wheeler,TANF State Program,0,0,0,0,0.0,0.0,0.0
2024-12-01,Wichita,TANF State Program,3,15,10,5,1287.55,389.59,83.43
2024-12-01,Wilbarger,TANF State Program,1,3,1,2,429.18,389.59,129.78
2024-12-01,Willacy,TANF State Program,0,0,0,0,0.0,0.0,0.0
2024-12-01,Williamson,TANF State Program,10,39,20,19,4215.53,425.18,109.26
2024-12-01,Wilson,TANF State Program,0,0,0,0,0.0,0.0,0.0
2024-12-01,Winkler,TANF State Program,0,0,0,0,0.0,0.0,0.0
2024-12-01,Wise,TANF State Program,1,7,4,2,612.51,556.0,92.61
2024-12-01,Wood,TANF State Program,0,0,0,0,0.0,0.0,0.0
2024-12-01,Yoakum,TANF State Program,0,0,0,0,0.0,0.0,0.0
2024-12-01,Young,TANF State Program,1,4,2,2,482.17,437.69,109.35
2024-12-01,Zapata,TANF State Program,0,0,0,0,0.0,0.0,0.0
2024-12-01,Zavala,TANF State Program,0,0,0,0,0.0,0.0,0.0
